#chrom	chromStart	chromEnd	name	score	strand	thickStart	thickEnd	reserved	blockCount	blockSizes	chromStarts	name2	cdsStartStat	cdsEndStat	exonFrames	txId	type	geneName	geneType	sourceGene	sourceTranscript	alignmentId	alternativeSourceTranscripts	Paralogy	UnfilteredParalogy	collapsedGeneIds	collapsedGeneNames	frameshift	exonAnnotationSupport	intronAnnotationSupport	transcriptClass	transcriptModes	validStart	validStop	properOrf	extra_paralog
chr13	5774302	5787683	RNA45S1-1	0	+	5787683	5787683	85,212,76	1	13381	0	RNA45S1	none	none	-1	LOFF_T0010000	rRNA	LOFF_G0010000	rRNA	LOFF_G0010000	rRNA_T1	N/A	N/A	N/A	N/A	N/A	N/A	N/A	N/A	N/A	ortholog	Liftoff	N/A	N/A	N/A	False
chr13	5777957	5779826	RNA18S1-1	0	+	5779826	5779826	85,212,76	1	1869	0	RNA18S1	none	none	-1	LOFF_T0010001	rRNA	LOFF_G0010001	rRNA	LOFF_G0010001	rRNA_T2	N/A	N/A	N/A	N/A	N/A	N/A	N/A	N/A	N/A	ortholog	Liftoff	N/A	N/A	N/A	False
chr13	5780908	5781065	RNA5-8S1-1	0	+	5781065	5781065	85,212,76	1	157	0	RNA5-8S1	none	none	-1	LOFF_T0010002	rRNA	LOFF_G0010002	rRNA	LOFF_G0010002	rRNA_T3	N/A	N/A	N/A	N/A	N/A	N/A	N/A	N/A	N/A	ortholog	Liftoff	N/A	N/A	N/A	False
chr13	5782233	5787319	RNA28S1-1	0	+	5787319	5787319	85,212,76	1	5086	0	RNA28S1	none	none	-1	LOFF_T0010003	rRNA	LOFF_G0010003	rRNA	LOFF_G0010003	rRNA_T4	N/A	N/A	N/A	N/A	N/A	N/A	N/A	N/A	N/A	ortholog	Liftoff	N/A	N/A	N/A	False
chr13	5821272	5834653	RNA45S1-1	0	+	5834653	5834653	85,212,76	1	13381	0	RNA45S1	none	none	-1	LOFF_T0010004	rRNA	LOFF_G0010004	rRNA	LOFF_G0010004	rRNA_T5	N/A	N/A	N/A	N/A	N/A	N/A	N/A	N/A	N/A	ortholog	Liftoff	N/A	N/A	N/A	False
chr13	5824927	5826796	RNA18S1-1	0	+	5826796	5826796	85,212,76	1	1869	0	RNA18S1	none	none	-1	LOFF_T0010005	rRNA	LOFF_G0010005	rRNA	LOFF_G0010005	rRNA_T6	N/A	N/A	N/A	N/A	N/A	N/A	N/A	N/A	N/A	ortholog	Liftoff	N/A	N/A	N/A	False
chr13	5827878	5828035	RNA5-8S1-1	0	+	5828035	5828035	85,212,76	1	157	0	RNA5-8S1	none	none	-1	LOFF_T0010006	rRNA	LOFF_G0010006	rRNA	LOFF_G0010006	rRNA_T7	N/A	N/A	N/A	N/A	N/A	N/A	N/A	N/A	N/A	ortholog	Liftoff	N/A	N/A	N/A	False
chr13	5829203	5834289	RNA28S1-1	0	+	5834289	5834289	85,212,76	1	5086	0	RNA28S1	none	none	-1	LOFF_T0010007	rRNA	LOFF_G0010007	rRNA	LOFF_G0010007	rRNA_T8	N/A	N/A	N/A	N/A	N/A	N/A	N/A	N/A	N/A	ortholog	Liftoff	N/A	N/A	N/A	False
chr13	5868242	5881623	RNA45S1-1	0	+	5881623	5881623	85,212,76	1	13381	0	RNA45S1	none	none	-1	LOFF_T0010008	rRNA	LOFF_G0010008	rRNA	LOFF_G0010008	rRNA_T9	N/A	N/A	N/A	N/A	N/A	N/A	N/A	N/A	N/A	ortholog	Liftoff	N/A	N/A	N/A	False
chr13	5871897	5873766	RNA18S1-1	0	+	5873766	5873766	85,212,76	1	1869	0	RNA18S1	none	none	-1	LOFF_T0010009	rRNA	LOFF_G0010009	rRNA	LOFF_G0010009	rRNA_T10	N/A	N/A	N/A	N/A	N/A	N/A	N/A	N/A	N/A	ortholog	Liftoff	N/A	N/A	N/A	False
chr13	5874848	5875005	RNA5-8S1-1	0	+	5875005	5875005	85,212,76	1	157	0	RNA5-8S1	none	none	-1	LOFF_T0010010	rRNA	LOFF_G0010010	rRNA	LOFF_G0010010	rRNA_T11	N/A	N/A	N/A	N/A	N/A	N/A	N/A	N/A	N/A	ortholog	Liftoff	N/A	N/A	N/A	False
chr13	5876173	5881259	RNA28S1-1	0	+	5881259	5881259	85,212,76	1	5086	0	RNA28S1	none	none	-1	LOFF_T0010011	rRNA	LOFF_G0010011	rRNA	LOFF_G0010011	rRNA_T12	N/A	N/A	N/A	N/A	N/A	N/A	N/A	N/A	N/A	ortholog	Liftoff	N/A	N/A	N/A	False
chr13	5915212	5928593	RNA45S1-1	0	+	5928593	5928593	85,212,76	1	13381	0	RNA45S1	none	none	-1	LOFF_T0010012	rRNA	LOFF_G0010012	rRNA	LOFF_G0010012	rRNA_T13	N/A	N/A	N/A	N/A	N/A	N/A	N/A	N/A	N/A	ortholog	Liftoff	N/A	N/A	N/A	False
chr13	5918867	5920736	RNA18S1-1	0	+	5920736	5920736	85,212,76	1	1869	0	RNA18S1	none	none	-1	LOFF_T0010013	rRNA	LOFF_G0010013	rRNA	LOFF_G0010013	rRNA_T14	N/A	N/A	N/A	N/A	N/A	N/A	N/A	N/A	N/A	ortholog	Liftoff	N/A	N/A	N/A	False
chr13	5921818	5921975	RNA5-8S1-1	0	+	5921975	5921975	85,212,76	1	157	0	RNA5-8S1	none	none	-1	LOFF_T0010014	rRNA	LOFF_G0010014	rRNA	LOFF_G0010014	rRNA_T15	N/A	N/A	N/A	N/A	N/A	N/A	N/A	N/A	N/A	ortholog	Liftoff	N/A	N/A	N/A	False
chr13	5923143	5928229	RNA28S1-1	0	+	5928229	5928229	85,212,76	1	5086	0	RNA28S1	none	none	-1	LOFF_T0010015	rRNA	LOFF_G0010015	rRNA	LOFF_G0010015	rRNA_T16	N/A	N/A	N/A	N/A	N/A	N/A	N/A	N/A	N/A	ortholog	Liftoff	N/A	N/A	N/A	False
chr13	5962182	5975563	RNA45S1-1	0	+	5975563	5975563	85,212,76	1	13381	0	RNA45S1	none	none	-1	LOFF_T0010016	rRNA	LOFF_G0010016	rRNA	LOFF_G0010016	rRNA_T17	N/A	N/A	N/A	N/A	N/A	N/A	N/A	N/A	N/A	ortholog	Liftoff	N/A	N/A	N/A	False
chr13	5965837	5967706	RNA18S1-1	0	+	5967706	5967706	85,212,76	1	1869	0	RNA18S1	none	none	-1	LOFF_T0010017	rRNA	LOFF_G0010017	rRNA	LOFF_G0010017	rRNA_T18	N/A	N/A	N/A	N/A	N/A	N/A	N/A	N/A	N/A	ortholog	Liftoff	N/A	N/A	N/A	False
chr13	5968788	5968945	RNA5-8S1-1	0	+	5968945	5968945	85,212,76	1	157	0	RNA5-8S1	none	none	-1	LOFF_T0010018	rRNA	LOFF_G0010018	rRNA	LOFF_G0010018	rRNA_T19	N/A	N/A	N/A	N/A	N/A	N/A	N/A	N/A	N/A	ortholog	Liftoff	N/A	N/A	N/A	False
chr13	5970113	5975199	RNA28S1-1	0	+	5975199	5975199	85,212,76	1	5086	0	RNA28S1	none	none	-1	LOFF_T0010019	rRNA	LOFF_G0010019	rRNA	LOFF_G0010019	rRNA_T20	N/A	N/A	N/A	N/A	N/A	N/A	N/A	N/A	N/A	ortholog	Liftoff	N/A	N/A	N/A	False
chr13	6009152	6022533	RNA45S1-1	0	+	6022533	6022533	85,212,76	1	13381	0	RNA45S1	none	none	-1	LOFF_T0010020	rRNA	LOFF_G0010020	rRNA	LOFF_G0010020	rRNA_T21	N/A	N/A	N/A	N/A	N/A	N/A	N/A	N/A	N/A	ortholog	Liftoff	N/A	N/A	N/A	False
chr13	6012807	6014676	RNA18S1-1	0	+	6014676	6014676	85,212,76	1	1869	0	RNA18S1	none	none	-1	LOFF_T0010021	rRNA	LOFF_G0010021	rRNA	LOFF_G0010021	rRNA_T22	N/A	N/A	N/A	N/A	N/A	N/A	N/A	N/A	N/A	ortholog	Liftoff	N/A	N/A	N/A	False
chr13	6015758	6015915	RNA5-8S1-1	0	+	6015915	6015915	85,212,76	1	157	0	RNA5-8S1	none	none	-1	LOFF_T0010022	rRNA	LOFF_G0010022	rRNA	LOFF_G0010022	rRNA_T23	N/A	N/A	N/A	N/A	N/A	N/A	N/A	N/A	N/A	ortholog	Liftoff	N/A	N/A	N/A	False
chr13	6017083	6022169	RNA28S1-1	0	+	6022169	6022169	85,212,76	1	5086	0	RNA28S1	none	none	-1	LOFF_T0010023	rRNA	LOFF_G0010023	rRNA	LOFF_G0010023	rRNA_T24	N/A	N/A	N/A	N/A	N/A	N/A	N/A	N/A	N/A	ortholog	Liftoff	N/A	N/A	N/A	False
chr13	6056122	6069503	RNA45S1-1	0	+	6069503	6069503	85,212,76	1	13381	0	RNA45S1	none	none	-1	LOFF_T0010024	rRNA	LOFF_G0010024	rRNA	LOFF_G0010024	rRNA_T25	N/A	N/A	N/A	N/A	N/A	N/A	N/A	N/A	N/A	ortholog	Liftoff	N/A	N/A	N/A	False
chr13	6059777	6061646	RNA18S1-1	0	+	6061646	6061646	85,212,76	1	1869	0	RNA18S1	none	none	-1	LOFF_T0010025	rRNA	LOFF_G0010025	rRNA	LOFF_G0010025	rRNA_T26	N/A	N/A	N/A	N/A	N/A	N/A	N/A	N/A	N/A	ortholog	Liftoff	N/A	N/A	N/A	False
chr13	6062728	6062885	RNA5-8S1-1	0	+	6062885	6062885	85,212,76	1	157	0	RNA5-8S1	none	none	-1	LOFF_T0010026	rRNA	LOFF_G0010026	rRNA	LOFF_G0010026	rRNA_T27	N/A	N/A	N/A	N/A	N/A	N/A	N/A	N/A	N/A	ortholog	Liftoff	N/A	N/A	N/A	False
chr13	6064053	6069139	RNA28S1-1	0	+	6069139	6069139	85,212,76	1	5086	0	RNA28S1	none	none	-1	LOFF_T0010027	rRNA	LOFF_G0010027	rRNA	LOFF_G0010027	rRNA_T28	N/A	N/A	N/A	N/A	N/A	N/A	N/A	N/A	N/A	ortholog	Liftoff	N/A	N/A	N/A	False
chr13	6103092	6116473	RNA45S1-1	0	+	6116473	6116473	85,212,76	1	13381	0	RNA45S1	none	none	-1	LOFF_T0010028	rRNA	LOFF_G0010028	rRNA	LOFF_G0010028	rRNA_T29	N/A	N/A	N/A	N/A	N/A	N/A	N/A	N/A	N/A	ortholog	Liftoff	N/A	N/A	N/A	False
chr13	6106747	6108616	RNA18S1-1	0	+	6108616	6108616	85,212,76	1	1869	0	RNA18S1	none	none	-1	LOFF_T0010029	rRNA	LOFF_G0010029	rRNA	LOFF_G0010029	rRNA_T30	N/A	N/A	N/A	N/A	N/A	N/A	N/A	N/A	N/A	ortholog	Liftoff	N/A	N/A	N/A	False
chr13	6109698	6109855	RNA5-8S1-1	0	+	6109855	6109855	85,212,76	1	157	0	RNA5-8S1	none	none	-1	LOFF_T0010030	rRNA	LOFF_G0010030	rRNA	LOFF_G0010030	rRNA_T31	N/A	N/A	N/A	N/A	N/A	N/A	N/A	N/A	N/A	ortholog	Liftoff	N/A	N/A	N/A	False
chr13	6111023	6116109	RNA28S1-1	0	+	6116109	6116109	85,212,76	1	5086	0	RNA28S1	none	none	-1	LOFF_T0010031	rRNA	LOFF_G0010031	rRNA	LOFF_G0010031	rRNA_T32	N/A	N/A	N/A	N/A	N/A	N/A	N/A	N/A	N/A	ortholog	Liftoff	N/A	N/A	N/A	False
chr13	6150062	6163443	RNA45S1-1	0	+	6163443	6163443	85,212,76	1	13381	0	RNA45S1	none	none	-1	LOFF_T0010032	rRNA	LOFF_G0010032	rRNA	LOFF_G0010032	rRNA_T33	N/A	N/A	N/A	N/A	N/A	N/A	N/A	N/A	N/A	ortholog	Liftoff	N/A	N/A	N/A	False
chr13	6153717	6155586	RNA18S1-1	0	+	6155586	6155586	85,212,76	1	1869	0	RNA18S1	none	none	-1	LOFF_T0010033	rRNA	LOFF_G0010033	rRNA	LOFF_G0010033	rRNA_T34	N/A	N/A	N/A	N/A	N/A	N/A	N/A	N/A	N/A	ortholog	Liftoff	N/A	N/A	N/A	False
chr13	6156668	6156825	RNA5-8S1-1	0	+	6156825	6156825	85,212,76	1	157	0	RNA5-8S1	none	none	-1	LOFF_T0010034	rRNA	LOFF_G0010034	rRNA	LOFF_G0010034	rRNA_T35	N/A	N/A	N/A	N/A	N/A	N/A	N/A	N/A	N/A	ortholog	Liftoff	N/A	N/A	N/A	False
chr13	6157993	6163079	RNA28S1-1	0	+	6163079	6163079	85,212,76	1	5086	0	RNA28S1	none	none	-1	LOFF_T0010035	rRNA	LOFF_G0010035	rRNA	LOFF_G0010035	rRNA_T36	N/A	N/A	N/A	N/A	N/A	N/A	N/A	N/A	N/A	ortholog	Liftoff	N/A	N/A	N/A	False
chr13	6197032	6210413	RNA45S1-1	0	+	6210413	6210413	85,212,76	1	13381	0	RNA45S1	none	none	-1	LOFF_T0010036	rRNA	LOFF_G0010036	rRNA	LOFF_G0010036	rRNA_T37	N/A	N/A	N/A	N/A	N/A	N/A	N/A	N/A	N/A	ortholog	Liftoff	N/A	N/A	N/A	False
chr13	6200687	6202556	RNA18S1-1	0	+	6202556	6202556	85,212,76	1	1869	0	RNA18S1	none	none	-1	LOFF_T0010037	rRNA	LOFF_G0010037	rRNA	LOFF_G0010037	rRNA_T38	N/A	N/A	N/A	N/A	N/A	N/A	N/A	N/A	N/A	ortholog	Liftoff	N/A	N/A	N/A	False
chr13	6203638	6203795	RNA5-8S1-1	0	+	6203795	6203795	85,212,76	1	157	0	RNA5-8S1	none	none	-1	LOFF_T0010038	rRNA	LOFF_G0010038	rRNA	LOFF_G0010038	rRNA_T39	N/A	N/A	N/A	N/A	N/A	N/A	N/A	N/A	N/A	ortholog	Liftoff	N/A	N/A	N/A	False
chr13	6204963	6210049	RNA28S1-1	0	+	6210049	6210049	85,212,76	1	5086	0	RNA28S1	none	none	-1	LOFF_T0010039	rRNA	LOFF_G0010039	rRNA	LOFF_G0010039	rRNA_T40	N/A	N/A	N/A	N/A	N/A	N/A	N/A	N/A	N/A	ortholog	Liftoff	N/A	N/A	N/A	False
chr13	6244002	6257383	RNA45S1-1	0	+	6257383	6257383	85,212,76	1	13381	0	RNA45S1	none	none	-1	LOFF_T0010040	rRNA	LOFF_G0010040	rRNA	LOFF_G0010040	rRNA_T41	N/A	N/A	N/A	N/A	N/A	N/A	N/A	N/A	N/A	ortholog	Liftoff	N/A	N/A	N/A	False
chr13	6247657	6249526	RNA18S1-1	0	+	6249526	6249526	85,212,76	1	1869	0	RNA18S1	none	none	-1	LOFF_T0010041	rRNA	LOFF_G0010041	rRNA	LOFF_G0010041	rRNA_T42	N/A	N/A	N/A	N/A	N/A	N/A	N/A	N/A	N/A	ortholog	Liftoff	N/A	N/A	N/A	False
chr13	6250608	6250765	RNA5-8S1-1	0	+	6250765	6250765	85,212,76	1	157	0	RNA5-8S1	none	none	-1	LOFF_T0010042	rRNA	LOFF_G0010042	rRNA	LOFF_G0010042	rRNA_T43	N/A	N/A	N/A	N/A	N/A	N/A	N/A	N/A	N/A	ortholog	Liftoff	N/A	N/A	N/A	False
chr13	6251933	6257019	RNA28S1-1	0	+	6257019	6257019	85,212,76	1	5086	0	RNA28S1	none	none	-1	LOFF_T0010043	rRNA	LOFF_G0010043	rRNA	LOFF_G0010043	rRNA_T44	N/A	N/A	N/A	N/A	N/A	N/A	N/A	N/A	N/A	ortholog	Liftoff	N/A	N/A	N/A	False
chr13	6290972	6304353	RNA45S1-1	0	+	6304353	6304353	85,212,76	1	13381	0	RNA45S1	none	none	-1	LOFF_T0010044	rRNA	LOFF_G0010044	rRNA	LOFF_G0010044	rRNA_T45	N/A	N/A	N/A	N/A	N/A	N/A	N/A	N/A	N/A	ortholog	Liftoff	N/A	N/A	N/A	False
chr13	6294627	6296496	RNA18S1-1	0	+	6296496	6296496	85,212,76	1	1869	0	RNA18S1	none	none	-1	LOFF_T0010045	rRNA	LOFF_G0010045	rRNA	LOFF_G0010045	rRNA_T46	N/A	N/A	N/A	N/A	N/A	N/A	N/A	N/A	N/A	ortholog	Liftoff	N/A	N/A	N/A	False
chr13	6297578	6297735	RNA5-8S1-1	0	+	6297735	6297735	85,212,76	1	157	0	RNA5-8S1	none	none	-1	LOFF_T0010046	rRNA	LOFF_G0010046	rRNA	LOFF_G0010046	rRNA_T47	N/A	N/A	N/A	N/A	N/A	N/A	N/A	N/A	N/A	ortholog	Liftoff	N/A	N/A	N/A	False
chr13	6298903	6303989	RNA28S1-1	0	+	6303989	6303989	85,212,76	1	5086	0	RNA28S1	none	none	-1	LOFF_T0010047	rRNA	LOFF_G0010047	rRNA	LOFF_G0010047	rRNA_T48	N/A	N/A	N/A	N/A	N/A	N/A	N/A	N/A	N/A	ortholog	Liftoff	N/A	N/A	N/A	False
chr13	6337942	6351323	RNA45S1-1	0	+	6351323	6351323	85,212,76	1	13381	0	RNA45S1	none	none	-1	LOFF_T0010048	rRNA	LOFF_G0010048	rRNA	LOFF_G0010048	rRNA_T49	N/A	N/A	N/A	N/A	N/A	N/A	N/A	N/A	N/A	ortholog	Liftoff	N/A	N/A	N/A	False
chr13	6341597	6343466	RNA18S1-1	0	+	6343466	6343466	85,212,76	1	1869	0	RNA18S1	none	none	-1	LOFF_T0010049	rRNA	LOFF_G0010049	rRNA	LOFF_G0010049	rRNA_T50	N/A	N/A	N/A	N/A	N/A	N/A	N/A	N/A	N/A	ortholog	Liftoff	N/A	N/A	N/A	False
chr13	6344548	6344705	RNA5-8S1-1	0	+	6344705	6344705	85,212,76	1	157	0	RNA5-8S1	none	none	-1	LOFF_T0010050	rRNA	LOFF_G0010050	rRNA	LOFF_G0010050	rRNA_T51	N/A	N/A	N/A	N/A	N/A	N/A	N/A	N/A	N/A	ortholog	Liftoff	N/A	N/A	N/A	False
chr13	6345873	6350959	RNA28S1-1	0	+	6350959	6350959	85,212,76	1	5086	0	RNA28S1	none	none	-1	LOFF_T0010051	rRNA	LOFF_G0010051	rRNA	LOFF_G0010051	rRNA_T52	N/A	N/A	N/A	N/A	N/A	N/A	N/A	N/A	N/A	ortholog	Liftoff	N/A	N/A	N/A	False
chr13	6384912	6398293	RNA45S1-1	0	+	6398293	6398293	85,212,76	1	13381	0	RNA45S1	none	none	-1	LOFF_T0010052	rRNA	LOFF_G0010052	rRNA	LOFF_G0010052	rRNA_T53	N/A	N/A	N/A	N/A	N/A	N/A	N/A	N/A	N/A	ortholog	Liftoff	N/A	N/A	N/A	False
chr13	6388567	6390436	RNA18S1-1	0	+	6390436	6390436	85,212,76	1	1869	0	RNA18S1	none	none	-1	LOFF_T0010053	rRNA	LOFF_G0010053	rRNA	LOFF_G0010053	rRNA_T54	N/A	N/A	N/A	N/A	N/A	N/A	N/A	N/A	N/A	ortholog	Liftoff	N/A	N/A	N/A	False
chr13	6391518	6391675	RNA5-8S1-1	0	+	6391675	6391675	85,212,76	1	157	0	RNA5-8S1	none	none	-1	LOFF_T0010054	rRNA	LOFF_G0010054	rRNA	LOFF_G0010054	rRNA_T55	N/A	N/A	N/A	N/A	N/A	N/A	N/A	N/A	N/A	ortholog	Liftoff	N/A	N/A	N/A	False
chr13	6392843	6397929	RNA28S1-1	0	+	6397929	6397929	85,212,76	1	5086	0	RNA28S1	none	none	-1	LOFF_T0010055	rRNA	LOFF_G0010055	rRNA	LOFF_G0010055	rRNA_T56	N/A	N/A	N/A	N/A	N/A	N/A	N/A	N/A	N/A	ortholog	Liftoff	N/A	N/A	N/A	False
chr13	6431882	6445263	RNA45S1-1	0	+	6445263	6445263	85,212,76	1	13381	0	RNA45S1	none	none	-1	LOFF_T0010056	rRNA	LOFF_G0010056	rRNA	LOFF_G0010056	rRNA_T57	N/A	N/A	N/A	N/A	N/A	N/A	N/A	N/A	N/A	ortholog	Liftoff	N/A	N/A	N/A	False
chr13	6435537	6437406	RNA18S1-1	0	+	6437406	6437406	85,212,76	1	1869	0	RNA18S1	none	none	-1	LOFF_T0010057	rRNA	LOFF_G0010057	rRNA	LOFF_G0010057	rRNA_T58	N/A	N/A	N/A	N/A	N/A	N/A	N/A	N/A	N/A	ortholog	Liftoff	N/A	N/A	N/A	False
chr13	6438488	6438645	RNA5-8S1-1	0	+	6438645	6438645	85,212,76	1	157	0	RNA5-8S1	none	none	-1	LOFF_T0010058	rRNA	LOFF_G0010058	rRNA	LOFF_G0010058	rRNA_T59	N/A	N/A	N/A	N/A	N/A	N/A	N/A	N/A	N/A	ortholog	Liftoff	N/A	N/A	N/A	False
chr13	6439813	6444899	RNA28S1-1	0	+	6444899	6444899	85,212,76	1	5086	0	RNA28S1	none	none	-1	LOFF_T0010059	rRNA	LOFF_G0010059	rRNA	LOFF_G0010059	rRNA_T60	N/A	N/A	N/A	N/A	N/A	N/A	N/A	N/A	N/A	ortholog	Liftoff	N/A	N/A	N/A	False
chr13	6478852	6492233	RNA45S1-1	0	+	6492233	6492233	85,212,76	1	13381	0	RNA45S1	none	none	-1	LOFF_T0010060	rRNA	LOFF_G0010060	rRNA	LOFF_G0010060	rRNA_T61	N/A	N/A	N/A	N/A	N/A	N/A	N/A	N/A	N/A	ortholog	Liftoff	N/A	N/A	N/A	False
chr13	6482507	6484376	RNA18S1-1	0	+	6484376	6484376	85,212,76	1	1869	0	RNA18S1	none	none	-1	LOFF_T0010061	rRNA	LOFF_G0010061	rRNA	LOFF_G0010061	rRNA_T62	N/A	N/A	N/A	N/A	N/A	N/A	N/A	N/A	N/A	ortholog	Liftoff	N/A	N/A	N/A	False
chr13	6485458	6485615	RNA5-8S1-1	0	+	6485615	6485615	85,212,76	1	157	0	RNA5-8S1	none	none	-1	LOFF_T0010062	rRNA	LOFF_G0010062	rRNA	LOFF_G0010062	rRNA_T63	N/A	N/A	N/A	N/A	N/A	N/A	N/A	N/A	N/A	ortholog	Liftoff	N/A	N/A	N/A	False
chr13	6486783	6491869	RNA28S1-1	0	+	6491869	6491869	85,212,76	1	5086	0	RNA28S1	none	none	-1	LOFF_T0010063	rRNA	LOFF_G0010063	rRNA	LOFF_G0010063	rRNA_T64	N/A	N/A	N/A	N/A	N/A	N/A	N/A	N/A	N/A	ortholog	Liftoff	N/A	N/A	N/A	False
chr13	6525822	6539203	RNA45S1-1	0	+	6539203	6539203	85,212,76	1	13381	0	RNA45S1	none	none	-1	LOFF_T0010064	rRNA	LOFF_G0010064	rRNA	LOFF_G0010064	rRNA_T65	N/A	N/A	N/A	N/A	N/A	N/A	N/A	N/A	N/A	ortholog	Liftoff	N/A	N/A	N/A	False
chr13	6529477	6531346	RNA18S1-1	0	+	6531346	6531346	85,212,76	1	1869	0	RNA18S1	none	none	-1	LOFF_T0010065	rRNA	LOFF_G0010065	rRNA	LOFF_G0010065	rRNA_T66	N/A	N/A	N/A	N/A	N/A	N/A	N/A	N/A	N/A	ortholog	Liftoff	N/A	N/A	N/A	False
chr13	6532428	6532585	RNA5-8S1-1	0	+	6532585	6532585	85,212,76	1	157	0	RNA5-8S1	none	none	-1	LOFF_T0010066	rRNA	LOFF_G0010066	rRNA	LOFF_G0010066	rRNA_T67	N/A	N/A	N/A	N/A	N/A	N/A	N/A	N/A	N/A	ortholog	Liftoff	N/A	N/A	N/A	False
chr13	6533753	6538839	RNA28S1-1	0	+	6538839	6538839	85,212,76	1	5086	0	RNA28S1	none	none	-1	LOFF_T0010067	rRNA	LOFF_G0010067	rRNA	LOFF_G0010067	rRNA_T68	N/A	N/A	N/A	N/A	N/A	N/A	N/A	N/A	N/A	ortholog	Liftoff	N/A	N/A	N/A	False
chr13	6572792	6586173	RNA45S1-1	0	+	6586173	6586173	85,212,76	1	13381	0	RNA45S1	none	none	-1	LOFF_T0010068	rRNA	LOFF_G0010068	rRNA	LOFF_G0010068	rRNA_T69	N/A	N/A	N/A	N/A	N/A	N/A	N/A	N/A	N/A	ortholog	Liftoff	N/A	N/A	N/A	False
chr13	6576447	6578316	RNA18S1-1	0	+	6578316	6578316	85,212,76	1	1869	0	RNA18S1	none	none	-1	LOFF_T0010069	rRNA	LOFF_G0010069	rRNA	LOFF_G0010069	rRNA_T70	N/A	N/A	N/A	N/A	N/A	N/A	N/A	N/A	N/A	ortholog	Liftoff	N/A	N/A	N/A	False
chr13	6579398	6579555	RNA5-8S1-1	0	+	6579555	6579555	85,212,76	1	157	0	RNA5-8S1	none	none	-1	LOFF_T0010070	rRNA	LOFF_G0010070	rRNA	LOFF_G0010070	rRNA_T71	N/A	N/A	N/A	N/A	N/A	N/A	N/A	N/A	N/A	ortholog	Liftoff	N/A	N/A	N/A	False
chr13	6580723	6585809	RNA28S1-1	0	+	6585809	6585809	85,212,76	1	5086	0	RNA28S1	none	none	-1	LOFF_T0010071	rRNA	LOFF_G0010071	rRNA	LOFF_G0010071	rRNA_T72	N/A	N/A	N/A	N/A	N/A	N/A	N/A	N/A	N/A	ortholog	Liftoff	N/A	N/A	N/A	False
chr13	6619762	6633143	RNA45S1-1	0	+	6633143	6633143	85,212,76	1	13381	0	RNA45S1	none	none	-1	LOFF_T0010072	rRNA	LOFF_G0010072	rRNA	LOFF_G0010072	rRNA_T73	N/A	N/A	N/A	N/A	N/A	N/A	N/A	N/A	N/A	ortholog	Liftoff	N/A	N/A	N/A	False
chr13	6623417	6625286	RNA18S1-1	0	+	6625286	6625286	85,212,76	1	1869	0	RNA18S1	none	none	-1	LOFF_T0010073	rRNA	LOFF_G0010073	rRNA	LOFF_G0010073	rRNA_T74	N/A	N/A	N/A	N/A	N/A	N/A	N/A	N/A	N/A	ortholog	Liftoff	N/A	N/A	N/A	False
chr13	6626368	6626525	RNA5-8S1-1	0	+	6626525	6626525	85,212,76	1	157	0	RNA5-8S1	none	none	-1	LOFF_T0010074	rRNA	LOFF_G0010074	rRNA	LOFF_G0010074	rRNA_T75	N/A	N/A	N/A	N/A	N/A	N/A	N/A	N/A	N/A	ortholog	Liftoff	N/A	N/A	N/A	False
chr13	6627693	6632779	RNA28S1-1	0	+	6632779	6632779	85,212,76	1	5086	0	RNA28S1	none	none	-1	LOFF_T0010075	rRNA	LOFF_G0010075	rRNA	LOFF_G0010075	rRNA_T76	N/A	N/A	N/A	N/A	N/A	N/A	N/A	N/A	N/A	ortholog	Liftoff	N/A	N/A	N/A	False
chr13	6666732	6680113	RNA45S1-1	0	+	6680113	6680113	85,212,76	1	13381	0	RNA45S1	none	none	-1	LOFF_T0010076	rRNA	LOFF_G0010076	rRNA	LOFF_G0010076	rRNA_T77	N/A	N/A	N/A	N/A	N/A	N/A	N/A	N/A	N/A	ortholog	Liftoff	N/A	N/A	N/A	False
chr13	6670387	6672256	RNA18S1-1	0	+	6672256	6672256	85,212,76	1	1869	0	RNA18S1	none	none	-1	LOFF_T0010077	rRNA	LOFF_G0010077	rRNA	LOFF_G0010077	rRNA_T78	N/A	N/A	N/A	N/A	N/A	N/A	N/A	N/A	N/A	ortholog	Liftoff	N/A	N/A	N/A	False
chr13	6673338	6673495	RNA5-8S1-1	0	+	6673495	6673495	85,212,76	1	157	0	RNA5-8S1	none	none	-1	LOFF_T0010078	rRNA	LOFF_G0010078	rRNA	LOFF_G0010078	rRNA_T79	N/A	N/A	N/A	N/A	N/A	N/A	N/A	N/A	N/A	ortholog	Liftoff	N/A	N/A	N/A	False
chr13	6674663	6679749	RNA28S1-1	0	+	6679749	6679749	85,212,76	1	5086	0	RNA28S1	none	none	-1	LOFF_T0010079	rRNA	LOFF_G0010079	rRNA	LOFF_G0010079	rRNA_T80	N/A	N/A	N/A	N/A	N/A	N/A	N/A	N/A	N/A	ortholog	Liftoff	N/A	N/A	N/A	False
chr13	6713702	6727083	RNA45S1-1	0	+	6727083	6727083	85,212,76	1	13381	0	RNA45S1	none	none	-1	LOFF_T0010080	rRNA	LOFF_G0010080	rRNA	LOFF_G0010080	rRNA_T81	N/A	N/A	N/A	N/A	N/A	N/A	N/A	N/A	N/A	ortholog	Liftoff	N/A	N/A	N/A	False
chr13	6717357	6719226	RNA18S1-1	0	+	6719226	6719226	85,212,76	1	1869	0	RNA18S1	none	none	-1	LOFF_T0010081	rRNA	LOFF_G0010081	rRNA	LOFF_G0010081	rRNA_T82	N/A	N/A	N/A	N/A	N/A	N/A	N/A	N/A	N/A	ortholog	Liftoff	N/A	N/A	N/A	False
chr13	6720308	6720465	RNA5-8S1-1	0	+	6720465	6720465	85,212,76	1	157	0	RNA5-8S1	none	none	-1	LOFF_T0010082	rRNA	LOFF_G0010082	rRNA	LOFF_G0010082	rRNA_T83	N/A	N/A	N/A	N/A	N/A	N/A	N/A	N/A	N/A	ortholog	Liftoff	N/A	N/A	N/A	False
chr13	6721633	6726719	RNA28S1-1	0	+	6726719	6726719	85,212,76	1	5086	0	RNA28S1	none	none	-1	LOFF_T0010083	rRNA	LOFF_G0010083	rRNA	LOFF_G0010083	rRNA_T84	N/A	N/A	N/A	N/A	N/A	N/A	N/A	N/A	N/A	ortholog	Liftoff	N/A	N/A	N/A	False
chr13	6760672	6774053	RNA45S1-1	0	+	6774053	6774053	85,212,76	1	13381	0	RNA45S1	none	none	-1	LOFF_T0010084	rRNA	LOFF_G0010084	rRNA	LOFF_G0010084	rRNA_T85	N/A	N/A	N/A	N/A	N/A	N/A	N/A	N/A	N/A	ortholog	Liftoff	N/A	N/A	N/A	False
chr13	6764327	6766196	RNA18S1-1	0	+	6766196	6766196	85,212,76	1	1869	0	RNA18S1	none	none	-1	LOFF_T0010085	rRNA	LOFF_G0010085	rRNA	LOFF_G0010085	rRNA_T86	N/A	N/A	N/A	N/A	N/A	N/A	N/A	N/A	N/A	ortholog	Liftoff	N/A	N/A	N/A	False
chr13	6767278	6767435	RNA5-8S1-1	0	+	6767435	6767435	85,212,76	1	157	0	RNA5-8S1	none	none	-1	LOFF_T0010086	rRNA	LOFF_G0010086	rRNA	LOFF_G0010086	rRNA_T87	N/A	N/A	N/A	N/A	N/A	N/A	N/A	N/A	N/A	ortholog	Liftoff	N/A	N/A	N/A	False
chr13	6768603	6773689	RNA28S1-1	0	+	6773689	6773689	85,212,76	1	5086	0	RNA28S1	none	none	-1	LOFF_T0010087	rRNA	LOFF_G0010087	rRNA	LOFF_G0010087	rRNA_T88	N/A	N/A	N/A	N/A	N/A	N/A	N/A	N/A	N/A	ortholog	Liftoff	N/A	N/A	N/A	False
chr13	6807642	6821023	RNA45S1-1	0	+	6821023	6821023	85,212,76	1	13381	0	RNA45S1	none	none	-1	LOFF_T0010088	rRNA	LOFF_G0010088	rRNA	LOFF_G0010088	rRNA_T89	N/A	N/A	N/A	N/A	N/A	N/A	N/A	N/A	N/A	ortholog	Liftoff	N/A	N/A	N/A	False
chr13	6811297	6813166	RNA18S1-1	0	+	6813166	6813166	85,212,76	1	1869	0	RNA18S1	none	none	-1	LOFF_T0010089	rRNA	LOFF_G0010089	rRNA	LOFF_G0010089	rRNA_T90	N/A	N/A	N/A	N/A	N/A	N/A	N/A	N/A	N/A	ortholog	Liftoff	N/A	N/A	N/A	False
chr13	6814248	6814405	RNA5-8S1-1	0	+	6814405	6814405	85,212,76	1	157	0	RNA5-8S1	none	none	-1	LOFF_T0010090	rRNA	LOFF_G0010090	rRNA	LOFF_G0010090	rRNA_T91	N/A	N/A	N/A	N/A	N/A	N/A	N/A	N/A	N/A	ortholog	Liftoff	N/A	N/A	N/A	False
chr13	6815573	6820659	RNA28S1-1	0	+	6820659	6820659	85,212,76	1	5086	0	RNA28S1	none	none	-1	LOFF_T0010091	rRNA	LOFF_G0010091	rRNA	LOFF_G0010091	rRNA_T92	N/A	N/A	N/A	N/A	N/A	N/A	N/A	N/A	N/A	ortholog	Liftoff	N/A	N/A	N/A	False
chr13	6854612	6867993	RNA45S1-1	0	+	6867993	6867993	85,212,76	1	13381	0	RNA45S1	none	none	-1	LOFF_T0010092	rRNA	LOFF_G0010092	rRNA	LOFF_G0010092	rRNA_T93	N/A	N/A	N/A	N/A	N/A	N/A	N/A	N/A	N/A	ortholog	Liftoff	N/A	N/A	N/A	False
chr13	6858267	6860136	RNA18S1-1	0	+	6860136	6860136	85,212,76	1	1869	0	RNA18S1	none	none	-1	LOFF_T0010093	rRNA	LOFF_G0010093	rRNA	LOFF_G0010093	rRNA_T94	N/A	N/A	N/A	N/A	N/A	N/A	N/A	N/A	N/A	ortholog	Liftoff	N/A	N/A	N/A	False
chr13	6861218	6861375	RNA5-8S1-1	0	+	6861375	6861375	85,212,76	1	157	0	RNA5-8S1	none	none	-1	LOFF_T0010094	rRNA	LOFF_G0010094	rRNA	LOFF_G0010094	rRNA_T95	N/A	N/A	N/A	N/A	N/A	N/A	N/A	N/A	N/A	ortholog	Liftoff	N/A	N/A	N/A	False
chr13	6862543	6867629	RNA28S1-1	0	+	6867629	6867629	85,212,76	1	5086	0	RNA28S1	none	none	-1	LOFF_T0010095	rRNA	LOFF_G0010095	rRNA	LOFF_G0010095	rRNA_T96	N/A	N/A	N/A	N/A	N/A	N/A	N/A	N/A	N/A	ortholog	Liftoff	N/A	N/A	N/A	False
chr13	6901582	6914963	RNA45S1-1	0	+	6914963	6914963	85,212,76	1	13381	0	RNA45S1	none	none	-1	LOFF_T0010096	rRNA	LOFF_G0010096	rRNA	LOFF_G0010096	rRNA_T97	N/A	N/A	N/A	N/A	N/A	N/A	N/A	N/A	N/A	ortholog	Liftoff	N/A	N/A	N/A	False
chr13	6905237	6907106	RNA18S1-1	0	+	6907106	6907106	85,212,76	1	1869	0	RNA18S1	none	none	-1	LOFF_T0010097	rRNA	LOFF_G0010097	rRNA	LOFF_G0010097	rRNA_T98	N/A	N/A	N/A	N/A	N/A	N/A	N/A	N/A	N/A	ortholog	Liftoff	N/A	N/A	N/A	False
chr13	6908188	6908345	RNA5-8S1-1	0	+	6908345	6908345	85,212,76	1	157	0	RNA5-8S1	none	none	-1	LOFF_T0010098	rRNA	LOFF_G0010098	rRNA	LOFF_G0010098	rRNA_T99	N/A	N/A	N/A	N/A	N/A	N/A	N/A	N/A	N/A	ortholog	Liftoff	N/A	N/A	N/A	False
chr13	6909513	6914599	RNA28S1-1	0	+	6914599	6914599	85,212,76	1	5086	0	RNA28S1	none	none	-1	LOFF_T0010099	rRNA	LOFF_G0010099	rRNA	LOFF_G0010099	rRNA_T100	N/A	N/A	N/A	N/A	N/A	N/A	N/A	N/A	N/A	ortholog	Liftoff	N/A	N/A	N/A	False
chr13	6948552	6961933	RNA45S1-1	0	+	6961933	6961933	85,212,76	1	13381	0	RNA45S1	none	none	-1	LOFF_T0010100	rRNA	LOFF_G0010100	rRNA	LOFF_G0010100	rRNA_T101	N/A	N/A	N/A	N/A	N/A	N/A	N/A	N/A	N/A	ortholog	Liftoff	N/A	N/A	N/A	False
chr13	6952207	6954076	RNA18S1-1	0	+	6954076	6954076	85,212,76	1	1869	0	RNA18S1	none	none	-1	LOFF_T0010101	rRNA	LOFF_G0010101	rRNA	LOFF_G0010101	rRNA_T102	N/A	N/A	N/A	N/A	N/A	N/A	N/A	N/A	N/A	ortholog	Liftoff	N/A	N/A	N/A	False
chr13	6955158	6955315	RNA5-8S1-1	0	+	6955315	6955315	85,212,76	1	157	0	RNA5-8S1	none	none	-1	LOFF_T0010102	rRNA	LOFF_G0010102	rRNA	LOFF_G0010102	rRNA_T103	N/A	N/A	N/A	N/A	N/A	N/A	N/A	N/A	N/A	ortholog	Liftoff	N/A	N/A	N/A	False
chr13	6956483	6961569	RNA28S1-1	0	+	6961569	6961569	85,212,76	1	5086	0	RNA28S1	none	none	-1	LOFF_T0010103	rRNA	LOFF_G0010103	rRNA	LOFF_G0010103	rRNA_T104	N/A	N/A	N/A	N/A	N/A	N/A	N/A	N/A	N/A	ortholog	Liftoff	N/A	N/A	N/A	False
chr13	6995522	7008903	RNA45S1-1	0	+	7008903	7008903	85,212,76	1	13381	0	RNA45S1	none	none	-1	LOFF_T0010104	rRNA	LOFF_G0010104	rRNA	LOFF_G0010104	rRNA_T105	N/A	N/A	N/A	N/A	N/A	N/A	N/A	N/A	N/A	ortholog	Liftoff	N/A	N/A	N/A	False
chr13	6999177	7001046	RNA18S1-1	0	+	7001046	7001046	85,212,76	1	1869	0	RNA18S1	none	none	-1	LOFF_T0010105	rRNA	LOFF_G0010105	rRNA	LOFF_G0010105	rRNA_T106	N/A	N/A	N/A	N/A	N/A	N/A	N/A	N/A	N/A	ortholog	Liftoff	N/A	N/A	N/A	False
chr13	7002128	7002285	RNA5-8S1-1	0	+	7002285	7002285	85,212,76	1	157	0	RNA5-8S1	none	none	-1	LOFF_T0010106	rRNA	LOFF_G0010106	rRNA	LOFF_G0010106	rRNA_T107	N/A	N/A	N/A	N/A	N/A	N/A	N/A	N/A	N/A	ortholog	Liftoff	N/A	N/A	N/A	False
chr13	7003453	7008539	RNA28S1-1	0	+	7008539	7008539	85,212,76	1	5086	0	RNA28S1	none	none	-1	LOFF_T0010107	rRNA	LOFF_G0010107	rRNA	LOFF_G0010107	rRNA_T108	N/A	N/A	N/A	N/A	N/A	N/A	N/A	N/A	N/A	ortholog	Liftoff	N/A	N/A	N/A	False
chr13	7042492	7055873	RNA45S1-1	0	+	7055873	7055873	85,212,76	1	13381	0	RNA45S1	none	none	-1	LOFF_T0010108	rRNA	LOFF_G0010108	rRNA	LOFF_G0010108	rRNA_T109	N/A	N/A	N/A	N/A	N/A	N/A	N/A	N/A	N/A	ortholog	Liftoff	N/A	N/A	N/A	False
chr13	7046147	7048016	RNA18S1-1	0	+	7048016	7048016	85,212,76	1	1869	0	RNA18S1	none	none	-1	LOFF_T0010109	rRNA	LOFF_G0010109	rRNA	LOFF_G0010109	rRNA_T110	N/A	N/A	N/A	N/A	N/A	N/A	N/A	N/A	N/A	ortholog	Liftoff	N/A	N/A	N/A	False
chr13	7049098	7049255	RNA5-8S1-1	0	+	7049255	7049255	85,212,76	1	157	0	RNA5-8S1	none	none	-1	LOFF_T0010110	rRNA	LOFF_G0010110	rRNA	LOFF_G0010110	rRNA_T111	N/A	N/A	N/A	N/A	N/A	N/A	N/A	N/A	N/A	ortholog	Liftoff	N/A	N/A	N/A	False
chr13	7050423	7055509	RNA28S1-1	0	+	7055509	7055509	85,212,76	1	5086	0	RNA28S1	none	none	-1	LOFF_T0010111	rRNA	LOFF_G0010111	rRNA	LOFF_G0010111	rRNA_T112	N/A	N/A	N/A	N/A	N/A	N/A	N/A	N/A	N/A	ortholog	Liftoff	N/A	N/A	N/A	False
chr13	7089462	7102843	RNA45S1-1	0	+	7102843	7102843	85,212,76	1	13381	0	RNA45S1	none	none	-1	LOFF_T0010112	rRNA	LOFF_G0010112	rRNA	LOFF_G0010112	rRNA_T113	N/A	N/A	N/A	N/A	N/A	N/A	N/A	N/A	N/A	ortholog	Liftoff	N/A	N/A	N/A	False
chr13	7093117	7094986	RNA18S1-1	0	+	7094986	7094986	85,212,76	1	1869	0	RNA18S1	none	none	-1	LOFF_T0010113	rRNA	LOFF_G0010113	rRNA	LOFF_G0010113	rRNA_T114	N/A	N/A	N/A	N/A	N/A	N/A	N/A	N/A	N/A	ortholog	Liftoff	N/A	N/A	N/A	False
chr13	7096068	7096225	RNA5-8S1-1	0	+	7096225	7096225	85,212,76	1	157	0	RNA5-8S1	none	none	-1	LOFF_T0010114	rRNA	LOFF_G0010114	rRNA	LOFF_G0010114	rRNA_T115	N/A	N/A	N/A	N/A	N/A	N/A	N/A	N/A	N/A	ortholog	Liftoff	N/A	N/A	N/A	False
chr13	7097393	7102479	RNA28S1-1	0	+	7102479	7102479	85,212,76	1	5086	0	RNA28S1	none	none	-1	LOFF_T0010115	rRNA	LOFF_G0010115	rRNA	LOFF_G0010115	rRNA_T116	N/A	N/A	N/A	N/A	N/A	N/A	N/A	N/A	N/A	ortholog	Liftoff	N/A	N/A	N/A	False
chr13	7136432	7149813	RNA45S1-1	0	+	7149813	7149813	85,212,76	1	13381	0	RNA45S1	none	none	-1	LOFF_T0010116	rRNA	LOFF_G0010116	rRNA	LOFF_G0010116	rRNA_T117	N/A	N/A	N/A	N/A	N/A	N/A	N/A	N/A	N/A	ortholog	Liftoff	N/A	N/A	N/A	False
chr13	7140087	7141956	RNA18S1-1	0	+	7141956	7141956	85,212,76	1	1869	0	RNA18S1	none	none	-1	LOFF_T0010117	rRNA	LOFF_G0010117	rRNA	LOFF_G0010117	rRNA_T118	N/A	N/A	N/A	N/A	N/A	N/A	N/A	N/A	N/A	ortholog	Liftoff	N/A	N/A	N/A	False
chr13	7143038	7143195	RNA5-8S1-1	0	+	7143195	7143195	85,212,76	1	157	0	RNA5-8S1	none	none	-1	LOFF_T0010118	rRNA	LOFF_G0010118	rRNA	LOFF_G0010118	rRNA_T119	N/A	N/A	N/A	N/A	N/A	N/A	N/A	N/A	N/A	ortholog	Liftoff	N/A	N/A	N/A	False
chr13	7144363	7149449	RNA28S1-1	0	+	7149449	7149449	85,212,76	1	5086	0	RNA28S1	none	none	-1	LOFF_T0010119	rRNA	LOFF_G0010119	rRNA	LOFF_G0010119	rRNA_T120	N/A	N/A	N/A	N/A	N/A	N/A	N/A	N/A	N/A	ortholog	Liftoff	N/A	N/A	N/A	False
chr13	7183402	7196783	RNA45S1-1	0	+	7196783	7196783	85,212,76	1	13381	0	RNA45S1	none	none	-1	LOFF_T0010120	rRNA	LOFF_G0010120	rRNA	LOFF_G0010120	rRNA_T121	N/A	N/A	N/A	N/A	N/A	N/A	N/A	N/A	N/A	ortholog	Liftoff	N/A	N/A	N/A	False
chr13	7187057	7188926	RNA18S1-1	0	+	7188926	7188926	85,212,76	1	1869	0	RNA18S1	none	none	-1	LOFF_T0010121	rRNA	LOFF_G0010121	rRNA	LOFF_G0010121	rRNA_T122	N/A	N/A	N/A	N/A	N/A	N/A	N/A	N/A	N/A	ortholog	Liftoff	N/A	N/A	N/A	False
chr13	7190008	7190165	RNA5-8S1-1	0	+	7190165	7190165	85,212,76	1	157	0	RNA5-8S1	none	none	-1	LOFF_T0010122	rRNA	LOFF_G0010122	rRNA	LOFF_G0010122	rRNA_T123	N/A	N/A	N/A	N/A	N/A	N/A	N/A	N/A	N/A	ortholog	Liftoff	N/A	N/A	N/A	False
chr13	7191333	7196419	RNA28S1-1	0	+	7196419	7196419	85,212,76	1	5086	0	RNA28S1	none	none	-1	LOFF_T0010123	rRNA	LOFF_G0010123	rRNA	LOFF_G0010123	rRNA_T124	N/A	N/A	N/A	N/A	N/A	N/A	N/A	N/A	N/A	ortholog	Liftoff	N/A	N/A	N/A	False
chr13	7230372	7243753	RNA45S1-1	0	+	7243753	7243753	85,212,76	1	13381	0	RNA45S1	none	none	-1	LOFF_T0010124	rRNA	LOFF_G0010124	rRNA	LOFF_G0010124	rRNA_T125	N/A	N/A	N/A	N/A	N/A	N/A	N/A	N/A	N/A	ortholog	Liftoff	N/A	N/A	N/A	False
chr13	7234027	7235896	RNA18S1-1	0	+	7235896	7235896	85,212,76	1	1869	0	RNA18S1	none	none	-1	LOFF_T0010125	rRNA	LOFF_G0010125	rRNA	LOFF_G0010125	rRNA_T126	N/A	N/A	N/A	N/A	N/A	N/A	N/A	N/A	N/A	ortholog	Liftoff	N/A	N/A	N/A	False
chr13	7236978	7237135	RNA5-8S1-1	0	+	7237135	7237135	85,212,76	1	157	0	RNA5-8S1	none	none	-1	LOFF_T0010126	rRNA	LOFF_G0010126	rRNA	LOFF_G0010126	rRNA_T127	N/A	N/A	N/A	N/A	N/A	N/A	N/A	N/A	N/A	ortholog	Liftoff	N/A	N/A	N/A	False
chr13	7238303	7243389	RNA28S1-1	0	+	7243389	7243389	85,212,76	1	5086	0	RNA28S1	none	none	-1	LOFF_T0010127	rRNA	LOFF_G0010127	rRNA	LOFF_G0010127	rRNA_T128	N/A	N/A	N/A	N/A	N/A	N/A	N/A	N/A	N/A	ortholog	Liftoff	N/A	N/A	N/A	False
chr13	7277342	7290723	RNA45S1-1	0	+	7290723	7290723	85,212,76	1	13381	0	RNA45S1	none	none	-1	LOFF_T0010128	rRNA	LOFF_G0010128	rRNA	LOFF_G0010128	rRNA_T129	N/A	N/A	N/A	N/A	N/A	N/A	N/A	N/A	N/A	ortholog	Liftoff	N/A	N/A	N/A	False
chr13	7280997	7282866	RNA18S1-1	0	+	7282866	7282866	85,212,76	1	1869	0	RNA18S1	none	none	-1	LOFF_T0010129	rRNA	LOFF_G0010129	rRNA	LOFF_G0010129	rRNA_T130	N/A	N/A	N/A	N/A	N/A	N/A	N/A	N/A	N/A	ortholog	Liftoff	N/A	N/A	N/A	False
chr13	7283948	7284105	RNA5-8S1-1	0	+	7284105	7284105	85,212,76	1	157	0	RNA5-8S1	none	none	-1	LOFF_T0010130	rRNA	LOFF_G0010130	rRNA	LOFF_G0010130	rRNA_T131	N/A	N/A	N/A	N/A	N/A	N/A	N/A	N/A	N/A	ortholog	Liftoff	N/A	N/A	N/A	False
chr13	7285273	7290359	RNA28S1-1	0	+	7290359	7290359	85,212,76	1	5086	0	RNA28S1	none	none	-1	LOFF_T0010131	rRNA	LOFF_G0010131	rRNA	LOFF_G0010131	rRNA_T132	N/A	N/A	N/A	N/A	N/A	N/A	N/A	N/A	N/A	ortholog	Liftoff	N/A	N/A	N/A	False
chr13	7324312	7337693	RNA45S1-1	0	+	7337693	7337693	85,212,76	1	13381	0	RNA45S1	none	none	-1	LOFF_T0010132	rRNA	LOFF_G0010132	rRNA	LOFF_G0010132	rRNA_T133	N/A	N/A	N/A	N/A	N/A	N/A	N/A	N/A	N/A	ortholog	Liftoff	N/A	N/A	N/A	False
chr13	7327967	7329836	RNA18S1-1	0	+	7329836	7329836	85,212,76	1	1869	0	RNA18S1	none	none	-1	LOFF_T0010133	rRNA	LOFF_G0010133	rRNA	LOFF_G0010133	rRNA_T134	N/A	N/A	N/A	N/A	N/A	N/A	N/A	N/A	N/A	ortholog	Liftoff	N/A	N/A	N/A	False
chr13	7330918	7331075	RNA5-8S1-1	0	+	7331075	7331075	85,212,76	1	157	0	RNA5-8S1	none	none	-1	LOFF_T0010134	rRNA	LOFF_G0010134	rRNA	LOFF_G0010134	rRNA_T135	N/A	N/A	N/A	N/A	N/A	N/A	N/A	N/A	N/A	ortholog	Liftoff	N/A	N/A	N/A	False
chr13	7332243	7337329	RNA28S1-1	0	+	7337329	7337329	85,212,76	1	5086	0	RNA28S1	none	none	-1	LOFF_T0010135	rRNA	LOFF_G0010135	rRNA	LOFF_G0010135	rRNA_T136	N/A	N/A	N/A	N/A	N/A	N/A	N/A	N/A	N/A	ortholog	Liftoff	N/A	N/A	N/A	False
chr13	7371282	7384663	RNA45S1-1	0	+	7384663	7384663	85,212,76	1	13381	0	RNA45S1	none	none	-1	LOFF_T0010136	rRNA	LOFF_G0010136	rRNA	LOFF_G0010136	rRNA_T137	N/A	N/A	N/A	N/A	N/A	N/A	N/A	N/A	N/A	ortholog	Liftoff	N/A	N/A	N/A	False
chr13	7374937	7376806	RNA18S1-1	0	+	7376806	7376806	85,212,76	1	1869	0	RNA18S1	none	none	-1	LOFF_T0010137	rRNA	LOFF_G0010137	rRNA	LOFF_G0010137	rRNA_T138	N/A	N/A	N/A	N/A	N/A	N/A	N/A	N/A	N/A	ortholog	Liftoff	N/A	N/A	N/A	False
chr13	7377888	7378045	RNA5-8S1-1	0	+	7378045	7378045	85,212,76	1	157	0	RNA5-8S1	none	none	-1	LOFF_T0010138	rRNA	LOFF_G0010138	rRNA	LOFF_G0010138	rRNA_T139	N/A	N/A	N/A	N/A	N/A	N/A	N/A	N/A	N/A	ortholog	Liftoff	N/A	N/A	N/A	False
chr13	7379213	7384299	RNA28S1-1	0	+	7384299	7384299	85,212,76	1	5086	0	RNA28S1	none	none	-1	LOFF_T0010139	rRNA	LOFF_G0010139	rRNA	LOFF_G0010139	rRNA_T140	N/A	N/A	N/A	N/A	N/A	N/A	N/A	N/A	N/A	ortholog	Liftoff	N/A	N/A	N/A	False
chr13	7418252	7431633	RNA45S1-1	0	+	7431633	7431633	85,212,76	1	13381	0	RNA45S1	none	none	-1	LOFF_T0010140	rRNA	LOFF_G0010140	rRNA	LOFF_G0010140	rRNA_T141	N/A	N/A	N/A	N/A	N/A	N/A	N/A	N/A	N/A	ortholog	Liftoff	N/A	N/A	N/A	False
chr13	7421907	7423776	RNA18S1-1	0	+	7423776	7423776	85,212,76	1	1869	0	RNA18S1	none	none	-1	LOFF_T0010141	rRNA	LOFF_G0010141	rRNA	LOFF_G0010141	rRNA_T142	N/A	N/A	N/A	N/A	N/A	N/A	N/A	N/A	N/A	ortholog	Liftoff	N/A	N/A	N/A	False
chr13	7424858	7425015	RNA5-8S1-1	0	+	7425015	7425015	85,212,76	1	157	0	RNA5-8S1	none	none	-1	LOFF_T0010142	rRNA	LOFF_G0010142	rRNA	LOFF_G0010142	rRNA_T143	N/A	N/A	N/A	N/A	N/A	N/A	N/A	N/A	N/A	ortholog	Liftoff	N/A	N/A	N/A	False
chr13	7426183	7431269	RNA28S1-1	0	+	7431269	7431269	85,212,76	1	5086	0	RNA28S1	none	none	-1	LOFF_T0010143	rRNA	LOFF_G0010143	rRNA	LOFF_G0010143	rRNA_T144	N/A	N/A	N/A	N/A	N/A	N/A	N/A	N/A	N/A	ortholog	Liftoff	N/A	N/A	N/A	False
chr13	7465222	7478603	RNA45S1-1	0	+	7478603	7478603	85,212,76	1	13381	0	RNA45S1	none	none	-1	LOFF_T0010144	rRNA	LOFF_G0010144	rRNA	LOFF_G0010144	rRNA_T145	N/A	N/A	N/A	N/A	N/A	N/A	N/A	N/A	N/A	ortholog	Liftoff	N/A	N/A	N/A	False
chr13	7468877	7470746	RNA18S1-1	0	+	7470746	7470746	85,212,76	1	1869	0	RNA18S1	none	none	-1	LOFF_T0010145	rRNA	LOFF_G0010145	rRNA	LOFF_G0010145	rRNA_T146	N/A	N/A	N/A	N/A	N/A	N/A	N/A	N/A	N/A	ortholog	Liftoff	N/A	N/A	N/A	False
chr13	7471828	7471985	RNA5-8S1-1	0	+	7471985	7471985	85,212,76	1	157	0	RNA5-8S1	none	none	-1	LOFF_T0010146	rRNA	LOFF_G0010146	rRNA	LOFF_G0010146	rRNA_T147	N/A	N/A	N/A	N/A	N/A	N/A	N/A	N/A	N/A	ortholog	Liftoff	N/A	N/A	N/A	False
chr13	7473153	7478239	RNA28S1-1	0	+	7478239	7478239	85,212,76	1	5086	0	RNA28S1	none	none	-1	LOFF_T0010147	rRNA	LOFF_G0010147	rRNA	LOFF_G0010147	rRNA_T148	N/A	N/A	N/A	N/A	N/A	N/A	N/A	N/A	N/A	ortholog	Liftoff	N/A	N/A	N/A	False
chr13	7512192	7525573	RNA45S1-1	0	+	7525573	7525573	85,212,76	1	13381	0	RNA45S1	none	none	-1	LOFF_T0010148	rRNA	LOFF_G0010148	rRNA	LOFF_G0010148	rRNA_T149	N/A	N/A	N/A	N/A	N/A	N/A	N/A	N/A	N/A	ortholog	Liftoff	N/A	N/A	N/A	False
chr13	7515847	7517716	RNA18S1-1	0	+	7517716	7517716	85,212,76	1	1869	0	RNA18S1	none	none	-1	LOFF_T0010149	rRNA	LOFF_G0010149	rRNA	LOFF_G0010149	rRNA_T150	N/A	N/A	N/A	N/A	N/A	N/A	N/A	N/A	N/A	ortholog	Liftoff	N/A	N/A	N/A	False
chr13	7518798	7518955	RNA5-8S1-1	0	+	7518955	7518955	85,212,76	1	157	0	RNA5-8S1	none	none	-1	LOFF_T0010150	rRNA	LOFF_G0010150	rRNA	LOFF_G0010150	rRNA_T151	N/A	N/A	N/A	N/A	N/A	N/A	N/A	N/A	N/A	ortholog	Liftoff	N/A	N/A	N/A	False
chr13	7520123	7525209	RNA28S1-1	0	+	7525209	7525209	85,212,76	1	5086	0	RNA28S1	none	none	-1	LOFF_T0010151	rRNA	LOFF_G0010151	rRNA	LOFF_G0010151	rRNA_T152	N/A	N/A	N/A	N/A	N/A	N/A	N/A	N/A	N/A	ortholog	Liftoff	N/A	N/A	N/A	False
chr13	7559162	7572543	RNA45S1-1	0	+	7572543	7572543	85,212,76	1	13381	0	RNA45S1	none	none	-1	LOFF_T0010152	rRNA	LOFF_G0010152	rRNA	LOFF_G0010152	rRNA_T153	N/A	N/A	N/A	N/A	N/A	N/A	N/A	N/A	N/A	ortholog	Liftoff	N/A	N/A	N/A	False
chr13	7562817	7564686	RNA18S1-1	0	+	7564686	7564686	85,212,76	1	1869	0	RNA18S1	none	none	-1	LOFF_T0010153	rRNA	LOFF_G0010153	rRNA	LOFF_G0010153	rRNA_T154	N/A	N/A	N/A	N/A	N/A	N/A	N/A	N/A	N/A	ortholog	Liftoff	N/A	N/A	N/A	False
chr13	7565768	7565925	RNA5-8S1-1	0	+	7565925	7565925	85,212,76	1	157	0	RNA5-8S1	none	none	-1	LOFF_T0010154	rRNA	LOFF_G0010154	rRNA	LOFF_G0010154	rRNA_T155	N/A	N/A	N/A	N/A	N/A	N/A	N/A	N/A	N/A	ortholog	Liftoff	N/A	N/A	N/A	False
chr13	7567093	7572179	RNA28S1-1	0	+	7572179	7572179	85,212,76	1	5086	0	RNA28S1	none	none	-1	LOFF_T0010155	rRNA	LOFF_G0010155	rRNA	LOFF_G0010155	rRNA_T156	N/A	N/A	N/A	N/A	N/A	N/A	N/A	N/A	N/A	ortholog	Liftoff	N/A	N/A	N/A	False
chr13	7606132	7619513	RNA45S1-1	0	+	7619513	7619513	85,212,76	1	13381	0	RNA45S1	none	none	-1	LOFF_T0010156	rRNA	LOFF_G0010156	rRNA	LOFF_G0010156	rRNA_T157	N/A	N/A	N/A	N/A	N/A	N/A	N/A	N/A	N/A	ortholog	Liftoff	N/A	N/A	N/A	False
chr13	7609787	7611656	RNA18S1-1	0	+	7611656	7611656	85,212,76	1	1869	0	RNA18S1	none	none	-1	LOFF_T0010157	rRNA	LOFF_G0010157	rRNA	LOFF_G0010157	rRNA_T158	N/A	N/A	N/A	N/A	N/A	N/A	N/A	N/A	N/A	ortholog	Liftoff	N/A	N/A	N/A	False
chr13	7612738	7612895	RNA5-8S1-1	0	+	7612895	7612895	85,212,76	1	157	0	RNA5-8S1	none	none	-1	LOFF_T0010158	rRNA	LOFF_G0010158	rRNA	LOFF_G0010158	rRNA_T159	N/A	N/A	N/A	N/A	N/A	N/A	N/A	N/A	N/A	ortholog	Liftoff	N/A	N/A	N/A	False
chr13	7614063	7619149	RNA28S1-1	0	+	7619149	7619149	85,212,76	1	5086	0	RNA28S1	none	none	-1	LOFF_T0010159	rRNA	LOFF_G0010159	rRNA	LOFF_G0010159	rRNA_T160	N/A	N/A	N/A	N/A	N/A	N/A	N/A	N/A	N/A	ortholog	Liftoff	N/A	N/A	N/A	False
chr13	7653102	7666483	RNA45S1-1	0	+	7666483	7666483	85,212,76	1	13381	0	RNA45S1	none	none	-1	LOFF_T0010160	rRNA	LOFF_G0010160	rRNA	LOFF_G0010160	rRNA_T161	N/A	N/A	N/A	N/A	N/A	N/A	N/A	N/A	N/A	ortholog	Liftoff	N/A	N/A	N/A	False
chr13	7656757	7658626	RNA18S1-1	0	+	7658626	7658626	85,212,76	1	1869	0	RNA18S1	none	none	-1	LOFF_T0010161	rRNA	LOFF_G0010161	rRNA	LOFF_G0010161	rRNA_T162	N/A	N/A	N/A	N/A	N/A	N/A	N/A	N/A	N/A	ortholog	Liftoff	N/A	N/A	N/A	False
chr13	7659708	7659865	RNA5-8S1-1	0	+	7659865	7659865	85,212,76	1	157	0	RNA5-8S1	none	none	-1	LOFF_T0010162	rRNA	LOFF_G0010162	rRNA	LOFF_G0010162	rRNA_T163	N/A	N/A	N/A	N/A	N/A	N/A	N/A	N/A	N/A	ortholog	Liftoff	N/A	N/A	N/A	False
chr13	7661033	7666119	RNA28S1-1	0	+	7666119	7666119	85,212,76	1	5086	0	RNA28S1	none	none	-1	LOFF_T0010163	rRNA	LOFF_G0010163	rRNA	LOFF_G0010163	rRNA_T164	N/A	N/A	N/A	N/A	N/A	N/A	N/A	N/A	N/A	ortholog	Liftoff	N/A	N/A	N/A	False
chr13	7700072	7713453	RNA45S1-1	0	+	7713453	7713453	85,212,76	1	13381	0	RNA45S1	none	none	-1	LOFF_T0010164	rRNA	LOFF_G0010164	rRNA	LOFF_G0010164	rRNA_T165	N/A	N/A	N/A	N/A	N/A	N/A	N/A	N/A	N/A	ortholog	Liftoff	N/A	N/A	N/A	False
chr13	7703727	7705596	RNA18S1-1	0	+	7705596	7705596	85,212,76	1	1869	0	RNA18S1	none	none	-1	LOFF_T0010165	rRNA	LOFF_G0010165	rRNA	LOFF_G0010165	rRNA_T166	N/A	N/A	N/A	N/A	N/A	N/A	N/A	N/A	N/A	ortholog	Liftoff	N/A	N/A	N/A	False
chr13	7706678	7706835	RNA5-8S1-1	0	+	7706835	7706835	85,212,76	1	157	0	RNA5-8S1	none	none	-1	LOFF_T0010166	rRNA	LOFF_G0010166	rRNA	LOFF_G0010166	rRNA_T167	N/A	N/A	N/A	N/A	N/A	N/A	N/A	N/A	N/A	ortholog	Liftoff	N/A	N/A	N/A	False
chr13	7708003	7713089	RNA28S1-1	0	+	7713089	7713089	85,212,76	1	5086	0	RNA28S1	none	none	-1	LOFF_T0010167	rRNA	LOFF_G0010167	rRNA	LOFF_G0010167	rRNA_T168	N/A	N/A	N/A	N/A	N/A	N/A	N/A	N/A	N/A	ortholog	Liftoff	N/A	N/A	N/A	False
chr13	7747042	7760423	RNA45S1-1	0	+	7760423	7760423	85,212,76	1	13381	0	RNA45S1	none	none	-1	LOFF_T0010168	rRNA	LOFF_G0010168	rRNA	LOFF_G0010168	rRNA_T169	N/A	N/A	N/A	N/A	N/A	N/A	N/A	N/A	N/A	ortholog	Liftoff	N/A	N/A	N/A	False
chr13	7750697	7752566	RNA18S1-1	0	+	7752566	7752566	85,212,76	1	1869	0	RNA18S1	none	none	-1	LOFF_T0010169	rRNA	LOFF_G0010169	rRNA	LOFF_G0010169	rRNA_T170	N/A	N/A	N/A	N/A	N/A	N/A	N/A	N/A	N/A	ortholog	Liftoff	N/A	N/A	N/A	False
chr13	7753648	7753805	RNA5-8S1-1	0	+	7753805	7753805	85,212,76	1	157	0	RNA5-8S1	none	none	-1	LOFF_T0010170	rRNA	LOFF_G0010170	rRNA	LOFF_G0010170	rRNA_T171	N/A	N/A	N/A	N/A	N/A	N/A	N/A	N/A	N/A	ortholog	Liftoff	N/A	N/A	N/A	False
chr13	7754973	7760059	RNA28S1-1	0	+	7760059	7760059	85,212,76	1	5086	0	RNA28S1	none	none	-1	LOFF_T0010171	rRNA	LOFF_G0010171	rRNA	LOFF_G0010171	rRNA_T172	N/A	N/A	N/A	N/A	N/A	N/A	N/A	N/A	N/A	ortholog	Liftoff	N/A	N/A	N/A	False
chr13	7794012	7807393	RNA45S1-1	0	+	7807393	7807393	85,212,76	1	13381	0	RNA45S1	none	none	-1	LOFF_T0010172	rRNA	LOFF_G0010172	rRNA	LOFF_G0010172	rRNA_T173	N/A	N/A	N/A	N/A	N/A	N/A	N/A	N/A	N/A	ortholog	Liftoff	N/A	N/A	N/A	False
chr13	7797667	7799536	RNA18S1-1	0	+	7799536	7799536	85,212,76	1	1869	0	RNA18S1	none	none	-1	LOFF_T0010173	rRNA	LOFF_G0010173	rRNA	LOFF_G0010173	rRNA_T174	N/A	N/A	N/A	N/A	N/A	N/A	N/A	N/A	N/A	ortholog	Liftoff	N/A	N/A	N/A	False
chr13	7800618	7800775	RNA5-8S1-1	0	+	7800775	7800775	85,212,76	1	157	0	RNA5-8S1	none	none	-1	LOFF_T0010174	rRNA	LOFF_G0010174	rRNA	LOFF_G0010174	rRNA_T175	N/A	N/A	N/A	N/A	N/A	N/A	N/A	N/A	N/A	ortholog	Liftoff	N/A	N/A	N/A	False
chr13	7801943	7807029	RNA28S1-1	0	+	7807029	7807029	85,212,76	1	5086	0	RNA28S1	none	none	-1	LOFF_T0010175	rRNA	LOFF_G0010175	rRNA	LOFF_G0010175	rRNA_T176	N/A	N/A	N/A	N/A	N/A	N/A	N/A	N/A	N/A	ortholog	Liftoff	N/A	N/A	N/A	False
chr13	7840982	7854363	RNA45S1-1	0	+	7854363	7854363	85,212,76	1	13381	0	RNA45S1	none	none	-1	LOFF_T0010176	rRNA	LOFF_G0010176	rRNA	LOFF_G0010176	rRNA_T177	N/A	N/A	N/A	N/A	N/A	N/A	N/A	N/A	N/A	ortholog	Liftoff	N/A	N/A	N/A	False
chr13	7844637	7846506	RNA18S1-1	0	+	7846506	7846506	85,212,76	1	1869	0	RNA18S1	none	none	-1	LOFF_T0010177	rRNA	LOFF_G0010177	rRNA	LOFF_G0010177	rRNA_T178	N/A	N/A	N/A	N/A	N/A	N/A	N/A	N/A	N/A	ortholog	Liftoff	N/A	N/A	N/A	False
chr13	7847588	7847745	RNA5-8S1-1	0	+	7847745	7847745	85,212,76	1	157	0	RNA5-8S1	none	none	-1	LOFF_T0010178	rRNA	LOFF_G0010178	rRNA	LOFF_G0010178	rRNA_T179	N/A	N/A	N/A	N/A	N/A	N/A	N/A	N/A	N/A	ortholog	Liftoff	N/A	N/A	N/A	False
chr13	7848913	7853999	RNA28S1-1	0	+	7853999	7853999	85,212,76	1	5086	0	RNA28S1	none	none	-1	LOFF_T0010179	rRNA	LOFF_G0010179	rRNA	LOFF_G0010179	rRNA_T180	N/A	N/A	N/A	N/A	N/A	N/A	N/A	N/A	N/A	ortholog	Liftoff	N/A	N/A	N/A	False
chr13	7887952	7901333	RNA45S1-1	0	+	7901333	7901333	85,212,76	1	13381	0	RNA45S1	none	none	-1	LOFF_T0010180	rRNA	LOFF_G0010180	rRNA	LOFF_G0010180	rRNA_T181	N/A	N/A	N/A	N/A	N/A	N/A	N/A	N/A	N/A	ortholog	Liftoff	N/A	N/A	N/A	False
chr13	7891607	7893476	RNA18S1-1	0	+	7893476	7893476	85,212,76	1	1869	0	RNA18S1	none	none	-1	LOFF_T0010181	rRNA	LOFF_G0010181	rRNA	LOFF_G0010181	rRNA_T182	N/A	N/A	N/A	N/A	N/A	N/A	N/A	N/A	N/A	ortholog	Liftoff	N/A	N/A	N/A	False
chr13	7894558	7894715	RNA5-8S1-1	0	+	7894715	7894715	85,212,76	1	157	0	RNA5-8S1	none	none	-1	LOFF_T0010182	rRNA	LOFF_G0010182	rRNA	LOFF_G0010182	rRNA_T183	N/A	N/A	N/A	N/A	N/A	N/A	N/A	N/A	N/A	ortholog	Liftoff	N/A	N/A	N/A	False
chr13	7895883	7900969	RNA28S1-1	0	+	7900969	7900969	85,212,76	1	5086	0	RNA28S1	none	none	-1	LOFF_T0010183	rRNA	LOFF_G0010183	rRNA	LOFF_G0010183	rRNA_T184	N/A	N/A	N/A	N/A	N/A	N/A	N/A	N/A	N/A	ortholog	Liftoff	N/A	N/A	N/A	False
chr13	7934922	7948303	RNA45S1-1	0	+	7948303	7948303	85,212,76	1	13381	0	RNA45S1	none	none	-1	LOFF_T0010184	rRNA	LOFF_G0010184	rRNA	LOFF_G0010184	rRNA_T185	N/A	N/A	N/A	N/A	N/A	N/A	N/A	N/A	N/A	ortholog	Liftoff	N/A	N/A	N/A	False
chr13	7938577	7940446	RNA18S1-1	0	+	7940446	7940446	85,212,76	1	1869	0	RNA18S1	none	none	-1	LOFF_T0010185	rRNA	LOFF_G0010185	rRNA	LOFF_G0010185	rRNA_T186	N/A	N/A	N/A	N/A	N/A	N/A	N/A	N/A	N/A	ortholog	Liftoff	N/A	N/A	N/A	False
chr13	7941528	7941685	RNA5-8S1-1	0	+	7941685	7941685	85,212,76	1	157	0	RNA5-8S1	none	none	-1	LOFF_T0010186	rRNA	LOFF_G0010186	rRNA	LOFF_G0010186	rRNA_T187	N/A	N/A	N/A	N/A	N/A	N/A	N/A	N/A	N/A	ortholog	Liftoff	N/A	N/A	N/A	False
chr13	7942853	7947939	RNA28S1-1	0	+	7947939	7947939	85,212,76	1	5086	0	RNA28S1	none	none	-1	LOFF_T0010187	rRNA	LOFF_G0010187	rRNA	LOFF_G0010187	rRNA_T188	N/A	N/A	N/A	N/A	N/A	N/A	N/A	N/A	N/A	ortholog	Liftoff	N/A	N/A	N/A	False
chr13	7981892	7995273	RNA45S1-1	0	+	7995273	7995273	85,212,76	1	13381	0	RNA45S1	none	none	-1	LOFF_T0010188	rRNA	LOFF_G0010188	rRNA	LOFF_G0010188	rRNA_T189	N/A	N/A	N/A	N/A	N/A	N/A	N/A	N/A	N/A	ortholog	Liftoff	N/A	N/A	N/A	False
chr13	7985547	7987416	RNA18S1-1	0	+	7987416	7987416	85,212,76	1	1869	0	RNA18S1	none	none	-1	LOFF_T0010189	rRNA	LOFF_G0010189	rRNA	LOFF_G0010189	rRNA_T190	N/A	N/A	N/A	N/A	N/A	N/A	N/A	N/A	N/A	ortholog	Liftoff	N/A	N/A	N/A	False
chr13	7988498	7988655	RNA5-8S1-1	0	+	7988655	7988655	85,212,76	1	157	0	RNA5-8S1	none	none	-1	LOFF_T0010190	rRNA	LOFF_G0010190	rRNA	LOFF_G0010190	rRNA_T191	N/A	N/A	N/A	N/A	N/A	N/A	N/A	N/A	N/A	ortholog	Liftoff	N/A	N/A	N/A	False
chr13	7989823	7994909	RNA28S1-1	0	+	7994909	7994909	85,212,76	1	5086	0	RNA28S1	none	none	-1	LOFF_T0010191	rRNA	LOFF_G0010191	rRNA	LOFF_G0010191	rRNA_T192	N/A	N/A	N/A	N/A	N/A	N/A	N/A	N/A	N/A	ortholog	Liftoff	N/A	N/A	N/A	False
chr13	8028862	8042243	RNA45S1-1	0	+	8042243	8042243	85,212,76	1	13381	0	RNA45S1	none	none	-1	LOFF_T0010192	rRNA	LOFF_G0010192	rRNA	LOFF_G0010192	rRNA_T193	N/A	N/A	N/A	N/A	N/A	N/A	N/A	N/A	N/A	ortholog	Liftoff	N/A	N/A	N/A	False
chr13	8032517	8034386	RNA18S1-1	0	+	8034386	8034386	85,212,76	1	1869	0	RNA18S1	none	none	-1	LOFF_T0010193	rRNA	LOFF_G0010193	rRNA	LOFF_G0010193	rRNA_T194	N/A	N/A	N/A	N/A	N/A	N/A	N/A	N/A	N/A	ortholog	Liftoff	N/A	N/A	N/A	False
chr13	8035468	8035625	RNA5-8S1-1	0	+	8035625	8035625	85,212,76	1	157	0	RNA5-8S1	none	none	-1	LOFF_T0010194	rRNA	LOFF_G0010194	rRNA	LOFF_G0010194	rRNA_T195	N/A	N/A	N/A	N/A	N/A	N/A	N/A	N/A	N/A	ortholog	Liftoff	N/A	N/A	N/A	False
chr13	8036793	8041879	RNA28S1-1	0	+	8041879	8041879	85,212,76	1	5086	0	RNA28S1	none	none	-1	LOFF_T0010195	rRNA	LOFF_G0010195	rRNA	LOFF_G0010195	rRNA_T196	N/A	N/A	N/A	N/A	N/A	N/A	N/A	N/A	N/A	ortholog	Liftoff	N/A	N/A	N/A	False
chr13	8075832	8089213	RNA45S1-1	0	+	8089213	8089213	85,212,76	1	13381	0	RNA45S1	none	none	-1	LOFF_T0010196	rRNA	LOFF_G0010196	rRNA	LOFF_G0010196	rRNA_T197	N/A	N/A	N/A	N/A	N/A	N/A	N/A	N/A	N/A	ortholog	Liftoff	N/A	N/A	N/A	False
chr13	8079487	8081356	RNA18S1-1	0	+	8081356	8081356	85,212,76	1	1869	0	RNA18S1	none	none	-1	LOFF_T0010197	rRNA	LOFF_G0010197	rRNA	LOFF_G0010197	rRNA_T198	N/A	N/A	N/A	N/A	N/A	N/A	N/A	N/A	N/A	ortholog	Liftoff	N/A	N/A	N/A	False
chr13	8082438	8082595	RNA5-8S1-1	0	+	8082595	8082595	85,212,76	1	157	0	RNA5-8S1	none	none	-1	LOFF_T0010198	rRNA	LOFF_G0010198	rRNA	LOFF_G0010198	rRNA_T199	N/A	N/A	N/A	N/A	N/A	N/A	N/A	N/A	N/A	ortholog	Liftoff	N/A	N/A	N/A	False
chr13	8083763	8088849	RNA28S1-1	0	+	8088849	8088849	85,212,76	1	5086	0	RNA28S1	none	none	-1	LOFF_T0010199	rRNA	LOFF_G0010199	rRNA	LOFF_G0010199	rRNA_T200	N/A	N/A	N/A	N/A	N/A	N/A	N/A	N/A	N/A	ortholog	Liftoff	N/A	N/A	N/A	False
chr13	8122802	8136183	RNA45S1-1	0	+	8136183	8136183	85,212,76	1	13381	0	RNA45S1	none	none	-1	LOFF_T0010200	rRNA	LOFF_G0010200	rRNA	LOFF_G0010200	rRNA_T201	N/A	N/A	N/A	N/A	N/A	N/A	N/A	N/A	N/A	ortholog	Liftoff	N/A	N/A	N/A	False
chr13	8126457	8128326	RNA18S1-1	0	+	8128326	8128326	85,212,76	1	1869	0	RNA18S1	none	none	-1	LOFF_T0010201	rRNA	LOFF_G0010201	rRNA	LOFF_G0010201	rRNA_T202	N/A	N/A	N/A	N/A	N/A	N/A	N/A	N/A	N/A	ortholog	Liftoff	N/A	N/A	N/A	False
chr13	8129408	8129565	RNA5-8S1-1	0	+	8129565	8129565	85,212,76	1	157	0	RNA5-8S1	none	none	-1	LOFF_T0010202	rRNA	LOFF_G0010202	rRNA	LOFF_G0010202	rRNA_T203	N/A	N/A	N/A	N/A	N/A	N/A	N/A	N/A	N/A	ortholog	Liftoff	N/A	N/A	N/A	False
chr13	8130733	8135819	RNA28S1-1	0	+	8135819	8135819	85,212,76	1	5086	0	RNA28S1	none	none	-1	LOFF_T0010203	rRNA	LOFF_G0010203	rRNA	LOFF_G0010203	rRNA_T204	N/A	N/A	N/A	N/A	N/A	N/A	N/A	N/A	N/A	ortholog	Liftoff	N/A	N/A	N/A	False
chr13	8169772	8183153	RNA45S1-1	0	+	8183153	8183153	85,212,76	1	13381	0	RNA45S1	none	none	-1	LOFF_T0010204	rRNA	LOFF_G0010204	rRNA	LOFF_G0010204	rRNA_T205	N/A	N/A	N/A	N/A	N/A	N/A	N/A	N/A	N/A	ortholog	Liftoff	N/A	N/A	N/A	False
chr13	8173427	8175296	RNA18S1-1	0	+	8175296	8175296	85,212,76	1	1869	0	RNA18S1	none	none	-1	LOFF_T0010205	rRNA	LOFF_G0010205	rRNA	LOFF_G0010205	rRNA_T206	N/A	N/A	N/A	N/A	N/A	N/A	N/A	N/A	N/A	ortholog	Liftoff	N/A	N/A	N/A	False
chr13	8176378	8176535	RNA5-8S1-1	0	+	8176535	8176535	85,212,76	1	157	0	RNA5-8S1	none	none	-1	LOFF_T0010206	rRNA	LOFF_G0010206	rRNA	LOFF_G0010206	rRNA_T207	N/A	N/A	N/A	N/A	N/A	N/A	N/A	N/A	N/A	ortholog	Liftoff	N/A	N/A	N/A	False
chr13	8177703	8182789	RNA28S1-1	0	+	8182789	8182789	85,212,76	1	5086	0	RNA28S1	none	none	-1	LOFF_T0010207	rRNA	LOFF_G0010207	rRNA	LOFF_G0010207	rRNA_T208	N/A	N/A	N/A	N/A	N/A	N/A	N/A	N/A	N/A	ortholog	Liftoff	N/A	N/A	N/A	False
chr13	8216742	8230123	RNA45S1-1	0	+	8230123	8230123	85,212,76	1	13381	0	RNA45S1	none	none	-1	LOFF_T0010208	rRNA	LOFF_G0010208	rRNA	LOFF_G0010208	rRNA_T209	N/A	N/A	N/A	N/A	N/A	N/A	N/A	N/A	N/A	ortholog	Liftoff	N/A	N/A	N/A	False
chr13	8220397	8222266	RNA18S1-1	0	+	8222266	8222266	85,212,76	1	1869	0	RNA18S1	none	none	-1	LOFF_T0010209	rRNA	LOFF_G0010209	rRNA	LOFF_G0010209	rRNA_T210	N/A	N/A	N/A	N/A	N/A	N/A	N/A	N/A	N/A	ortholog	Liftoff	N/A	N/A	N/A	False
chr13	8223348	8223505	RNA5-8S1-1	0	+	8223505	8223505	85,212,76	1	157	0	RNA5-8S1	none	none	-1	LOFF_T0010210	rRNA	LOFF_G0010210	rRNA	LOFF_G0010210	rRNA_T211	N/A	N/A	N/A	N/A	N/A	N/A	N/A	N/A	N/A	ortholog	Liftoff	N/A	N/A	N/A	False
chr13	8224673	8229759	RNA28S1-1	0	+	8229759	8229759	85,212,76	1	5086	0	RNA28S1	none	none	-1	LOFF_T0010211	rRNA	LOFF_G0010211	rRNA	LOFF_G0010211	rRNA_T212	N/A	N/A	N/A	N/A	N/A	N/A	N/A	N/A	N/A	ortholog	Liftoff	N/A	N/A	N/A	False
chr13	8263712	8277093	RNA45S1-1	0	+	8277093	8277093	85,212,76	1	13381	0	RNA45S1	none	none	-1	LOFF_T0010212	rRNA	LOFF_G0010212	rRNA	LOFF_G0010212	rRNA_T213	N/A	N/A	N/A	N/A	N/A	N/A	N/A	N/A	N/A	ortholog	Liftoff	N/A	N/A	N/A	False
chr13	8267367	8269236	RNA18S1-1	0	+	8269236	8269236	85,212,76	1	1869	0	RNA18S1	none	none	-1	LOFF_T0010213	rRNA	LOFF_G0010213	rRNA	LOFF_G0010213	rRNA_T214	N/A	N/A	N/A	N/A	N/A	N/A	N/A	N/A	N/A	ortholog	Liftoff	N/A	N/A	N/A	False
chr13	8270318	8270475	RNA5-8S1-1	0	+	8270475	8270475	85,212,76	1	157	0	RNA5-8S1	none	none	-1	LOFF_T0010214	rRNA	LOFF_G0010214	rRNA	LOFF_G0010214	rRNA_T215	N/A	N/A	N/A	N/A	N/A	N/A	N/A	N/A	N/A	ortholog	Liftoff	N/A	N/A	N/A	False
chr13	8271643	8276729	RNA28S1-1	0	+	8276729	8276729	85,212,76	1	5086	0	RNA28S1	none	none	-1	LOFF_T0010215	rRNA	LOFF_G0010215	rRNA	LOFF_G0010215	rRNA_T216	N/A	N/A	N/A	N/A	N/A	N/A	N/A	N/A	N/A	ortholog	Liftoff	N/A	N/A	N/A	False
chr13	8310682	8324063	RNA45S1-1	0	+	8324063	8324063	85,212,76	1	13381	0	RNA45S1	none	none	-1	LOFF_T0010216	rRNA	LOFF_G0010216	rRNA	LOFF_G0010216	rRNA_T217	N/A	N/A	N/A	N/A	N/A	N/A	N/A	N/A	N/A	ortholog	Liftoff	N/A	N/A	N/A	False
chr13	8314337	8316206	RNA18S1-1	0	+	8316206	8316206	85,212,76	1	1869	0	RNA18S1	none	none	-1	LOFF_T0010217	rRNA	LOFF_G0010217	rRNA	LOFF_G0010217	rRNA_T218	N/A	N/A	N/A	N/A	N/A	N/A	N/A	N/A	N/A	ortholog	Liftoff	N/A	N/A	N/A	False
chr13	8317288	8317445	RNA5-8S1-1	0	+	8317445	8317445	85,212,76	1	157	0	RNA5-8S1	none	none	-1	LOFF_T0010218	rRNA	LOFF_G0010218	rRNA	LOFF_G0010218	rRNA_T219	N/A	N/A	N/A	N/A	N/A	N/A	N/A	N/A	N/A	ortholog	Liftoff	N/A	N/A	N/A	False
chr13	8318613	8323699	RNA28S1-1	0	+	8323699	8323699	85,212,76	1	5086	0	RNA28S1	none	none	-1	LOFF_T0010219	rRNA	LOFF_G0010219	rRNA	LOFF_G0010219	rRNA_T220	N/A	N/A	N/A	N/A	N/A	N/A	N/A	N/A	N/A	ortholog	Liftoff	N/A	N/A	N/A	False
chr13	8357652	8371033	RNA45S1-1	0	+	8371033	8371033	85,212,76	1	13381	0	RNA45S1	none	none	-1	LOFF_T0010220	rRNA	LOFF_G0010220	rRNA	LOFF_G0010220	rRNA_T221	N/A	N/A	N/A	N/A	N/A	N/A	N/A	N/A	N/A	ortholog	Liftoff	N/A	N/A	N/A	False
chr13	8361307	8363176	RNA18S1-1	0	+	8363176	8363176	85,212,76	1	1869	0	RNA18S1	none	none	-1	LOFF_T0010221	rRNA	LOFF_G0010221	rRNA	LOFF_G0010221	rRNA_T222	N/A	N/A	N/A	N/A	N/A	N/A	N/A	N/A	N/A	ortholog	Liftoff	N/A	N/A	N/A	False
chr13	8364258	8364415	RNA5-8S1-1	0	+	8364415	8364415	85,212,76	1	157	0	RNA5-8S1	none	none	-1	LOFF_T0010222	rRNA	LOFF_G0010222	rRNA	LOFF_G0010222	rRNA_T223	N/A	N/A	N/A	N/A	N/A	N/A	N/A	N/A	N/A	ortholog	Liftoff	N/A	N/A	N/A	False
chr13	8365583	8370669	RNA28S1-1	0	+	8370669	8370669	85,212,76	1	5086	0	RNA28S1	none	none	-1	LOFF_T0010223	rRNA	LOFF_G0010223	rRNA	LOFF_G0010223	rRNA_T224	N/A	N/A	N/A	N/A	N/A	N/A	N/A	N/A	N/A	ortholog	Liftoff	N/A	N/A	N/A	False
chr13	8404622	8418003	RNA45S1-1	0	+	8418003	8418003	85,212,76	1	13381	0	RNA45S1	none	none	-1	LOFF_T0010224	rRNA	LOFF_G0010224	rRNA	LOFF_G0010224	rRNA_T225	N/A	N/A	N/A	N/A	N/A	N/A	N/A	N/A	N/A	ortholog	Liftoff	N/A	N/A	N/A	False
chr13	8408277	8410146	RNA18S1-1	0	+	8410146	8410146	85,212,76	1	1869	0	RNA18S1	none	none	-1	LOFF_T0010225	rRNA	LOFF_G0010225	rRNA	LOFF_G0010225	rRNA_T226	N/A	N/A	N/A	N/A	N/A	N/A	N/A	N/A	N/A	ortholog	Liftoff	N/A	N/A	N/A	False
chr13	8411228	8411385	RNA5-8S1-1	0	+	8411385	8411385	85,212,76	1	157	0	RNA5-8S1	none	none	-1	LOFF_T0010226	rRNA	LOFF_G0010226	rRNA	LOFF_G0010226	rRNA_T227	N/A	N/A	N/A	N/A	N/A	N/A	N/A	N/A	N/A	ortholog	Liftoff	N/A	N/A	N/A	False
chr13	8412553	8417639	RNA28S1-1	0	+	8417639	8417639	85,212,76	1	5086	0	RNA28S1	none	none	-1	LOFF_T0010227	rRNA	LOFF_G0010227	rRNA	LOFF_G0010227	rRNA_T228	N/A	N/A	N/A	N/A	N/A	N/A	N/A	N/A	N/A	ortholog	Liftoff	N/A	N/A	N/A	False
chr13	8451592	8464973	RNA45S1-1	0	+	8464973	8464973	85,212,76	1	13381	0	RNA45S1	none	none	-1	LOFF_T0010228	rRNA	LOFF_G0010228	rRNA	LOFF_G0010228	rRNA_T229	N/A	N/A	N/A	N/A	N/A	N/A	N/A	N/A	N/A	ortholog	Liftoff	N/A	N/A	N/A	False
chr13	8455247	8457116	RNA18S1-1	0	+	8457116	8457116	85,212,76	1	1869	0	RNA18S1	none	none	-1	LOFF_T0010229	rRNA	LOFF_G0010229	rRNA	LOFF_G0010229	rRNA_T230	N/A	N/A	N/A	N/A	N/A	N/A	N/A	N/A	N/A	ortholog	Liftoff	N/A	N/A	N/A	False
chr13	8458198	8458355	RNA5-8S1-1	0	+	8458355	8458355	85,212,76	1	157	0	RNA5-8S1	none	none	-1	LOFF_T0010230	rRNA	LOFF_G0010230	rRNA	LOFF_G0010230	rRNA_T231	N/A	N/A	N/A	N/A	N/A	N/A	N/A	N/A	N/A	ortholog	Liftoff	N/A	N/A	N/A	False
chr13	8459523	8464609	RNA28S1-1	0	+	8464609	8464609	85,212,76	1	5086	0	RNA28S1	none	none	-1	LOFF_T0010231	rRNA	LOFF_G0010231	rRNA	LOFF_G0010231	rRNA_T232	N/A	N/A	N/A	N/A	N/A	N/A	N/A	N/A	N/A	ortholog	Liftoff	N/A	N/A	N/A	False
chr13	8498562	8511943	RNA45S1-1	0	+	8511943	8511943	85,212,76	1	13381	0	RNA45S1	none	none	-1	LOFF_T0010232	rRNA	LOFF_G0010232	rRNA	LOFF_G0010232	rRNA_T233	N/A	N/A	N/A	N/A	N/A	N/A	N/A	N/A	N/A	ortholog	Liftoff	N/A	N/A	N/A	False
chr13	8502217	8504086	RNA18S1-1	0	+	8504086	8504086	85,212,76	1	1869	0	RNA18S1	none	none	-1	LOFF_T0010233	rRNA	LOFF_G0010233	rRNA	LOFF_G0010233	rRNA_T234	N/A	N/A	N/A	N/A	N/A	N/A	N/A	N/A	N/A	ortholog	Liftoff	N/A	N/A	N/A	False
chr13	8505168	8505325	RNA5-8S1-1	0	+	8505325	8505325	85,212,76	1	157	0	RNA5-8S1	none	none	-1	LOFF_T0010234	rRNA	LOFF_G0010234	rRNA	LOFF_G0010234	rRNA_T235	N/A	N/A	N/A	N/A	N/A	N/A	N/A	N/A	N/A	ortholog	Liftoff	N/A	N/A	N/A	False
chr13	8506493	8511579	RNA28S1-1	0	+	8511579	8511579	85,212,76	1	5086	0	RNA28S1	none	none	-1	LOFF_T0010235	rRNA	LOFF_G0010235	rRNA	LOFF_G0010235	rRNA_T236	N/A	N/A	N/A	N/A	N/A	N/A	N/A	N/A	N/A	ortholog	Liftoff	N/A	N/A	N/A	False
chr13	8545532	8558913	RNA45S1-1	0	+	8558913	8558913	85,212,76	1	13381	0	RNA45S1	none	none	-1	LOFF_T0010236	rRNA	LOFF_G0010236	rRNA	LOFF_G0010236	rRNA_T237	N/A	N/A	N/A	N/A	N/A	N/A	N/A	N/A	N/A	ortholog	Liftoff	N/A	N/A	N/A	False
chr13	8549187	8551056	RNA18S1-1	0	+	8551056	8551056	85,212,76	1	1869	0	RNA18S1	none	none	-1	LOFF_T0010237	rRNA	LOFF_G0010237	rRNA	LOFF_G0010237	rRNA_T238	N/A	N/A	N/A	N/A	N/A	N/A	N/A	N/A	N/A	ortholog	Liftoff	N/A	N/A	N/A	False
chr13	8552138	8552295	RNA5-8S1-1	0	+	8552295	8552295	85,212,76	1	157	0	RNA5-8S1	none	none	-1	LOFF_T0010238	rRNA	LOFF_G0010238	rRNA	LOFF_G0010238	rRNA_T239	N/A	N/A	N/A	N/A	N/A	N/A	N/A	N/A	N/A	ortholog	Liftoff	N/A	N/A	N/A	False
chr13	8553463	8558549	RNA28S1-1	0	+	8558549	8558549	85,212,76	1	5086	0	RNA28S1	none	none	-1	LOFF_T0010239	rRNA	LOFF_G0010239	rRNA	LOFF_G0010239	rRNA_T240	N/A	N/A	N/A	N/A	N/A	N/A	N/A	N/A	N/A	ortholog	Liftoff	N/A	N/A	N/A	False
chr13	8592502	8605883	RNA45S1-1	0	+	8605883	8605883	85,212,76	1	13381	0	RNA45S1	none	none	-1	LOFF_T0010240	rRNA	LOFF_G0010240	rRNA	LOFF_G0010240	rRNA_T241	N/A	N/A	N/A	N/A	N/A	N/A	N/A	N/A	N/A	ortholog	Liftoff	N/A	N/A	N/A	False
chr13	8596157	8598026	RNA18S1-1	0	+	8598026	8598026	85,212,76	1	1869	0	RNA18S1	none	none	-1	LOFF_T0010241	rRNA	LOFF_G0010241	rRNA	LOFF_G0010241	rRNA_T242	N/A	N/A	N/A	N/A	N/A	N/A	N/A	N/A	N/A	ortholog	Liftoff	N/A	N/A	N/A	False
chr13	8599108	8599265	RNA5-8S1-1	0	+	8599265	8599265	85,212,76	1	157	0	RNA5-8S1	none	none	-1	LOFF_T0010242	rRNA	LOFF_G0010242	rRNA	LOFF_G0010242	rRNA_T243	N/A	N/A	N/A	N/A	N/A	N/A	N/A	N/A	N/A	ortholog	Liftoff	N/A	N/A	N/A	False
chr13	8600433	8605519	RNA28S1-1	0	+	8605519	8605519	85,212,76	1	5086	0	RNA28S1	none	none	-1	LOFF_T0010243	rRNA	LOFF_G0010243	rRNA	LOFF_G0010243	rRNA_T244	N/A	N/A	N/A	N/A	N/A	N/A	N/A	N/A	N/A	ortholog	Liftoff	N/A	N/A	N/A	False
chr13	8639472	8652853	RNA45S1-1	0	+	8652853	8652853	85,212,76	1	13381	0	RNA45S1	none	none	-1	LOFF_T0010244	rRNA	LOFF_G0010244	rRNA	LOFF_G0010244	rRNA_T245	N/A	N/A	N/A	N/A	N/A	N/A	N/A	N/A	N/A	ortholog	Liftoff	N/A	N/A	N/A	False
chr13	8643127	8644996	RNA18S1-1	0	+	8644996	8644996	85,212,76	1	1869	0	RNA18S1	none	none	-1	LOFF_T0010245	rRNA	LOFF_G0010245	rRNA	LOFF_G0010245	rRNA_T246	N/A	N/A	N/A	N/A	N/A	N/A	N/A	N/A	N/A	ortholog	Liftoff	N/A	N/A	N/A	False
chr13	8646078	8646235	RNA5-8S1-1	0	+	8646235	8646235	85,212,76	1	157	0	RNA5-8S1	none	none	-1	LOFF_T0010246	rRNA	LOFF_G0010246	rRNA	LOFF_G0010246	rRNA_T247	N/A	N/A	N/A	N/A	N/A	N/A	N/A	N/A	N/A	ortholog	Liftoff	N/A	N/A	N/A	False
chr13	8647403	8652489	RNA28S1-1	0	+	8652489	8652489	85,212,76	1	5086	0	RNA28S1	none	none	-1	LOFF_T0010247	rRNA	LOFF_G0010247	rRNA	LOFF_G0010247	rRNA_T248	N/A	N/A	N/A	N/A	N/A	N/A	N/A	N/A	N/A	ortholog	Liftoff	N/A	N/A	N/A	False
chr13	8686442	8699823	RNA45S1-1	0	+	8699823	8699823	85,212,76	1	13381	0	RNA45S1	none	none	-1	LOFF_T0010248	rRNA	LOFF_G0010248	rRNA	LOFF_G0010248	rRNA_T249	N/A	N/A	N/A	N/A	N/A	N/A	N/A	N/A	N/A	ortholog	Liftoff	N/A	N/A	N/A	False
chr13	8690097	8691966	RNA18S1-1	0	+	8691966	8691966	85,212,76	1	1869	0	RNA18S1	none	none	-1	LOFF_T0010249	rRNA	LOFF_G0010249	rRNA	LOFF_G0010249	rRNA_T250	N/A	N/A	N/A	N/A	N/A	N/A	N/A	N/A	N/A	ortholog	Liftoff	N/A	N/A	N/A	False
chr13	8693048	8693205	RNA5-8S1-1	0	+	8693205	8693205	85,212,76	1	157	0	RNA5-8S1	none	none	-1	LOFF_T0010250	rRNA	LOFF_G0010250	rRNA	LOFF_G0010250	rRNA_T251	N/A	N/A	N/A	N/A	N/A	N/A	N/A	N/A	N/A	ortholog	Liftoff	N/A	N/A	N/A	False
chr13	8694373	8699459	RNA28S1-1	0	+	8699459	8699459	85,212,76	1	5086	0	RNA28S1	none	none	-1	LOFF_T0010251	rRNA	LOFF_G0010251	rRNA	LOFF_G0010251	rRNA_T252	N/A	N/A	N/A	N/A	N/A	N/A	N/A	N/A	N/A	ortholog	Liftoff	N/A	N/A	N/A	False
chr13	8733412	8746793	RNA45S1-1	0	+	8746793	8746793	85,212,76	1	13381	0	RNA45S1	none	none	-1	LOFF_T0010252	rRNA	LOFF_G0010252	rRNA	LOFF_G0010252	rRNA_T253	N/A	N/A	N/A	N/A	N/A	N/A	N/A	N/A	N/A	ortholog	Liftoff	N/A	N/A	N/A	False
chr13	8737067	8738936	RNA18S1-1	0	+	8738936	8738936	85,212,76	1	1869	0	RNA18S1	none	none	-1	LOFF_T0010253	rRNA	LOFF_G0010253	rRNA	LOFF_G0010253	rRNA_T254	N/A	N/A	N/A	N/A	N/A	N/A	N/A	N/A	N/A	ortholog	Liftoff	N/A	N/A	N/A	False
chr13	8740018	8740175	RNA5-8S1-1	0	+	8740175	8740175	85,212,76	1	157	0	RNA5-8S1	none	none	-1	LOFF_T0010254	rRNA	LOFF_G0010254	rRNA	LOFF_G0010254	rRNA_T255	N/A	N/A	N/A	N/A	N/A	N/A	N/A	N/A	N/A	ortholog	Liftoff	N/A	N/A	N/A	False
chr13	8741343	8746429	RNA28S1-1	0	+	8746429	8746429	85,212,76	1	5086	0	RNA28S1	none	none	-1	LOFF_T0010255	rRNA	LOFF_G0010255	rRNA	LOFF_G0010255	rRNA_T256	N/A	N/A	N/A	N/A	N/A	N/A	N/A	N/A	N/A	ortholog	Liftoff	N/A	N/A	N/A	False
chr13	8780382	8793763	RNA45S1-1	0	+	8793763	8793763	85,212,76	1	13381	0	RNA45S1	none	none	-1	LOFF_T0010256	rRNA	LOFF_G0010256	rRNA	LOFF_G0010256	rRNA_T257	N/A	N/A	N/A	N/A	N/A	N/A	N/A	N/A	N/A	ortholog	Liftoff	N/A	N/A	N/A	False
chr13	8784037	8785906	RNA18S1-1	0	+	8785906	8785906	85,212,76	1	1869	0	RNA18S1	none	none	-1	LOFF_T0010257	rRNA	LOFF_G0010257	rRNA	LOFF_G0010257	rRNA_T258	N/A	N/A	N/A	N/A	N/A	N/A	N/A	N/A	N/A	ortholog	Liftoff	N/A	N/A	N/A	False
chr13	8786988	8787145	RNA5-8S1-1	0	+	8787145	8787145	85,212,76	1	157	0	RNA5-8S1	none	none	-1	LOFF_T0010258	rRNA	LOFF_G0010258	rRNA	LOFF_G0010258	rRNA_T259	N/A	N/A	N/A	N/A	N/A	N/A	N/A	N/A	N/A	ortholog	Liftoff	N/A	N/A	N/A	False
chr13	8788313	8793399	RNA28S1-1	0	+	8793399	8793399	85,212,76	1	5086	0	RNA28S1	none	none	-1	LOFF_T0010259	rRNA	LOFF_G0010259	rRNA	LOFF_G0010259	rRNA_T260	N/A	N/A	N/A	N/A	N/A	N/A	N/A	N/A	N/A	ortholog	Liftoff	N/A	N/A	N/A	False
chr13	8827352	8840733	RNA45S1-1	0	+	8840733	8840733	85,212,76	1	13381	0	RNA45S1	none	none	-1	LOFF_T0010260	rRNA	LOFF_G0010260	rRNA	LOFF_G0010260	rRNA_T261	N/A	N/A	N/A	N/A	N/A	N/A	N/A	N/A	N/A	ortholog	Liftoff	N/A	N/A	N/A	False
chr13	8831007	8832876	RNA18S1-1	0	+	8832876	8832876	85,212,76	1	1869	0	RNA18S1	none	none	-1	LOFF_T0010261	rRNA	LOFF_G0010261	rRNA	LOFF_G0010261	rRNA_T262	N/A	N/A	N/A	N/A	N/A	N/A	N/A	N/A	N/A	ortholog	Liftoff	N/A	N/A	N/A	False
chr13	8833958	8834115	RNA5-8S1-1	0	+	8834115	8834115	85,212,76	1	157	0	RNA5-8S1	none	none	-1	LOFF_T0010262	rRNA	LOFF_G0010262	rRNA	LOFF_G0010262	rRNA_T263	N/A	N/A	N/A	N/A	N/A	N/A	N/A	N/A	N/A	ortholog	Liftoff	N/A	N/A	N/A	False
chr13	8835283	8840369	RNA28S1-1	0	+	8840369	8840369	85,212,76	1	5086	0	RNA28S1	none	none	-1	LOFF_T0010263	rRNA	LOFF_G0010263	rRNA	LOFF_G0010263	rRNA_T264	N/A	N/A	N/A	N/A	N/A	N/A	N/A	N/A	N/A	ortholog	Liftoff	N/A	N/A	N/A	False
chr13	8874322	8887703	RNA45S1-1	0	+	8887703	8887703	85,212,76	1	13381	0	RNA45S1	none	none	-1	LOFF_T0010264	rRNA	LOFF_G0010264	rRNA	LOFF_G0010264	rRNA_T265	N/A	N/A	N/A	N/A	N/A	N/A	N/A	N/A	N/A	ortholog	Liftoff	N/A	N/A	N/A	False
chr13	8877977	8879846	RNA18S1-1	0	+	8879846	8879846	85,212,76	1	1869	0	RNA18S1	none	none	-1	LOFF_T0010265	rRNA	LOFF_G0010265	rRNA	LOFF_G0010265	rRNA_T266	N/A	N/A	N/A	N/A	N/A	N/A	N/A	N/A	N/A	ortholog	Liftoff	N/A	N/A	N/A	False
chr13	8880928	8881085	RNA5-8S1-1	0	+	8881085	8881085	85,212,76	1	157	0	RNA5-8S1	none	none	-1	LOFF_T0010266	rRNA	LOFF_G0010266	rRNA	LOFF_G0010266	rRNA_T267	N/A	N/A	N/A	N/A	N/A	N/A	N/A	N/A	N/A	ortholog	Liftoff	N/A	N/A	N/A	False
chr13	8882253	8887339	RNA28S1-1	0	+	8887339	8887339	85,212,76	1	5086	0	RNA28S1	none	none	-1	LOFF_T0010267	rRNA	LOFF_G0010267	rRNA	LOFF_G0010267	rRNA_T268	N/A	N/A	N/A	N/A	N/A	N/A	N/A	N/A	N/A	ortholog	Liftoff	N/A	N/A	N/A	False
chr13	8921292	8934673	RNA45S1-1	0	+	8934673	8934673	85,212,76	1	13381	0	RNA45S1	none	none	-1	LOFF_T0010268	rRNA	LOFF_G0010268	rRNA	LOFF_G0010268	rRNA_T269	N/A	N/A	N/A	N/A	N/A	N/A	N/A	N/A	N/A	ortholog	Liftoff	N/A	N/A	N/A	False
chr13	8924947	8926816	RNA18S1-1	0	+	8926816	8926816	85,212,76	1	1869	0	RNA18S1	none	none	-1	LOFF_T0010269	rRNA	LOFF_G0010269	rRNA	LOFF_G0010269	rRNA_T270	N/A	N/A	N/A	N/A	N/A	N/A	N/A	N/A	N/A	ortholog	Liftoff	N/A	N/A	N/A	False
chr13	8927898	8928055	RNA5-8S1-1	0	+	8928055	8928055	85,212,76	1	157	0	RNA5-8S1	none	none	-1	LOFF_T0010270	rRNA	LOFF_G0010270	rRNA	LOFF_G0010270	rRNA_T271	N/A	N/A	N/A	N/A	N/A	N/A	N/A	N/A	N/A	ortholog	Liftoff	N/A	N/A	N/A	False
chr13	8929223	8934309	RNA28S1-1	0	+	8934309	8934309	85,212,76	1	5086	0	RNA28S1	none	none	-1	LOFF_T0010271	rRNA	LOFF_G0010271	rRNA	LOFF_G0010271	rRNA_T272	N/A	N/A	N/A	N/A	N/A	N/A	N/A	N/A	N/A	ortholog	Liftoff	N/A	N/A	N/A	False
chr13	8968262	8981643	RNA45S1-1	0	+	8981643	8981643	85,212,76	1	13381	0	RNA45S1	none	none	-1	LOFF_T0010272	rRNA	LOFF_G0010272	rRNA	LOFF_G0010272	rRNA_T273	N/A	N/A	N/A	N/A	N/A	N/A	N/A	N/A	N/A	ortholog	Liftoff	N/A	N/A	N/A	False
chr13	8971917	8973786	RNA18S1-1	0	+	8973786	8973786	85,212,76	1	1869	0	RNA18S1	none	none	-1	LOFF_T0010273	rRNA	LOFF_G0010273	rRNA	LOFF_G0010273	rRNA_T274	N/A	N/A	N/A	N/A	N/A	N/A	N/A	N/A	N/A	ortholog	Liftoff	N/A	N/A	N/A	False
chr13	8974868	8975025	RNA5-8S1-1	0	+	8975025	8975025	85,212,76	1	157	0	RNA5-8S1	none	none	-1	LOFF_T0010274	rRNA	LOFF_G0010274	rRNA	LOFF_G0010274	rRNA_T275	N/A	N/A	N/A	N/A	N/A	N/A	N/A	N/A	N/A	ortholog	Liftoff	N/A	N/A	N/A	False
chr13	8976193	8981279	RNA28S1-1	0	+	8981279	8981279	85,212,76	1	5086	0	RNA28S1	none	none	-1	LOFF_T0010275	rRNA	LOFF_G0010275	rRNA	LOFF_G0010275	rRNA_T276	N/A	N/A	N/A	N/A	N/A	N/A	N/A	N/A	N/A	ortholog	Liftoff	N/A	N/A	N/A	False
chr13	9015232	9028613	RNA45S1-1	0	+	9028613	9028613	85,212,76	1	13381	0	RNA45S1	none	none	-1	LOFF_T0010276	rRNA	LOFF_G0010276	rRNA	LOFF_G0010276	rRNA_T277	N/A	N/A	N/A	N/A	N/A	N/A	N/A	N/A	N/A	ortholog	Liftoff	N/A	N/A	N/A	False
chr13	9018887	9020756	RNA18S1-1	0	+	9020756	9020756	85,212,76	1	1869	0	RNA18S1	none	none	-1	LOFF_T0010277	rRNA	LOFF_G0010277	rRNA	LOFF_G0010277	rRNA_T278	N/A	N/A	N/A	N/A	N/A	N/A	N/A	N/A	N/A	ortholog	Liftoff	N/A	N/A	N/A	False
chr13	9021838	9021995	RNA5-8S1-1	0	+	9021995	9021995	85,212,76	1	157	0	RNA5-8S1	none	none	-1	LOFF_T0010278	rRNA	LOFF_G0010278	rRNA	LOFF_G0010278	rRNA_T279	N/A	N/A	N/A	N/A	N/A	N/A	N/A	N/A	N/A	ortholog	Liftoff	N/A	N/A	N/A	False
chr13	9023163	9028249	RNA28S1-1	0	+	9028249	9028249	85,212,76	1	5086	0	RNA28S1	none	none	-1	LOFF_T0010279	rRNA	LOFF_G0010279	rRNA	LOFF_G0010279	rRNA_T280	N/A	N/A	N/A	N/A	N/A	N/A	N/A	N/A	N/A	ortholog	Liftoff	N/A	N/A	N/A	False
chr13	9062202	9075583	RNA45S1-1	0	+	9075583	9075583	85,212,76	1	13381	0	RNA45S1	none	none	-1	LOFF_T0010280	rRNA	LOFF_G0010280	rRNA	LOFF_G0010280	rRNA_T281	N/A	N/A	N/A	N/A	N/A	N/A	N/A	N/A	N/A	ortholog	Liftoff	N/A	N/A	N/A	False
chr13	9065857	9067726	RNA18S1-1	0	+	9067726	9067726	85,212,76	1	1869	0	RNA18S1	none	none	-1	LOFF_T0010281	rRNA	LOFF_G0010281	rRNA	LOFF_G0010281	rRNA_T282	N/A	N/A	N/A	N/A	N/A	N/A	N/A	N/A	N/A	ortholog	Liftoff	N/A	N/A	N/A	False
chr13	9068808	9068965	RNA5-8S1-1	0	+	9068965	9068965	85,212,76	1	157	0	RNA5-8S1	none	none	-1	LOFF_T0010282	rRNA	LOFF_G0010282	rRNA	LOFF_G0010282	rRNA_T283	N/A	N/A	N/A	N/A	N/A	N/A	N/A	N/A	N/A	ortholog	Liftoff	N/A	N/A	N/A	False
chr13	9070133	9075219	RNA28S1-1	0	+	9075219	9075219	85,212,76	1	5086	0	RNA28S1	none	none	-1	LOFF_T0010283	rRNA	LOFF_G0010283	rRNA	LOFF_G0010283	rRNA_T284	N/A	N/A	N/A	N/A	N/A	N/A	N/A	N/A	N/A	ortholog	Liftoff	N/A	N/A	N/A	False
chr13	9109172	9122553	RNA45S1-1	0	+	9122553	9122553	85,212,76	1	13381	0	RNA45S1	none	none	-1	LOFF_T0010284	rRNA	LOFF_G0010284	rRNA	LOFF_G0010284	rRNA_T285	N/A	N/A	N/A	N/A	N/A	N/A	N/A	N/A	N/A	ortholog	Liftoff	N/A	N/A	N/A	False
chr13	9112827	9114696	RNA18S1-1	0	+	9114696	9114696	85,212,76	1	1869	0	RNA18S1	none	none	-1	LOFF_T0010285	rRNA	LOFF_G0010285	rRNA	LOFF_G0010285	rRNA_T286	N/A	N/A	N/A	N/A	N/A	N/A	N/A	N/A	N/A	ortholog	Liftoff	N/A	N/A	N/A	False
chr13	9115778	9115935	RNA5-8S1-1	0	+	9115935	9115935	85,212,76	1	157	0	RNA5-8S1	none	none	-1	LOFF_T0010286	rRNA	LOFF_G0010286	rRNA	LOFF_G0010286	rRNA_T287	N/A	N/A	N/A	N/A	N/A	N/A	N/A	N/A	N/A	ortholog	Liftoff	N/A	N/A	N/A	False
chr13	9117103	9122189	RNA28S1-1	0	+	9122189	9122189	85,212,76	1	5086	0	RNA28S1	none	none	-1	LOFF_T0010287	rRNA	LOFF_G0010287	rRNA	LOFF_G0010287	rRNA_T288	N/A	N/A	N/A	N/A	N/A	N/A	N/A	N/A	N/A	ortholog	Liftoff	N/A	N/A	N/A	False
chr13	9155309	9168690	RNA45S1-1	0	+	9168690	9168690	85,212,76	1	13381	0	RNA45S1	none	none	-1	LOFF_T0010288	rRNA	LOFF_G0010288	rRNA	LOFF_G0010288	rRNA_T289	N/A	N/A	N/A	N/A	N/A	N/A	N/A	N/A	N/A	ortholog	Liftoff	N/A	N/A	N/A	False
chr13	9158964	9160833	RNA18S1-1	0	+	9160833	9160833	85,212,76	1	1869	0	RNA18S1	none	none	-1	LOFF_T0010289	rRNA	LOFF_G0010289	rRNA	LOFF_G0010289	rRNA_T290	N/A	N/A	N/A	N/A	N/A	N/A	N/A	N/A	N/A	ortholog	Liftoff	N/A	N/A	N/A	False
chr13	9161915	9162072	RNA5-8S1-1	0	+	9162072	9162072	85,212,76	1	157	0	RNA5-8S1	none	none	-1	LOFF_T0010290	rRNA	LOFF_G0010290	rRNA	LOFF_G0010290	rRNA_T291	N/A	N/A	N/A	N/A	N/A	N/A	N/A	N/A	N/A	ortholog	Liftoff	N/A	N/A	N/A	False
chr13	9163240	9168326	RNA28S1-1	0	+	9168326	9168326	85,212,76	1	5086	0	RNA28S1	none	none	-1	LOFF_T0010291	rRNA	LOFF_G0010291	rRNA	LOFF_G0010291	rRNA_T292	N/A	N/A	N/A	N/A	N/A	N/A	N/A	N/A	N/A	ortholog	Liftoff	N/A	N/A	N/A	False
chr13	9201670	9215006	RNA45S1-1	0	+	9215006	9215006	85,212,76	1	13336	0	RNA45S1	none	none	-1	LOFF_T0010292	rRNA	LOFF_G0010292	rRNA	LOFF_G0010292	rRNA_T293	N/A	N/A	N/A	N/A	N/A	N/A	N/A	N/A	N/A	ortholog	Liftoff	N/A	N/A	N/A	False
chr13	9205310	9207179	RNA18S1-1	0	+	9207179	9207179	85,212,76	1	1869	0	RNA18S1	none	none	-1	LOFF_T0010293	rRNA	LOFF_G0010293	rRNA	LOFF_G0010293	rRNA_T294	N/A	N/A	N/A	N/A	N/A	N/A	N/A	N/A	N/A	ortholog	Liftoff	N/A	N/A	N/A	False
chr13	9208261	9208418	RNA5-8S1-1	0	+	9208418	9208418	85,212,76	1	157	0	RNA5-8S1	none	none	-1	LOFF_T0010294	rRNA	LOFF_G0010294	rRNA	LOFF_G0010294	rRNA_T295	N/A	N/A	N/A	N/A	N/A	N/A	N/A	N/A	N/A	ortholog	Liftoff	N/A	N/A	N/A	False
chr13	9209586	9214648	RNA28S1-1	0	+	9214648	9214648	85,212,76	1	5062	0	RNA28S1	none	none	-1	LOFF_T0010295	rRNA	LOFF_G0010295	rRNA	LOFF_G0010295	rRNA_T296	N/A	N/A	N/A	N/A	N/A	N/A	N/A	N/A	N/A	ortholog	Liftoff	N/A	N/A	N/A	False
chr13	9246540	9259894	RNA45S1-1	0	+	9259894	9259894	85,212,76	1	13354	0	RNA45S1	none	none	-1	LOFF_T0010296	rRNA	LOFF_G0010296	rRNA	LOFF_G0010296	rRNA_T297	N/A	N/A	N/A	N/A	N/A	N/A	N/A	N/A	N/A	ortholog	Liftoff	N/A	N/A	N/A	False
chr13	9250196	9252065	RNA18S1-1	0	+	9252065	9252065	85,212,76	1	1869	0	RNA18S1	none	none	-1	LOFF_T0010297	rRNA	LOFF_G0010297	rRNA	LOFF_G0010297	rRNA_T298	N/A	N/A	N/A	N/A	N/A	N/A	N/A	N/A	N/A	ortholog	Liftoff	N/A	N/A	N/A	False
chr13	9253143	9253300	RNA5-8S1-1	0	+	9253300	9253300	85,212,76	1	157	0	RNA5-8S1	none	none	-1	LOFF_T0010298	rRNA	LOFF_G0010298	rRNA	LOFF_G0010298	rRNA_T299	N/A	N/A	N/A	N/A	N/A	N/A	N/A	N/A	N/A	ortholog	Liftoff	N/A	N/A	N/A	False
chr13	9254471	9259539	RNA28S1-1	0	+	9259539	9259539	85,212,76	1	5068	0	RNA28S1	none	none	-1	LOFF_T0010299	rRNA	LOFF_G0010299	rRNA	LOFF_G0010299	rRNA_T300	N/A	N/A	N/A	N/A	N/A	N/A	N/A	N/A	N/A	ortholog	Liftoff	N/A	N/A	N/A	False
chr13	9295789	9309130	RNA45S1-1	0	+	9309130	9309130	85,212,76	1	13341	0	RNA45S1	none	none	-1	LOFF_T0010300	rRNA	LOFF_G0010300	rRNA	LOFF_G0010300	rRNA_T301	N/A	N/A	N/A	N/A	N/A	N/A	N/A	N/A	N/A	ortholog	Liftoff	N/A	N/A	N/A	False
chr13	9299442	9301311	RNA18S1-1	0	+	9301311	9301311	85,212,76	1	1869	0	RNA18S1	none	none	-1	LOFF_T0010301	rRNA	LOFF_G0010301	rRNA	LOFF_G0010301	rRNA_T302	N/A	N/A	N/A	N/A	N/A	N/A	N/A	N/A	N/A	ortholog	Liftoff	N/A	N/A	N/A	False
chr13	9302378	9302535	RNA5-8S1-1	0	+	9302535	9302535	85,212,76	1	157	0	RNA5-8S1	none	none	-1	LOFF_T0010302	rRNA	LOFF_G0010302	rRNA	LOFF_G0010302	rRNA_T303	N/A	N/A	N/A	N/A	N/A	N/A	N/A	N/A	N/A	ortholog	Liftoff	N/A	N/A	N/A	False
chr13	9303703	9308777	RNA28S1-1	0	+	9308777	9308777	85,212,76	1	5074	0	RNA28S1	none	none	-1	LOFF_T0010303	rRNA	LOFF_G0010303	rRNA	LOFF_G0010303	rRNA_T304	N/A	N/A	N/A	N/A	N/A	N/A	N/A	N/A	N/A	ortholog	Liftoff	N/A	N/A	N/A	False
chr14	2103527	2116889	RNA45S2-1	0	+	2116889	2116889	85,212,76	1	13362	0	RNA45S2	none	none	-1	LOFF_T0010304	rRNA	LOFF_G0010304	rRNA	LOFF_G0010304	rRNA_T305	N/A	N/A	N/A	N/A	N/A	N/A	N/A	N/A	N/A	ortholog	Liftoff	N/A	N/A	N/A	False
chr14	2107165	2109034	RNA18S2-1	0	+	2109034	2109034	85,212,76	1	1869	0	RNA18S2	none	none	-1	LOFF_T0010305	rRNA	LOFF_G0010305	rRNA	LOFF_G0010305	rRNA_T306	N/A	N/A	N/A	N/A	N/A	N/A	N/A	N/A	N/A	ortholog	Liftoff	N/A	N/A	N/A	False
chr14	2110112	2110269	RNA5-8S2-1	0	+	2110269	2110269	85,212,76	1	157	0	RNA5-8S2	none	none	-1	LOFF_T0010306	rRNA	LOFF_G0010306	rRNA	LOFF_G0010306	rRNA_T307	N/A	N/A	N/A	N/A	N/A	N/A	N/A	N/A	N/A	ortholog	Liftoff	N/A	N/A	N/A	False
chr14	2111437	2116522	RNA28S2-1	0	+	2116522	2116522	85,212,76	1	5085	0	RNA28S2	none	none	-1	LOFF_T0010307	rRNA	LOFF_G0010307	rRNA	LOFF_G0010307	rRNA_T308	N/A	N/A	N/A	N/A	N/A	N/A	N/A	N/A	N/A	ortholog	Liftoff	N/A	N/A	N/A	False
chr14	2147806	2161161	RNA45S2-1	0	+	2161161	2161161	85,212,76	1	13355	0	RNA45S2	none	none	-1	LOFF_T0010308	rRNA	LOFF_G0010308	rRNA	LOFF_G0010308	rRNA_T309	N/A	N/A	N/A	N/A	N/A	N/A	N/A	N/A	N/A	ortholog	Liftoff	N/A	N/A	N/A	False
chr14	2151444	2153313	RNA18S2-1	0	+	2153313	2153313	85,212,76	1	1869	0	RNA18S2	none	none	-1	LOFF_T0010309	rRNA	LOFF_G0010309	rRNA	LOFF_G0010309	rRNA_T310	N/A	N/A	N/A	N/A	N/A	N/A	N/A	N/A	N/A	ortholog	Liftoff	N/A	N/A	N/A	False
chr14	2154384	2154541	RNA5-8S2-1	0	+	2154541	2154541	85,212,76	1	157	0	RNA5-8S2	none	none	-1	LOFF_T0010310	rRNA	LOFF_G0010310	rRNA	LOFF_G0010310	rRNA_T311	N/A	N/A	N/A	N/A	N/A	N/A	N/A	N/A	N/A	ortholog	Liftoff	N/A	N/A	N/A	False
chr14	2155709	2160794	RNA28S2-1	0	+	2160794	2160794	85,212,76	1	5085	0	RNA28S2	none	none	-1	LOFF_T0010311	rRNA	LOFF_G0010311	rRNA	LOFF_G0010311	rRNA_T312	N/A	N/A	N/A	N/A	N/A	N/A	N/A	N/A	N/A	ortholog	Liftoff	N/A	N/A	N/A	False
chr14	2192078	2205433	RNA45S2-1	0	+	2205433	2205433	85,212,76	1	13355	0	RNA45S2	none	none	-1	LOFF_T0010312	rRNA	LOFF_G0010312	rRNA	LOFF_G0010312	rRNA_T313	N/A	N/A	N/A	N/A	N/A	N/A	N/A	N/A	N/A	ortholog	Liftoff	N/A	N/A	N/A	False
chr14	2195716	2197585	RNA18S2-1	0	+	2197585	2197585	85,212,76	1	1869	0	RNA18S2	none	none	-1	LOFF_T0010313	rRNA	LOFF_G0010313	rRNA	LOFF_G0010313	rRNA_T314	N/A	N/A	N/A	N/A	N/A	N/A	N/A	N/A	N/A	ortholog	Liftoff	N/A	N/A	N/A	False
chr14	2198656	2198813	RNA5-8S2-1	0	+	2198813	2198813	85,212,76	1	157	0	RNA5-8S2	none	none	-1	LOFF_T0010314	rRNA	LOFF_G0010314	rRNA	LOFF_G0010314	rRNA_T315	N/A	N/A	N/A	N/A	N/A	N/A	N/A	N/A	N/A	ortholog	Liftoff	N/A	N/A	N/A	False
chr14	2199981	2205066	RNA28S2-1	0	+	2205066	2205066	85,212,76	1	5085	0	RNA28S2	none	none	-1	LOFF_T0010315	rRNA	LOFF_G0010315	rRNA	LOFF_G0010315	rRNA_T316	N/A	N/A	N/A	N/A	N/A	N/A	N/A	N/A	N/A	ortholog	Liftoff	N/A	N/A	N/A	False
chr14	2236350	2249705	RNA45S2-1	0	+	2249705	2249705	85,212,76	1	13355	0	RNA45S2	none	none	-1	LOFF_T0010316	rRNA	LOFF_G0010316	rRNA	LOFF_G0010316	rRNA_T317	N/A	N/A	N/A	N/A	N/A	N/A	N/A	N/A	N/A	ortholog	Liftoff	N/A	N/A	N/A	False
chr14	2239988	2241857	RNA18S2-1	0	+	2241857	2241857	85,212,76	1	1869	0	RNA18S2	none	none	-1	LOFF_T0010317	rRNA	LOFF_G0010317	rRNA	LOFF_G0010317	rRNA_T318	N/A	N/A	N/A	N/A	N/A	N/A	N/A	N/A	N/A	ortholog	Liftoff	N/A	N/A	N/A	False
chr14	2242928	2243085	RNA5-8S2-1	0	+	2243085	2243085	85,212,76	1	157	0	RNA5-8S2	none	none	-1	LOFF_T0010318	rRNA	LOFF_G0010318	rRNA	LOFF_G0010318	rRNA_T319	N/A	N/A	N/A	N/A	N/A	N/A	N/A	N/A	N/A	ortholog	Liftoff	N/A	N/A	N/A	False
chr14	2244253	2249338	RNA28S2-1	0	+	2249338	2249338	85,212,76	1	5085	0	RNA28S2	none	none	-1	LOFF_T0010319	rRNA	LOFF_G0010319	rRNA	LOFF_G0010319	rRNA_T320	N/A	N/A	N/A	N/A	N/A	N/A	N/A	N/A	N/A	ortholog	Liftoff	N/A	N/A	N/A	False
chr14	2280622	2293977	RNA45S2-1	0	+	2293977	2293977	85,212,76	1	13355	0	RNA45S2	none	none	-1	LOFF_T0010320	rRNA	LOFF_G0010320	rRNA	LOFF_G0010320	rRNA_T321	N/A	N/A	N/A	N/A	N/A	N/A	N/A	N/A	N/A	ortholog	Liftoff	N/A	N/A	N/A	False
chr14	2284260	2286129	RNA18S2-1	0	+	2286129	2286129	85,212,76	1	1869	0	RNA18S2	none	none	-1	LOFF_T0010321	rRNA	LOFF_G0010321	rRNA	LOFF_G0010321	rRNA_T322	N/A	N/A	N/A	N/A	N/A	N/A	N/A	N/A	N/A	ortholog	Liftoff	N/A	N/A	N/A	False
chr14	2287200	2287357	RNA5-8S2-1	0	+	2287357	2287357	85,212,76	1	157	0	RNA5-8S2	none	none	-1	LOFF_T0010322	rRNA	LOFF_G0010322	rRNA	LOFF_G0010322	rRNA_T323	N/A	N/A	N/A	N/A	N/A	N/A	N/A	N/A	N/A	ortholog	Liftoff	N/A	N/A	N/A	False
chr14	2288525	2293610	RNA28S2-1	0	+	2293610	2293610	85,212,76	1	5085	0	RNA28S2	none	none	-1	LOFF_T0010323	rRNA	LOFF_G0010323	rRNA	LOFF_G0010323	rRNA_T324	N/A	N/A	N/A	N/A	N/A	N/A	N/A	N/A	N/A	ortholog	Liftoff	N/A	N/A	N/A	False
chr14	2324894	2338249	RNA45S2-1	0	+	2338249	2338249	85,212,76	1	13355	0	RNA45S2	none	none	-1	LOFF_T0010324	rRNA	LOFF_G0010324	rRNA	LOFF_G0010324	rRNA_T325	N/A	N/A	N/A	N/A	N/A	N/A	N/A	N/A	N/A	ortholog	Liftoff	N/A	N/A	N/A	False
chr14	2328532	2330401	RNA18S2-1	0	+	2330401	2330401	85,212,76	1	1869	0	RNA18S2	none	none	-1	LOFF_T0010325	rRNA	LOFF_G0010325	rRNA	LOFF_G0010325	rRNA_T326	N/A	N/A	N/A	N/A	N/A	N/A	N/A	N/A	N/A	ortholog	Liftoff	N/A	N/A	N/A	False
chr14	2331472	2331629	RNA5-8S2-1	0	+	2331629	2331629	85,212,76	1	157	0	RNA5-8S2	none	none	-1	LOFF_T0010326	rRNA	LOFF_G0010326	rRNA	LOFF_G0010326	rRNA_T327	N/A	N/A	N/A	N/A	N/A	N/A	N/A	N/A	N/A	ortholog	Liftoff	N/A	N/A	N/A	False
chr14	2332797	2337882	RNA28S2-1	0	+	2337882	2337882	85,212,76	1	5085	0	RNA28S2	none	none	-1	LOFF_T0010327	rRNA	LOFF_G0010327	rRNA	LOFF_G0010327	rRNA_T328	N/A	N/A	N/A	N/A	N/A	N/A	N/A	N/A	N/A	ortholog	Liftoff	N/A	N/A	N/A	False
chr14	2369166	2382521	RNA45S2-1	0	+	2382521	2382521	85,212,76	1	13355	0	RNA45S2	none	none	-1	LOFF_T0010328	rRNA	LOFF_G0010328	rRNA	LOFF_G0010328	rRNA_T329	N/A	N/A	N/A	N/A	N/A	N/A	N/A	N/A	N/A	ortholog	Liftoff	N/A	N/A	N/A	False
chr14	2372804	2374673	RNA18S2-1	0	+	2374673	2374673	85,212,76	1	1869	0	RNA18S2	none	none	-1	LOFF_T0010329	rRNA	LOFF_G0010329	rRNA	LOFF_G0010329	rRNA_T330	N/A	N/A	N/A	N/A	N/A	N/A	N/A	N/A	N/A	ortholog	Liftoff	N/A	N/A	N/A	False
chr14	2375744	2375901	RNA5-8S2-1	0	+	2375901	2375901	85,212,76	1	157	0	RNA5-8S2	none	none	-1	LOFF_T0010330	rRNA	LOFF_G0010330	rRNA	LOFF_G0010330	rRNA_T331	N/A	N/A	N/A	N/A	N/A	N/A	N/A	N/A	N/A	ortholog	Liftoff	N/A	N/A	N/A	False
chr14	2377069	2382154	RNA28S2-1	0	+	2382154	2382154	85,212,76	1	5085	0	RNA28S2	none	none	-1	LOFF_T0010331	rRNA	LOFF_G0010331	rRNA	LOFF_G0010331	rRNA_T332	N/A	N/A	N/A	N/A	N/A	N/A	N/A	N/A	N/A	ortholog	Liftoff	N/A	N/A	N/A	False
chr14	2413438	2426793	RNA45S2-1	0	+	2426793	2426793	85,212,76	1	13355	0	RNA45S2	none	none	-1	LOFF_T0010332	rRNA	LOFF_G0010332	rRNA	LOFF_G0010332	rRNA_T333	N/A	N/A	N/A	N/A	N/A	N/A	N/A	N/A	N/A	ortholog	Liftoff	N/A	N/A	N/A	False
chr14	2417076	2418945	RNA18S2-1	0	+	2418945	2418945	85,212,76	1	1869	0	RNA18S2	none	none	-1	LOFF_T0010333	rRNA	LOFF_G0010333	rRNA	LOFF_G0010333	rRNA_T334	N/A	N/A	N/A	N/A	N/A	N/A	N/A	N/A	N/A	ortholog	Liftoff	N/A	N/A	N/A	False
chr14	2420016	2420173	RNA5-8S2-1	0	+	2420173	2420173	85,212,76	1	157	0	RNA5-8S2	none	none	-1	LOFF_T0010334	rRNA	LOFF_G0010334	rRNA	LOFF_G0010334	rRNA_T335	N/A	N/A	N/A	N/A	N/A	N/A	N/A	N/A	N/A	ortholog	Liftoff	N/A	N/A	N/A	False
chr14	2421341	2426426	RNA28S2-1	0	+	2426426	2426426	85,212,76	1	5085	0	RNA28S2	none	none	-1	LOFF_T0010335	rRNA	LOFF_G0010335	rRNA	LOFF_G0010335	rRNA_T336	N/A	N/A	N/A	N/A	N/A	N/A	N/A	N/A	N/A	ortholog	Liftoff	N/A	N/A	N/A	False
chr14	2457710	2471065	RNA45S2-1	0	+	2471065	2471065	85,212,76	1	13355	0	RNA45S2	none	none	-1	LOFF_T0010336	rRNA	LOFF_G0010336	rRNA	LOFF_G0010336	rRNA_T337	N/A	N/A	N/A	N/A	N/A	N/A	N/A	N/A	N/A	ortholog	Liftoff	N/A	N/A	N/A	False
chr14	2461348	2463217	RNA18S2-1	0	+	2463217	2463217	85,212,76	1	1869	0	RNA18S2	none	none	-1	LOFF_T0010337	rRNA	LOFF_G0010337	rRNA	LOFF_G0010337	rRNA_T338	N/A	N/A	N/A	N/A	N/A	N/A	N/A	N/A	N/A	ortholog	Liftoff	N/A	N/A	N/A	False
chr14	2464288	2464445	RNA5-8S2-1	0	+	2464445	2464445	85,212,76	1	157	0	RNA5-8S2	none	none	-1	LOFF_T0010338	rRNA	LOFF_G0010338	rRNA	LOFF_G0010338	rRNA_T339	N/A	N/A	N/A	N/A	N/A	N/A	N/A	N/A	N/A	ortholog	Liftoff	N/A	N/A	N/A	False
chr14	2465613	2470698	RNA28S2-1	0	+	2470698	2470698	85,212,76	1	5085	0	RNA28S2	none	none	-1	LOFF_T0010339	rRNA	LOFF_G0010339	rRNA	LOFF_G0010339	rRNA_T340	N/A	N/A	N/A	N/A	N/A	N/A	N/A	N/A	N/A	ortholog	Liftoff	N/A	N/A	N/A	False
chr14	2501982	2515337	RNA45S2-1	0	+	2515337	2515337	85,212,76	1	13355	0	RNA45S2	none	none	-1	LOFF_T0010340	rRNA	LOFF_G0010340	rRNA	LOFF_G0010340	rRNA_T341	N/A	N/A	N/A	N/A	N/A	N/A	N/A	N/A	N/A	ortholog	Liftoff	N/A	N/A	N/A	False
chr14	2505620	2507489	RNA18S2-1	0	+	2507489	2507489	85,212,76	1	1869	0	RNA18S2	none	none	-1	LOFF_T0010341	rRNA	LOFF_G0010341	rRNA	LOFF_G0010341	rRNA_T342	N/A	N/A	N/A	N/A	N/A	N/A	N/A	N/A	N/A	ortholog	Liftoff	N/A	N/A	N/A	False
chr14	2508560	2508717	RNA5-8S2-1	0	+	2508717	2508717	85,212,76	1	157	0	RNA5-8S2	none	none	-1	LOFF_T0010342	rRNA	LOFF_G0010342	rRNA	LOFF_G0010342	rRNA_T343	N/A	N/A	N/A	N/A	N/A	N/A	N/A	N/A	N/A	ortholog	Liftoff	N/A	N/A	N/A	False
chr14	2509885	2514970	RNA28S2-1	0	+	2514970	2514970	85,212,76	1	5085	0	RNA28S2	none	none	-1	LOFF_T0010343	rRNA	LOFF_G0010343	rRNA	LOFF_G0010343	rRNA_T344	N/A	N/A	N/A	N/A	N/A	N/A	N/A	N/A	N/A	ortholog	Liftoff	N/A	N/A	N/A	False
chr14	2546254	2559609	RNA45S2-1	0	+	2559609	2559609	85,212,76	1	13355	0	RNA45S2	none	none	-1	LOFF_T0010344	rRNA	LOFF_G0010344	rRNA	LOFF_G0010344	rRNA_T345	N/A	N/A	N/A	N/A	N/A	N/A	N/A	N/A	N/A	ortholog	Liftoff	N/A	N/A	N/A	False
chr14	2549892	2551761	RNA18S2-1	0	+	2551761	2551761	85,212,76	1	1869	0	RNA18S2	none	none	-1	LOFF_T0010345	rRNA	LOFF_G0010345	rRNA	LOFF_G0010345	rRNA_T346	N/A	N/A	N/A	N/A	N/A	N/A	N/A	N/A	N/A	ortholog	Liftoff	N/A	N/A	N/A	False
chr14	2552832	2552989	RNA5-8S2-1	0	+	2552989	2552989	85,212,76	1	157	0	RNA5-8S2	none	none	-1	LOFF_T0010346	rRNA	LOFF_G0010346	rRNA	LOFF_G0010346	rRNA_T347	N/A	N/A	N/A	N/A	N/A	N/A	N/A	N/A	N/A	ortholog	Liftoff	N/A	N/A	N/A	False
chr14	2554157	2559242	RNA28S2-1	0	+	2559242	2559242	85,212,76	1	5085	0	RNA28S2	none	none	-1	LOFF_T0010347	rRNA	LOFF_G0010347	rRNA	LOFF_G0010347	rRNA_T348	N/A	N/A	N/A	N/A	N/A	N/A	N/A	N/A	N/A	ortholog	Liftoff	N/A	N/A	N/A	False
chr14	2590526	2603881	RNA45S2-1	0	+	2603881	2603881	85,212,76	1	13355	0	RNA45S2	none	none	-1	LOFF_T0010348	rRNA	LOFF_G0010348	rRNA	LOFF_G0010348	rRNA_T349	N/A	N/A	N/A	N/A	N/A	N/A	N/A	N/A	N/A	ortholog	Liftoff	N/A	N/A	N/A	False
chr14	2594164	2596033	RNA18S2-1	0	+	2596033	2596033	85,212,76	1	1869	0	RNA18S2	none	none	-1	LOFF_T0010349	rRNA	LOFF_G0010349	rRNA	LOFF_G0010349	rRNA_T350	N/A	N/A	N/A	N/A	N/A	N/A	N/A	N/A	N/A	ortholog	Liftoff	N/A	N/A	N/A	False
chr14	2597104	2597261	RNA5-8S2-1	0	+	2597261	2597261	85,212,76	1	157	0	RNA5-8S2	none	none	-1	LOFF_T0010350	rRNA	LOFF_G0010350	rRNA	LOFF_G0010350	rRNA_T351	N/A	N/A	N/A	N/A	N/A	N/A	N/A	N/A	N/A	ortholog	Liftoff	N/A	N/A	N/A	False
chr14	2598429	2603514	RNA28S2-1	0	+	2603514	2603514	85,212,76	1	5085	0	RNA28S2	none	none	-1	LOFF_T0010351	rRNA	LOFF_G0010351	rRNA	LOFF_G0010351	rRNA_T352	N/A	N/A	N/A	N/A	N/A	N/A	N/A	N/A	N/A	ortholog	Liftoff	N/A	N/A	N/A	False
chr14	2634798	2648153	RNA45S2-1	0	+	2648153	2648153	85,212,76	1	13355	0	RNA45S2	none	none	-1	LOFF_T0010352	rRNA	LOFF_G0010352	rRNA	LOFF_G0010352	rRNA_T353	N/A	N/A	N/A	N/A	N/A	N/A	N/A	N/A	N/A	ortholog	Liftoff	N/A	N/A	N/A	False
chr14	2638436	2640305	RNA18S2-1	0	+	2640305	2640305	85,212,76	1	1869	0	RNA18S2	none	none	-1	LOFF_T0010353	rRNA	LOFF_G0010353	rRNA	LOFF_G0010353	rRNA_T354	N/A	N/A	N/A	N/A	N/A	N/A	N/A	N/A	N/A	ortholog	Liftoff	N/A	N/A	N/A	False
chr14	2641376	2641533	RNA5-8S2-1	0	+	2641533	2641533	85,212,76	1	157	0	RNA5-8S2	none	none	-1	LOFF_T0010354	rRNA	LOFF_G0010354	rRNA	LOFF_G0010354	rRNA_T355	N/A	N/A	N/A	N/A	N/A	N/A	N/A	N/A	N/A	ortholog	Liftoff	N/A	N/A	N/A	False
chr14	2642701	2647786	RNA28S2-1	0	+	2647786	2647786	85,212,76	1	5085	0	RNA28S2	none	none	-1	LOFF_T0010355	rRNA	LOFF_G0010355	rRNA	LOFF_G0010355	rRNA_T356	N/A	N/A	N/A	N/A	N/A	N/A	N/A	N/A	N/A	ortholog	Liftoff	N/A	N/A	N/A	False
chr14	2679070	2692425	RNA45S2-1	0	+	2692425	2692425	85,212,76	1	13355	0	RNA45S2	none	none	-1	LOFF_T0010356	rRNA	LOFF_G0010356	rRNA	LOFF_G0010356	rRNA_T357	N/A	N/A	N/A	N/A	N/A	N/A	N/A	N/A	N/A	ortholog	Liftoff	N/A	N/A	N/A	False
chr14	2682708	2684577	RNA18S2-1	0	+	2684577	2684577	85,212,76	1	1869	0	RNA18S2	none	none	-1	LOFF_T0010357	rRNA	LOFF_G0010357	rRNA	LOFF_G0010357	rRNA_T358	N/A	N/A	N/A	N/A	N/A	N/A	N/A	N/A	N/A	ortholog	Liftoff	N/A	N/A	N/A	False
chr14	2685648	2685805	RNA5-8S2-1	0	+	2685805	2685805	85,212,76	1	157	0	RNA5-8S2	none	none	-1	LOFF_T0010358	rRNA	LOFF_G0010358	rRNA	LOFF_G0010358	rRNA_T359	N/A	N/A	N/A	N/A	N/A	N/A	N/A	N/A	N/A	ortholog	Liftoff	N/A	N/A	N/A	False
chr14	2686973	2692058	RNA28S2-1	0	+	2692058	2692058	85,212,76	1	5085	0	RNA28S2	none	none	-1	LOFF_T0010359	rRNA	LOFF_G0010359	rRNA	LOFF_G0010359	rRNA_T360	N/A	N/A	N/A	N/A	N/A	N/A	N/A	N/A	N/A	ortholog	Liftoff	N/A	N/A	N/A	False
chr14	2723342	2736697	RNA45S2-1	0	+	2736697	2736697	85,212,76	1	13355	0	RNA45S2	none	none	-1	LOFF_T0010360	rRNA	LOFF_G0010360	rRNA	LOFF_G0010360	rRNA_T361	N/A	N/A	N/A	N/A	N/A	N/A	N/A	N/A	N/A	ortholog	Liftoff	N/A	N/A	N/A	False
chr14	2726980	2728849	RNA18S2-1	0	+	2728849	2728849	85,212,76	1	1869	0	RNA18S2	none	none	-1	LOFF_T0010361	rRNA	LOFF_G0010361	rRNA	LOFF_G0010361	rRNA_T362	N/A	N/A	N/A	N/A	N/A	N/A	N/A	N/A	N/A	ortholog	Liftoff	N/A	N/A	N/A	False
chr14	2729920	2730077	RNA5-8S2-1	0	+	2730077	2730077	85,212,76	1	157	0	RNA5-8S2	none	none	-1	LOFF_T0010362	rRNA	LOFF_G0010362	rRNA	LOFF_G0010362	rRNA_T363	N/A	N/A	N/A	N/A	N/A	N/A	N/A	N/A	N/A	ortholog	Liftoff	N/A	N/A	N/A	False
chr14	2731245	2736330	RNA28S2-1	0	+	2736330	2736330	85,212,76	1	5085	0	RNA28S2	none	none	-1	LOFF_T0010363	rRNA	LOFF_G0010363	rRNA	LOFF_G0010363	rRNA_T364	N/A	N/A	N/A	N/A	N/A	N/A	N/A	N/A	N/A	ortholog	Liftoff	N/A	N/A	N/A	False
chr14	2767484	2780864	RNA45S2-1	0	+	2780864	2780864	85,212,76	1	13380	0	RNA45S2	none	none	-1	LOFF_T0010364	rRNA	LOFF_G0010364	rRNA	LOFF_G0010364	rRNA_T365	N/A	N/A	N/A	N/A	N/A	N/A	N/A	N/A	N/A	ortholog	Liftoff	N/A	N/A	N/A	False
chr14	2771140	2773009	RNA18S2-1	0	+	2773009	2773009	85,212,76	1	1869	0	RNA18S2	none	none	-1	LOFF_T0010365	rRNA	LOFF_G0010365	rRNA	LOFF_G0010365	rRNA_T366	N/A	N/A	N/A	N/A	N/A	N/A	N/A	N/A	N/A	ortholog	Liftoff	N/A	N/A	N/A	False
chr14	2774084	2774241	RNA5-8S2-1	0	+	2774241	2774241	85,212,76	1	157	0	RNA5-8S2	none	none	-1	LOFF_T0010366	rRNA	LOFF_G0010366	rRNA	LOFF_G0010366	rRNA_T367	N/A	N/A	N/A	N/A	N/A	N/A	N/A	N/A	N/A	ortholog	Liftoff	N/A	N/A	N/A	False
chr14	2775409	2780497	RNA28S2-1	0	+	2780497	2780497	85,212,76	1	5088	0	RNA28S2	none	none	-1	LOFF_T0010367	rRNA	LOFF_G0010367	rRNA	LOFF_G0010367	rRNA_T368	N/A	N/A	N/A	N/A	N/A	N/A	N/A	N/A	N/A	ortholog	Liftoff	N/A	N/A	N/A	False
chr15	2510165	2523524	RNA45S3-1	0	+	2523524	2523524	85,212,76	1	13359	0	RNA45S3	none	none	-1	LOFF_T0010368	rRNA	LOFF_G0010368	rRNA	LOFF_G0010368	rRNA_T369	N/A	N/A	N/A	N/A	N/A	N/A	N/A	N/A	N/A	ortholog	Liftoff	N/A	N/A	N/A	False
chr15	2513820	2515689	RNA18S3-1	0	+	2515689	2515689	85,212,76	1	1869	0	RNA18S3	none	none	-1	LOFF_T0010369	rRNA	LOFF_G0010369	rRNA	LOFF_G0010369	rRNA_T370	N/A	N/A	N/A	N/A	N/A	N/A	N/A	N/A	N/A	ortholog	Liftoff	N/A	N/A	N/A	False
chr15	2516763	2516920	RNA5-8S3-1	0	+	2516920	2516920	85,212,76	1	157	0	RNA5-8S3	none	none	-1	LOFF_T0010370	rRNA	LOFF_G0010370	rRNA	LOFF_G0010370	rRNA_T371	N/A	N/A	N/A	N/A	N/A	N/A	N/A	N/A	N/A	ortholog	Liftoff	N/A	N/A	N/A	False
chr15	2518088	2523167	RNA28S3-1	0	+	2523167	2523167	85,212,76	1	5079	0	RNA28S3	none	none	-1	LOFF_T0010371	rRNA	LOFF_G0010371	rRNA	LOFF_G0010371	rRNA_T372	N/A	N/A	N/A	N/A	N/A	N/A	N/A	N/A	N/A	ortholog	Liftoff	N/A	N/A	N/A	False
chr15	2552720	2566051	RNA45S3-1	0	+	2566051	2566051	85,212,76	1	13331	0	RNA45S3	none	none	-1	LOFF_T0010372	rRNA	LOFF_G0010372	rRNA	LOFF_G0010372	rRNA_T373	N/A	N/A	N/A	N/A	N/A	N/A	N/A	N/A	N/A	ortholog	Liftoff	N/A	N/A	N/A	False
chr15	2556359	2558228	RNA18S3-1	0	+	2558228	2558228	85,212,76	1	1869	0	RNA18S3	none	none	-1	LOFF_T0010373	rRNA	LOFF_G0010373	rRNA	LOFF_G0010373	rRNA_T374	N/A	N/A	N/A	N/A	N/A	N/A	N/A	N/A	N/A	ortholog	Liftoff	N/A	N/A	N/A	False
chr15	2559304	2559461	RNA5-8S3-1	0	+	2559461	2559461	85,212,76	1	157	0	RNA5-8S3	none	none	-1	LOFF_T0010374	rRNA	LOFF_G0010374	rRNA	LOFF_G0010374	rRNA_T375	N/A	N/A	N/A	N/A	N/A	N/A	N/A	N/A	N/A	ortholog	Liftoff	N/A	N/A	N/A	False
chr15	2560629	2565694	RNA28S3-1	0	+	2565694	2565694	85,212,76	1	5065	0	RNA28S3	none	none	-1	LOFF_T0010375	rRNA	LOFF_G0010375	rRNA	LOFF_G0010375	rRNA_T376	N/A	N/A	N/A	N/A	N/A	N/A	N/A	N/A	N/A	ortholog	Liftoff	N/A	N/A	N/A	False
chr15	2595247	2608578	RNA45S3-1	0	+	2608578	2608578	85,212,76	1	13331	0	RNA45S3	none	none	-1	LOFF_T0010376	rRNA	LOFF_G0010376	rRNA	LOFF_G0010376	rRNA_T377	N/A	N/A	N/A	N/A	N/A	N/A	N/A	N/A	N/A	ortholog	Liftoff	N/A	N/A	N/A	False
chr15	2598886	2600755	RNA18S3-1	0	+	2600755	2600755	85,212,76	1	1869	0	RNA18S3	none	none	-1	LOFF_T0010377	rRNA	LOFF_G0010377	rRNA	LOFF_G0010377	rRNA_T378	N/A	N/A	N/A	N/A	N/A	N/A	N/A	N/A	N/A	ortholog	Liftoff	N/A	N/A	N/A	False
chr15	2601831	2601988	RNA5-8S3-1	0	+	2601988	2601988	85,212,76	1	157	0	RNA5-8S3	none	none	-1	LOFF_T0010378	rRNA	LOFF_G0010378	rRNA	LOFF_G0010378	rRNA_T379	N/A	N/A	N/A	N/A	N/A	N/A	N/A	N/A	N/A	ortholog	Liftoff	N/A	N/A	N/A	False
chr15	2603156	2608221	RNA28S3-1	0	+	2608221	2608221	85,212,76	1	5065	0	RNA28S3	none	none	-1	LOFF_T0010379	rRNA	LOFF_G0010379	rRNA	LOFF_G0010379	rRNA_T380	N/A	N/A	N/A	N/A	N/A	N/A	N/A	N/A	N/A	ortholog	Liftoff	N/A	N/A	N/A	False
chr15	2637774	2651105	RNA45S3-1	0	+	2651105	2651105	85,212,76	1	13331	0	RNA45S3	none	none	-1	LOFF_T0010380	rRNA	LOFF_G0010380	rRNA	LOFF_G0010380	rRNA_T381	N/A	N/A	N/A	N/A	N/A	N/A	N/A	N/A	N/A	ortholog	Liftoff	N/A	N/A	N/A	False
chr15	2641413	2643282	RNA18S3-1	0	+	2643282	2643282	85,212,76	1	1869	0	RNA18S3	none	none	-1	LOFF_T0010381	rRNA	LOFF_G0010381	rRNA	LOFF_G0010381	rRNA_T382	N/A	N/A	N/A	N/A	N/A	N/A	N/A	N/A	N/A	ortholog	Liftoff	N/A	N/A	N/A	False
chr15	2644358	2644515	RNA5-8S3-1	0	+	2644515	2644515	85,212,76	1	157	0	RNA5-8S3	none	none	-1	LOFF_T0010382	rRNA	LOFF_G0010382	rRNA	LOFF_G0010382	rRNA_T383	N/A	N/A	N/A	N/A	N/A	N/A	N/A	N/A	N/A	ortholog	Liftoff	N/A	N/A	N/A	False
chr15	2645683	2650748	RNA28S3-1	0	+	2650748	2650748	85,212,76	1	5065	0	RNA28S3	none	none	-1	LOFF_T0010383	rRNA	LOFF_G0010383	rRNA	LOFF_G0010383	rRNA_T384	N/A	N/A	N/A	N/A	N/A	N/A	N/A	N/A	N/A	ortholog	Liftoff	N/A	N/A	N/A	False
chr15	2680301	2693632	RNA45S3-1	0	+	2693632	2693632	85,212,76	1	13331	0	RNA45S3	none	none	-1	LOFF_T0010384	rRNA	LOFF_G0010384	rRNA	LOFF_G0010384	rRNA_T385	N/A	N/A	N/A	N/A	N/A	N/A	N/A	N/A	N/A	ortholog	Liftoff	N/A	N/A	N/A	False
chr15	2683940	2685809	RNA18S3-1	0	+	2685809	2685809	85,212,76	1	1869	0	RNA18S3	none	none	-1	LOFF_T0010385	rRNA	LOFF_G0010385	rRNA	LOFF_G0010385	rRNA_T386	N/A	N/A	N/A	N/A	N/A	N/A	N/A	N/A	N/A	ortholog	Liftoff	N/A	N/A	N/A	False
chr15	2686885	2687042	RNA5-8S3-1	0	+	2687042	2687042	85,212,76	1	157	0	RNA5-8S3	none	none	-1	LOFF_T0010386	rRNA	LOFF_G0010386	rRNA	LOFF_G0010386	rRNA_T387	N/A	N/A	N/A	N/A	N/A	N/A	N/A	N/A	N/A	ortholog	Liftoff	N/A	N/A	N/A	False
chr15	2688210	2693275	RNA28S3-1	0	+	2693275	2693275	85,212,76	1	5065	0	RNA28S3	none	none	-1	LOFF_T0010387	rRNA	LOFF_G0010387	rRNA	LOFF_G0010387	rRNA_T388	N/A	N/A	N/A	N/A	N/A	N/A	N/A	N/A	N/A	ortholog	Liftoff	N/A	N/A	N/A	False
chr15	2722828	2736159	RNA45S3-1	0	+	2736159	2736159	85,212,76	1	13331	0	RNA45S3	none	none	-1	LOFF_T0010388	rRNA	LOFF_G0010388	rRNA	LOFF_G0010388	rRNA_T389	N/A	N/A	N/A	N/A	N/A	N/A	N/A	N/A	N/A	ortholog	Liftoff	N/A	N/A	N/A	False
chr15	2726467	2728336	RNA18S3-1	0	+	2728336	2728336	85,212,76	1	1869	0	RNA18S3	none	none	-1	LOFF_T0010389	rRNA	LOFF_G0010389	rRNA	LOFF_G0010389	rRNA_T390	N/A	N/A	N/A	N/A	N/A	N/A	N/A	N/A	N/A	ortholog	Liftoff	N/A	N/A	N/A	False
chr15	2729412	2729569	RNA5-8S3-1	0	+	2729569	2729569	85,212,76	1	157	0	RNA5-8S3	none	none	-1	LOFF_T0010390	rRNA	LOFF_G0010390	rRNA	LOFF_G0010390	rRNA_T391	N/A	N/A	N/A	N/A	N/A	N/A	N/A	N/A	N/A	ortholog	Liftoff	N/A	N/A	N/A	False
chr15	2730737	2735802	RNA28S3-1	0	+	2735802	2735802	85,212,76	1	5065	0	RNA28S3	none	none	-1	LOFF_T0010391	rRNA	LOFF_G0010391	rRNA	LOFF_G0010391	rRNA_T392	N/A	N/A	N/A	N/A	N/A	N/A	N/A	N/A	N/A	ortholog	Liftoff	N/A	N/A	N/A	False
chr15	2765355	2778686	RNA45S3-1	0	+	2778686	2778686	85,212,76	1	13331	0	RNA45S3	none	none	-1	LOFF_T0010392	rRNA	LOFF_G0010392	rRNA	LOFF_G0010392	rRNA_T393	N/A	N/A	N/A	N/A	N/A	N/A	N/A	N/A	N/A	ortholog	Liftoff	N/A	N/A	N/A	False
chr15	2768994	2770863	RNA18S3-1	0	+	2770863	2770863	85,212,76	1	1869	0	RNA18S3	none	none	-1	LOFF_T0010393	rRNA	LOFF_G0010393	rRNA	LOFF_G0010393	rRNA_T394	N/A	N/A	N/A	N/A	N/A	N/A	N/A	N/A	N/A	ortholog	Liftoff	N/A	N/A	N/A	False
chr15	2771939	2772096	RNA5-8S3-1	0	+	2772096	2772096	85,212,76	1	157	0	RNA5-8S3	none	none	-1	LOFF_T0010394	rRNA	LOFF_G0010394	rRNA	LOFF_G0010394	rRNA_T395	N/A	N/A	N/A	N/A	N/A	N/A	N/A	N/A	N/A	ortholog	Liftoff	N/A	N/A	N/A	False
chr15	2773264	2778329	RNA28S3-1	0	+	2778329	2778329	85,212,76	1	5065	0	RNA28S3	none	none	-1	LOFF_T0010395	rRNA	LOFF_G0010395	rRNA	LOFF_G0010395	rRNA_T396	N/A	N/A	N/A	N/A	N/A	N/A	N/A	N/A	N/A	ortholog	Liftoff	N/A	N/A	N/A	False
chr15	2807882	2821213	RNA45S3-1	0	+	2821213	2821213	85,212,76	1	13331	0	RNA45S3	none	none	-1	LOFF_T0010396	rRNA	LOFF_G0010396	rRNA	LOFF_G0010396	rRNA_T397	N/A	N/A	N/A	N/A	N/A	N/A	N/A	N/A	N/A	ortholog	Liftoff	N/A	N/A	N/A	False
chr15	2811521	2813390	RNA18S3-1	0	+	2813390	2813390	85,212,76	1	1869	0	RNA18S3	none	none	-1	LOFF_T0010397	rRNA	LOFF_G0010397	rRNA	LOFF_G0010397	rRNA_T398	N/A	N/A	N/A	N/A	N/A	N/A	N/A	N/A	N/A	ortholog	Liftoff	N/A	N/A	N/A	False
chr15	2814466	2814623	RNA5-8S3-1	0	+	2814623	2814623	85,212,76	1	157	0	RNA5-8S3	none	none	-1	LOFF_T0010398	rRNA	LOFF_G0010398	rRNA	LOFF_G0010398	rRNA_T399	N/A	N/A	N/A	N/A	N/A	N/A	N/A	N/A	N/A	ortholog	Liftoff	N/A	N/A	N/A	False
chr15	2815791	2820856	RNA28S3-1	0	+	2820856	2820856	85,212,76	1	5065	0	RNA28S3	none	none	-1	LOFF_T0010399	rRNA	LOFF_G0010399	rRNA	LOFF_G0010399	rRNA_T400	N/A	N/A	N/A	N/A	N/A	N/A	N/A	N/A	N/A	ortholog	Liftoff	N/A	N/A	N/A	False
chr15	2850409	2863740	RNA45S3-1	0	+	2863740	2863740	85,212,76	1	13331	0	RNA45S3	none	none	-1	LOFF_T0010400	rRNA	LOFF_G0010400	rRNA	LOFF_G0010400	rRNA_T401	N/A	N/A	N/A	N/A	N/A	N/A	N/A	N/A	N/A	ortholog	Liftoff	N/A	N/A	N/A	False
chr15	2854048	2855917	RNA18S3-1	0	+	2855917	2855917	85,212,76	1	1869	0	RNA18S3	none	none	-1	LOFF_T0010401	rRNA	LOFF_G0010401	rRNA	LOFF_G0010401	rRNA_T402	N/A	N/A	N/A	N/A	N/A	N/A	N/A	N/A	N/A	ortholog	Liftoff	N/A	N/A	N/A	False
chr15	2856993	2857150	RNA5-8S3-1	0	+	2857150	2857150	85,212,76	1	157	0	RNA5-8S3	none	none	-1	LOFF_T0010402	rRNA	LOFF_G0010402	rRNA	LOFF_G0010402	rRNA_T403	N/A	N/A	N/A	N/A	N/A	N/A	N/A	N/A	N/A	ortholog	Liftoff	N/A	N/A	N/A	False
chr15	2858318	2863383	RNA28S3-1	0	+	2863383	2863383	85,212,76	1	5065	0	RNA28S3	none	none	-1	LOFF_T0010403	rRNA	LOFF_G0010403	rRNA	LOFF_G0010403	rRNA_T404	N/A	N/A	N/A	N/A	N/A	N/A	N/A	N/A	N/A	ortholog	Liftoff	N/A	N/A	N/A	False
chr15	2892936	2906267	RNA45S3-1	0	+	2906267	2906267	85,212,76	1	13331	0	RNA45S3	none	none	-1	LOFF_T0010404	rRNA	LOFF_G0010404	rRNA	LOFF_G0010404	rRNA_T405	N/A	N/A	N/A	N/A	N/A	N/A	N/A	N/A	N/A	ortholog	Liftoff	N/A	N/A	N/A	False
chr15	2896575	2898444	RNA18S3-1	0	+	2898444	2898444	85,212,76	1	1869	0	RNA18S3	none	none	-1	LOFF_T0010405	rRNA	LOFF_G0010405	rRNA	LOFF_G0010405	rRNA_T406	N/A	N/A	N/A	N/A	N/A	N/A	N/A	N/A	N/A	ortholog	Liftoff	N/A	N/A	N/A	False
chr15	2899520	2899677	RNA5-8S3-1	0	+	2899677	2899677	85,212,76	1	157	0	RNA5-8S3	none	none	-1	LOFF_T0010406	rRNA	LOFF_G0010406	rRNA	LOFF_G0010406	rRNA_T407	N/A	N/A	N/A	N/A	N/A	N/A	N/A	N/A	N/A	ortholog	Liftoff	N/A	N/A	N/A	False
chr15	2900845	2905910	RNA28S3-1	0	+	2905910	2905910	85,212,76	1	5065	0	RNA28S3	none	none	-1	LOFF_T0010407	rRNA	LOFF_G0010407	rRNA	LOFF_G0010407	rRNA_T408	N/A	N/A	N/A	N/A	N/A	N/A	N/A	N/A	N/A	ortholog	Liftoff	N/A	N/A	N/A	False
chr15	2935463	2948794	RNA45S3-1	0	+	2948794	2948794	85,212,76	1	13331	0	RNA45S3	none	none	-1	LOFF_T0010408	rRNA	LOFF_G0010408	rRNA	LOFF_G0010408	rRNA_T409	N/A	N/A	N/A	N/A	N/A	N/A	N/A	N/A	N/A	ortholog	Liftoff	N/A	N/A	N/A	False
chr15	2939102	2940971	RNA18S3-1	0	+	2940971	2940971	85,212,76	1	1869	0	RNA18S3	none	none	-1	LOFF_T0010409	rRNA	LOFF_G0010409	rRNA	LOFF_G0010409	rRNA_T410	N/A	N/A	N/A	N/A	N/A	N/A	N/A	N/A	N/A	ortholog	Liftoff	N/A	N/A	N/A	False
chr15	2942047	2942204	RNA5-8S3-1	0	+	2942204	2942204	85,212,76	1	157	0	RNA5-8S3	none	none	-1	LOFF_T0010410	rRNA	LOFF_G0010410	rRNA	LOFF_G0010410	rRNA_T411	N/A	N/A	N/A	N/A	N/A	N/A	N/A	N/A	N/A	ortholog	Liftoff	N/A	N/A	N/A	False
chr15	2943372	2948437	RNA28S3-1	0	+	2948437	2948437	85,212,76	1	5065	0	RNA28S3	none	none	-1	LOFF_T0010411	rRNA	LOFF_G0010411	rRNA	LOFF_G0010411	rRNA_T412	N/A	N/A	N/A	N/A	N/A	N/A	N/A	N/A	N/A	ortholog	Liftoff	N/A	N/A	N/A	False
chr15	2977990	2991321	RNA45S3-1	0	+	2991321	2991321	85,212,76	1	13331	0	RNA45S3	none	none	-1	LOFF_T0010412	rRNA	LOFF_G0010412	rRNA	LOFF_G0010412	rRNA_T413	N/A	N/A	N/A	N/A	N/A	N/A	N/A	N/A	N/A	ortholog	Liftoff	N/A	N/A	N/A	False
chr15	2981629	2983498	RNA18S3-1	0	+	2983498	2983498	85,212,76	1	1869	0	RNA18S3	none	none	-1	LOFF_T0010413	rRNA	LOFF_G0010413	rRNA	LOFF_G0010413	rRNA_T414	N/A	N/A	N/A	N/A	N/A	N/A	N/A	N/A	N/A	ortholog	Liftoff	N/A	N/A	N/A	False
chr15	2984574	2984731	RNA5-8S3-1	0	+	2984731	2984731	85,212,76	1	157	0	RNA5-8S3	none	none	-1	LOFF_T0010414	rRNA	LOFF_G0010414	rRNA	LOFF_G0010414	rRNA_T415	N/A	N/A	N/A	N/A	N/A	N/A	N/A	N/A	N/A	ortholog	Liftoff	N/A	N/A	N/A	False
chr15	2985899	2990964	RNA28S3-1	0	+	2990964	2990964	85,212,76	1	5065	0	RNA28S3	none	none	-1	LOFF_T0010415	rRNA	LOFF_G0010415	rRNA	LOFF_G0010415	rRNA_T416	N/A	N/A	N/A	N/A	N/A	N/A	N/A	N/A	N/A	ortholog	Liftoff	N/A	N/A	N/A	False
chr15	3020517	3033848	RNA45S3-1	0	+	3033848	3033848	85,212,76	1	13331	0	RNA45S3	none	none	-1	LOFF_T0010416	rRNA	LOFF_G0010416	rRNA	LOFF_G0010416	rRNA_T417	N/A	N/A	N/A	N/A	N/A	N/A	N/A	N/A	N/A	ortholog	Liftoff	N/A	N/A	N/A	False
chr15	3024156	3026025	RNA18S3-1	0	+	3026025	3026025	85,212,76	1	1869	0	RNA18S3	none	none	-1	LOFF_T0010417	rRNA	LOFF_G0010417	rRNA	LOFF_G0010417	rRNA_T418	N/A	N/A	N/A	N/A	N/A	N/A	N/A	N/A	N/A	ortholog	Liftoff	N/A	N/A	N/A	False
chr15	3027101	3027258	RNA5-8S3-1	0	+	3027258	3027258	85,212,76	1	157	0	RNA5-8S3	none	none	-1	LOFF_T0010418	rRNA	LOFF_G0010418	rRNA	LOFF_G0010418	rRNA_T419	N/A	N/A	N/A	N/A	N/A	N/A	N/A	N/A	N/A	ortholog	Liftoff	N/A	N/A	N/A	False
chr15	3028426	3033491	RNA28S3-1	0	+	3033491	3033491	85,212,76	1	5065	0	RNA28S3	none	none	-1	LOFF_T0010419	rRNA	LOFF_G0010419	rRNA	LOFF_G0010419	rRNA_T420	N/A	N/A	N/A	N/A	N/A	N/A	N/A	N/A	N/A	ortholog	Liftoff	N/A	N/A	N/A	False
chr15	3063044	3076375	RNA45S3-1	0	+	3076375	3076375	85,212,76	1	13331	0	RNA45S3	none	none	-1	LOFF_T0010420	rRNA	LOFF_G0010420	rRNA	LOFF_G0010420	rRNA_T421	N/A	N/A	N/A	N/A	N/A	N/A	N/A	N/A	N/A	ortholog	Liftoff	N/A	N/A	N/A	False
chr15	3066683	3068552	RNA18S3-1	0	+	3068552	3068552	85,212,76	1	1869	0	RNA18S3	none	none	-1	LOFF_T0010421	rRNA	LOFF_G0010421	rRNA	LOFF_G0010421	rRNA_T422	N/A	N/A	N/A	N/A	N/A	N/A	N/A	N/A	N/A	ortholog	Liftoff	N/A	N/A	N/A	False
chr15	3069628	3069785	RNA5-8S3-1	0	+	3069785	3069785	85,212,76	1	157	0	RNA5-8S3	none	none	-1	LOFF_T0010422	rRNA	LOFF_G0010422	rRNA	LOFF_G0010422	rRNA_T423	N/A	N/A	N/A	N/A	N/A	N/A	N/A	N/A	N/A	ortholog	Liftoff	N/A	N/A	N/A	False
chr15	3070953	3076018	RNA28S3-1	0	+	3076018	3076018	85,212,76	1	5065	0	RNA28S3	none	none	-1	LOFF_T0010423	rRNA	LOFF_G0010423	rRNA	LOFF_G0010423	rRNA_T424	N/A	N/A	N/A	N/A	N/A	N/A	N/A	N/A	N/A	ortholog	Liftoff	N/A	N/A	N/A	False
chr15	3105571	3118902	RNA45S3-1	0	+	3118902	3118902	85,212,76	1	13331	0	RNA45S3	none	none	-1	LOFF_T0010424	rRNA	LOFF_G0010424	rRNA	LOFF_G0010424	rRNA_T425	N/A	N/A	N/A	N/A	N/A	N/A	N/A	N/A	N/A	ortholog	Liftoff	N/A	N/A	N/A	False
chr15	3109210	3111079	RNA18S3-1	0	+	3111079	3111079	85,212,76	1	1869	0	RNA18S3	none	none	-1	LOFF_T0010425	rRNA	LOFF_G0010425	rRNA	LOFF_G0010425	rRNA_T426	N/A	N/A	N/A	N/A	N/A	N/A	N/A	N/A	N/A	ortholog	Liftoff	N/A	N/A	N/A	False
chr15	3112155	3112312	RNA5-8S3-1	0	+	3112312	3112312	85,212,76	1	157	0	RNA5-8S3	none	none	-1	LOFF_T0010426	rRNA	LOFF_G0010426	rRNA	LOFF_G0010426	rRNA_T427	N/A	N/A	N/A	N/A	N/A	N/A	N/A	N/A	N/A	ortholog	Liftoff	N/A	N/A	N/A	False
chr15	3113480	3118545	RNA28S3-1	0	+	3118545	3118545	85,212,76	1	5065	0	RNA28S3	none	none	-1	LOFF_T0010427	rRNA	LOFF_G0010427	rRNA	LOFF_G0010427	rRNA_T428	N/A	N/A	N/A	N/A	N/A	N/A	N/A	N/A	N/A	ortholog	Liftoff	N/A	N/A	N/A	False
chr15	3148098	3161429	RNA45S3-1	0	+	3161429	3161429	85,212,76	1	13331	0	RNA45S3	none	none	-1	LOFF_T0010428	rRNA	LOFF_G0010428	rRNA	LOFF_G0010428	rRNA_T429	N/A	N/A	N/A	N/A	N/A	N/A	N/A	N/A	N/A	ortholog	Liftoff	N/A	N/A	N/A	False
chr15	3151737	3153606	RNA18S3-1	0	+	3153606	3153606	85,212,76	1	1869	0	RNA18S3	none	none	-1	LOFF_T0010429	rRNA	LOFF_G0010429	rRNA	LOFF_G0010429	rRNA_T430	N/A	N/A	N/A	N/A	N/A	N/A	N/A	N/A	N/A	ortholog	Liftoff	N/A	N/A	N/A	False
chr15	3154682	3154839	RNA5-8S3-1	0	+	3154839	3154839	85,212,76	1	157	0	RNA5-8S3	none	none	-1	LOFF_T0010430	rRNA	LOFF_G0010430	rRNA	LOFF_G0010430	rRNA_T431	N/A	N/A	N/A	N/A	N/A	N/A	N/A	N/A	N/A	ortholog	Liftoff	N/A	N/A	N/A	False
chr15	3156007	3161072	RNA28S3-1	0	+	3161072	3161072	85,212,76	1	5065	0	RNA28S3	none	none	-1	LOFF_T0010431	rRNA	LOFF_G0010431	rRNA	LOFF_G0010431	rRNA_T432	N/A	N/A	N/A	N/A	N/A	N/A	N/A	N/A	N/A	ortholog	Liftoff	N/A	N/A	N/A	False
chr15	3190625	3203956	RNA45S3-1	0	+	3203956	3203956	85,212,76	1	13331	0	RNA45S3	none	none	-1	LOFF_T0010432	rRNA	LOFF_G0010432	rRNA	LOFF_G0010432	rRNA_T433	N/A	N/A	N/A	N/A	N/A	N/A	N/A	N/A	N/A	ortholog	Liftoff	N/A	N/A	N/A	False
chr15	3194264	3196133	RNA18S3-1	0	+	3196133	3196133	85,212,76	1	1869	0	RNA18S3	none	none	-1	LOFF_T0010433	rRNA	LOFF_G0010433	rRNA	LOFF_G0010433	rRNA_T434	N/A	N/A	N/A	N/A	N/A	N/A	N/A	N/A	N/A	ortholog	Liftoff	N/A	N/A	N/A	False
chr15	3197209	3197366	RNA5-8S3-1	0	+	3197366	3197366	85,212,76	1	157	0	RNA5-8S3	none	none	-1	LOFF_T0010434	rRNA	LOFF_G0010434	rRNA	LOFF_G0010434	rRNA_T435	N/A	N/A	N/A	N/A	N/A	N/A	N/A	N/A	N/A	ortholog	Liftoff	N/A	N/A	N/A	False
chr15	3198534	3203599	RNA28S3-1	0	+	3203599	3203599	85,212,76	1	5065	0	RNA28S3	none	none	-1	LOFF_T0010435	rRNA	LOFF_G0010435	rRNA	LOFF_G0010435	rRNA_T436	N/A	N/A	N/A	N/A	N/A	N/A	N/A	N/A	N/A	ortholog	Liftoff	N/A	N/A	N/A	False
chr15	3233149	3246478	RNA45S3-1	0	+	3246478	3246478	85,212,76	1	13329	0	RNA45S3	none	none	-1	LOFF_T0010436	rRNA	LOFF_G0010436	rRNA	LOFF_G0010436	rRNA_T437	N/A	N/A	N/A	N/A	N/A	N/A	N/A	N/A	N/A	ortholog	Liftoff	N/A	N/A	N/A	False
chr15	3236788	3238657	RNA18S3-1	0	+	3238657	3238657	85,212,76	1	1869	0	RNA18S3	none	none	-1	LOFF_T0010437	rRNA	LOFF_G0010437	rRNA	LOFF_G0010437	rRNA_T438	N/A	N/A	N/A	N/A	N/A	N/A	N/A	N/A	N/A	ortholog	Liftoff	N/A	N/A	N/A	False
chr15	3239731	3239888	RNA5-8S3-1	0	+	3239888	3239888	85,212,76	1	157	0	RNA5-8S3	none	none	-1	LOFF_T0010438	rRNA	LOFF_G0010438	rRNA	LOFF_G0010438	rRNA_T439	N/A	N/A	N/A	N/A	N/A	N/A	N/A	N/A	N/A	ortholog	Liftoff	N/A	N/A	N/A	False
chr15	3241056	3246115	RNA28S3-1	0	+	3246115	3246115	85,212,76	1	5059	0	RNA28S3	none	none	-1	LOFF_T0010439	rRNA	LOFF_G0010439	rRNA	LOFF_G0010439	rRNA_T440	N/A	N/A	N/A	N/A	N/A	N/A	N/A	N/A	N/A	ortholog	Liftoff	N/A	N/A	N/A	False
chr15	3277098	3290427	RNA45S3-1	0	+	3290427	3290427	85,212,76	1	13329	0	RNA45S3	none	none	-1	LOFF_T0010440	rRNA	LOFF_G0010440	rRNA	LOFF_G0010440	rRNA_T441	N/A	N/A	N/A	N/A	N/A	N/A	N/A	N/A	N/A	ortholog	Liftoff	N/A	N/A	N/A	False
chr15	3280737	3282606	RNA18S3-1	0	+	3282606	3282606	85,212,76	1	1869	0	RNA18S3	none	none	-1	LOFF_T0010441	rRNA	LOFF_G0010441	rRNA	LOFF_G0010441	rRNA_T442	N/A	N/A	N/A	N/A	N/A	N/A	N/A	N/A	N/A	ortholog	Liftoff	N/A	N/A	N/A	False
chr15	3283680	3283837	RNA5-8S3-1	0	+	3283837	3283837	85,212,76	1	157	0	RNA5-8S3	none	none	-1	LOFF_T0010442	rRNA	LOFF_G0010442	rRNA	LOFF_G0010442	rRNA_T443	N/A	N/A	N/A	N/A	N/A	N/A	N/A	N/A	N/A	ortholog	Liftoff	N/A	N/A	N/A	False
chr15	3285005	3290064	RNA28S3-1	0	+	3290064	3290064	85,212,76	1	5059	0	RNA28S3	none	none	-1	LOFF_T0010443	rRNA	LOFF_G0010443	rRNA	LOFF_G0010443	rRNA_T444	N/A	N/A	N/A	N/A	N/A	N/A	N/A	N/A	N/A	ortholog	Liftoff	N/A	N/A	N/A	False
chr15	3321047	3334376	RNA45S3-1	0	+	3334376	3334376	85,212,76	1	13329	0	RNA45S3	none	none	-1	LOFF_T0010444	rRNA	LOFF_G0010444	rRNA	LOFF_G0010444	rRNA_T445	N/A	N/A	N/A	N/A	N/A	N/A	N/A	N/A	N/A	ortholog	Liftoff	N/A	N/A	N/A	False
chr15	3324686	3326555	RNA18S3-1	0	+	3326555	3326555	85,212,76	1	1869	0	RNA18S3	none	none	-1	LOFF_T0010445	rRNA	LOFF_G0010445	rRNA	LOFF_G0010445	rRNA_T446	N/A	N/A	N/A	N/A	N/A	N/A	N/A	N/A	N/A	ortholog	Liftoff	N/A	N/A	N/A	False
chr15	3327629	3327786	RNA5-8S3-1	0	+	3327786	3327786	85,212,76	1	157	0	RNA5-8S3	none	none	-1	LOFF_T0010446	rRNA	LOFF_G0010446	rRNA	LOFF_G0010446	rRNA_T447	N/A	N/A	N/A	N/A	N/A	N/A	N/A	N/A	N/A	ortholog	Liftoff	N/A	N/A	N/A	False
chr15	3328954	3334013	RNA28S3-1	0	+	3334013	3334013	85,212,76	1	5059	0	RNA28S3	none	none	-1	LOFF_T0010447	rRNA	LOFF_G0010447	rRNA	LOFF_G0010447	rRNA_T448	N/A	N/A	N/A	N/A	N/A	N/A	N/A	N/A	N/A	ortholog	Liftoff	N/A	N/A	N/A	False
chr15	3364996	3378325	RNA45S3-1	0	+	3378325	3378325	85,212,76	1	13329	0	RNA45S3	none	none	-1	LOFF_T0010448	rRNA	LOFF_G0010448	rRNA	LOFF_G0010448	rRNA_T449	N/A	N/A	N/A	N/A	N/A	N/A	N/A	N/A	N/A	ortholog	Liftoff	N/A	N/A	N/A	False
chr15	3368635	3370504	RNA18S3-1	0	+	3370504	3370504	85,212,76	1	1869	0	RNA18S3	none	none	-1	LOFF_T0010449	rRNA	LOFF_G0010449	rRNA	LOFF_G0010449	rRNA_T450	N/A	N/A	N/A	N/A	N/A	N/A	N/A	N/A	N/A	ortholog	Liftoff	N/A	N/A	N/A	False
chr15	3371578	3371735	RNA5-8S3-1	0	+	3371735	3371735	85,212,76	1	157	0	RNA5-8S3	none	none	-1	LOFF_T0010450	rRNA	LOFF_G0010450	rRNA	LOFF_G0010450	rRNA_T451	N/A	N/A	N/A	N/A	N/A	N/A	N/A	N/A	N/A	ortholog	Liftoff	N/A	N/A	N/A	False
chr15	3372903	3377962	RNA28S3-1	0	+	3377962	3377962	85,212,76	1	5059	0	RNA28S3	none	none	-1	LOFF_T0010451	rRNA	LOFF_G0010451	rRNA	LOFF_G0010451	rRNA_T452	N/A	N/A	N/A	N/A	N/A	N/A	N/A	N/A	N/A	ortholog	Liftoff	N/A	N/A	N/A	False
chr15	3408945	3422274	RNA45S3-1	0	+	3422274	3422274	85,212,76	1	13329	0	RNA45S3	none	none	-1	LOFF_T0010452	rRNA	LOFF_G0010452	rRNA	LOFF_G0010452	rRNA_T453	N/A	N/A	N/A	N/A	N/A	N/A	N/A	N/A	N/A	ortholog	Liftoff	N/A	N/A	N/A	False
chr15	3412584	3414453	RNA18S3-1	0	+	3414453	3414453	85,212,76	1	1869	0	RNA18S3	none	none	-1	LOFF_T0010453	rRNA	LOFF_G0010453	rRNA	LOFF_G0010453	rRNA_T454	N/A	N/A	N/A	N/A	N/A	N/A	N/A	N/A	N/A	ortholog	Liftoff	N/A	N/A	N/A	False
chr15	3415527	3415684	RNA5-8S3-1	0	+	3415684	3415684	85,212,76	1	157	0	RNA5-8S3	none	none	-1	LOFF_T0010454	rRNA	LOFF_G0010454	rRNA	LOFF_G0010454	rRNA_T455	N/A	N/A	N/A	N/A	N/A	N/A	N/A	N/A	N/A	ortholog	Liftoff	N/A	N/A	N/A	False
chr15	3416852	3421911	RNA28S3-1	0	+	3421911	3421911	85,212,76	1	5059	0	RNA28S3	none	none	-1	LOFF_T0010455	rRNA	LOFF_G0010455	rRNA	LOFF_G0010455	rRNA_T456	N/A	N/A	N/A	N/A	N/A	N/A	N/A	N/A	N/A	ortholog	Liftoff	N/A	N/A	N/A	False
chr15	3452894	3466223	RNA45S3-1	0	+	3466223	3466223	85,212,76	1	13329	0	RNA45S3	none	none	-1	LOFF_T0010456	rRNA	LOFF_G0010456	rRNA	LOFF_G0010456	rRNA_T457	N/A	N/A	N/A	N/A	N/A	N/A	N/A	N/A	N/A	ortholog	Liftoff	N/A	N/A	N/A	False
chr15	3456533	3458402	RNA18S3-1	0	+	3458402	3458402	85,212,76	1	1869	0	RNA18S3	none	none	-1	LOFF_T0010457	rRNA	LOFF_G0010457	rRNA	LOFF_G0010457	rRNA_T458	N/A	N/A	N/A	N/A	N/A	N/A	N/A	N/A	N/A	ortholog	Liftoff	N/A	N/A	N/A	False
chr15	3459476	3459633	RNA5-8S3-1	0	+	3459633	3459633	85,212,76	1	157	0	RNA5-8S3	none	none	-1	LOFF_T0010458	rRNA	LOFF_G0010458	rRNA	LOFF_G0010458	rRNA_T459	N/A	N/A	N/A	N/A	N/A	N/A	N/A	N/A	N/A	ortholog	Liftoff	N/A	N/A	N/A	False
chr15	3460801	3465860	RNA28S3-1	0	+	3465860	3465860	85,212,76	1	5059	0	RNA28S3	none	none	-1	LOFF_T0010459	rRNA	LOFF_G0010459	rRNA	LOFF_G0010459	rRNA_T460	N/A	N/A	N/A	N/A	N/A	N/A	N/A	N/A	N/A	ortholog	Liftoff	N/A	N/A	N/A	False
chr15	3496843	3510172	RNA45S3-1	0	+	3510172	3510172	85,212,76	1	13329	0	RNA45S3	none	none	-1	LOFF_T0010460	rRNA	LOFF_G0010460	rRNA	LOFF_G0010460	rRNA_T461	N/A	N/A	N/A	N/A	N/A	N/A	N/A	N/A	N/A	ortholog	Liftoff	N/A	N/A	N/A	False
chr15	3500482	3502351	RNA18S3-1	0	+	3502351	3502351	85,212,76	1	1869	0	RNA18S3	none	none	-1	LOFF_T0010461	rRNA	LOFF_G0010461	rRNA	LOFF_G0010461	rRNA_T462	N/A	N/A	N/A	N/A	N/A	N/A	N/A	N/A	N/A	ortholog	Liftoff	N/A	N/A	N/A	False
chr15	3503425	3503582	RNA5-8S3-1	0	+	3503582	3503582	85,212,76	1	157	0	RNA5-8S3	none	none	-1	LOFF_T0010462	rRNA	LOFF_G0010462	rRNA	LOFF_G0010462	rRNA_T463	N/A	N/A	N/A	N/A	N/A	N/A	N/A	N/A	N/A	ortholog	Liftoff	N/A	N/A	N/A	False
chr15	3504750	3509809	RNA28S3-1	0	+	3509809	3509809	85,212,76	1	5059	0	RNA28S3	none	none	-1	LOFF_T0010463	rRNA	LOFF_G0010463	rRNA	LOFF_G0010463	rRNA_T464	N/A	N/A	N/A	N/A	N/A	N/A	N/A	N/A	N/A	ortholog	Liftoff	N/A	N/A	N/A	False
chr15	3540792	3554121	RNA45S3-1	0	+	3554121	3554121	85,212,76	1	13329	0	RNA45S3	none	none	-1	LOFF_T0010464	rRNA	LOFF_G0010464	rRNA	LOFF_G0010464	rRNA_T465	N/A	N/A	N/A	N/A	N/A	N/A	N/A	N/A	N/A	ortholog	Liftoff	N/A	N/A	N/A	False
chr15	3544431	3546300	RNA18S3-1	0	+	3546300	3546300	85,212,76	1	1869	0	RNA18S3	none	none	-1	LOFF_T0010465	rRNA	LOFF_G0010465	rRNA	LOFF_G0010465	rRNA_T466	N/A	N/A	N/A	N/A	N/A	N/A	N/A	N/A	N/A	ortholog	Liftoff	N/A	N/A	N/A	False
chr15	3547374	3547531	RNA5-8S3-1	0	+	3547531	3547531	85,212,76	1	157	0	RNA5-8S3	none	none	-1	LOFF_T0010466	rRNA	LOFF_G0010466	rRNA	LOFF_G0010466	rRNA_T467	N/A	N/A	N/A	N/A	N/A	N/A	N/A	N/A	N/A	ortholog	Liftoff	N/A	N/A	N/A	False
chr15	3548699	3553758	RNA28S3-1	0	+	3553758	3553758	85,212,76	1	5059	0	RNA28S3	none	none	-1	LOFF_T0010467	rRNA	LOFF_G0010467	rRNA	LOFF_G0010467	rRNA_T468	N/A	N/A	N/A	N/A	N/A	N/A	N/A	N/A	N/A	ortholog	Liftoff	N/A	N/A	N/A	False
chr15	3584741	3598070	RNA45S3-1	0	+	3598070	3598070	85,212,76	1	13329	0	RNA45S3	none	none	-1	LOFF_T0010468	rRNA	LOFF_G0010468	rRNA	LOFF_G0010468	rRNA_T469	N/A	N/A	N/A	N/A	N/A	N/A	N/A	N/A	N/A	ortholog	Liftoff	N/A	N/A	N/A	False
chr15	3588380	3590249	RNA18S3-1	0	+	3590249	3590249	85,212,76	1	1869	0	RNA18S3	none	none	-1	LOFF_T0010469	rRNA	LOFF_G0010469	rRNA	LOFF_G0010469	rRNA_T470	N/A	N/A	N/A	N/A	N/A	N/A	N/A	N/A	N/A	ortholog	Liftoff	N/A	N/A	N/A	False
chr15	3591323	3591480	RNA5-8S3-1	0	+	3591480	3591480	85,212,76	1	157	0	RNA5-8S3	none	none	-1	LOFF_T0010470	rRNA	LOFF_G0010470	rRNA	LOFF_G0010470	rRNA_T471	N/A	N/A	N/A	N/A	N/A	N/A	N/A	N/A	N/A	ortholog	Liftoff	N/A	N/A	N/A	False
chr15	3592648	3597707	RNA28S3-1	0	+	3597707	3597707	85,212,76	1	5059	0	RNA28S3	none	none	-1	LOFF_T0010471	rRNA	LOFF_G0010471	rRNA	LOFF_G0010471	rRNA_T472	N/A	N/A	N/A	N/A	N/A	N/A	N/A	N/A	N/A	ortholog	Liftoff	N/A	N/A	N/A	False
chr15	3628690	3642019	RNA45S3-1	0	+	3642019	3642019	85,212,76	1	13329	0	RNA45S3	none	none	-1	LOFF_T0010472	rRNA	LOFF_G0010472	rRNA	LOFF_G0010472	rRNA_T473	N/A	N/A	N/A	N/A	N/A	N/A	N/A	N/A	N/A	ortholog	Liftoff	N/A	N/A	N/A	False
chr15	3632329	3634198	RNA18S3-1	0	+	3634198	3634198	85,212,76	1	1869	0	RNA18S3	none	none	-1	LOFF_T0010473	rRNA	LOFF_G0010473	rRNA	LOFF_G0010473	rRNA_T474	N/A	N/A	N/A	N/A	N/A	N/A	N/A	N/A	N/A	ortholog	Liftoff	N/A	N/A	N/A	False
chr15	3635272	3635429	RNA5-8S3-1	0	+	3635429	3635429	85,212,76	1	157	0	RNA5-8S3	none	none	-1	LOFF_T0010474	rRNA	LOFF_G0010474	rRNA	LOFF_G0010474	rRNA_T475	N/A	N/A	N/A	N/A	N/A	N/A	N/A	N/A	N/A	ortholog	Liftoff	N/A	N/A	N/A	False
chr15	3636597	3641656	RNA28S3-1	0	+	3641656	3641656	85,212,76	1	5059	0	RNA28S3	none	none	-1	LOFF_T0010475	rRNA	LOFF_G0010475	rRNA	LOFF_G0010475	rRNA_T476	N/A	N/A	N/A	N/A	N/A	N/A	N/A	N/A	N/A	ortholog	Liftoff	N/A	N/A	N/A	False
chr15	3672639	3685968	RNA45S3-1	0	+	3685968	3685968	85,212,76	1	13329	0	RNA45S3	none	none	-1	LOFF_T0010476	rRNA	LOFF_G0010476	rRNA	LOFF_G0010476	rRNA_T477	N/A	N/A	N/A	N/A	N/A	N/A	N/A	N/A	N/A	ortholog	Liftoff	N/A	N/A	N/A	False
chr15	3676278	3678147	RNA18S3-1	0	+	3678147	3678147	85,212,76	1	1869	0	RNA18S3	none	none	-1	LOFF_T0010477	rRNA	LOFF_G0010477	rRNA	LOFF_G0010477	rRNA_T478	N/A	N/A	N/A	N/A	N/A	N/A	N/A	N/A	N/A	ortholog	Liftoff	N/A	N/A	N/A	False
chr15	3679221	3679378	RNA5-8S3-1	0	+	3679378	3679378	85,212,76	1	157	0	RNA5-8S3	none	none	-1	LOFF_T0010478	rRNA	LOFF_G0010478	rRNA	LOFF_G0010478	rRNA_T479	N/A	N/A	N/A	N/A	N/A	N/A	N/A	N/A	N/A	ortholog	Liftoff	N/A	N/A	N/A	False
chr15	3680546	3685605	RNA28S3-1	0	+	3685605	3685605	85,212,76	1	5059	0	RNA28S3	none	none	-1	LOFF_T0010479	rRNA	LOFF_G0010479	rRNA	LOFF_G0010479	rRNA_T480	N/A	N/A	N/A	N/A	N/A	N/A	N/A	N/A	N/A	ortholog	Liftoff	N/A	N/A	N/A	False
chr15	3716588	3729917	RNA45S3-1	0	+	3729917	3729917	85,212,76	1	13329	0	RNA45S3	none	none	-1	LOFF_T0010480	rRNA	LOFF_G0010480	rRNA	LOFF_G0010480	rRNA_T481	N/A	N/A	N/A	N/A	N/A	N/A	N/A	N/A	N/A	ortholog	Liftoff	N/A	N/A	N/A	False
chr15	3720227	3722096	RNA18S3-1	0	+	3722096	3722096	85,212,76	1	1869	0	RNA18S3	none	none	-1	LOFF_T0010481	rRNA	LOFF_G0010481	rRNA	LOFF_G0010481	rRNA_T482	N/A	N/A	N/A	N/A	N/A	N/A	N/A	N/A	N/A	ortholog	Liftoff	N/A	N/A	N/A	False
chr15	3723170	3723327	RNA5-8S3-1	0	+	3723327	3723327	85,212,76	1	157	0	RNA5-8S3	none	none	-1	LOFF_T0010482	rRNA	LOFF_G0010482	rRNA	LOFF_G0010482	rRNA_T483	N/A	N/A	N/A	N/A	N/A	N/A	N/A	N/A	N/A	ortholog	Liftoff	N/A	N/A	N/A	False
chr15	3724495	3729554	RNA28S3-1	0	+	3729554	3729554	85,212,76	1	5059	0	RNA28S3	none	none	-1	LOFF_T0010483	rRNA	LOFF_G0010483	rRNA	LOFF_G0010483	rRNA_T484	N/A	N/A	N/A	N/A	N/A	N/A	N/A	N/A	N/A	ortholog	Liftoff	N/A	N/A	N/A	False
chr15	3760537	3773866	RNA45S3-1	0	+	3773866	3773866	85,212,76	1	13329	0	RNA45S3	none	none	-1	LOFF_T0010484	rRNA	LOFF_G0010484	rRNA	LOFF_G0010484	rRNA_T485	N/A	N/A	N/A	N/A	N/A	N/A	N/A	N/A	N/A	ortholog	Liftoff	N/A	N/A	N/A	False
chr15	3764176	3766045	RNA18S3-1	0	+	3766045	3766045	85,212,76	1	1869	0	RNA18S3	none	none	-1	LOFF_T0010485	rRNA	LOFF_G0010485	rRNA	LOFF_G0010485	rRNA_T486	N/A	N/A	N/A	N/A	N/A	N/A	N/A	N/A	N/A	ortholog	Liftoff	N/A	N/A	N/A	False
chr15	3767119	3767276	RNA5-8S3-1	0	+	3767276	3767276	85,212,76	1	157	0	RNA5-8S3	none	none	-1	LOFF_T0010486	rRNA	LOFF_G0010486	rRNA	LOFF_G0010486	rRNA_T487	N/A	N/A	N/A	N/A	N/A	N/A	N/A	N/A	N/A	ortholog	Liftoff	N/A	N/A	N/A	False
chr15	3768444	3773503	RNA28S3-1	0	+	3773503	3773503	85,212,76	1	5059	0	RNA28S3	none	none	-1	LOFF_T0010487	rRNA	LOFF_G0010487	rRNA	LOFF_G0010487	rRNA_T488	N/A	N/A	N/A	N/A	N/A	N/A	N/A	N/A	N/A	ortholog	Liftoff	N/A	N/A	N/A	False
chr15	3804486	3817815	RNA45S3-1	0	+	3817815	3817815	85,212,76	1	13329	0	RNA45S3	none	none	-1	LOFF_T0010488	rRNA	LOFF_G0010488	rRNA	LOFF_G0010488	rRNA_T489	N/A	N/A	N/A	N/A	N/A	N/A	N/A	N/A	N/A	ortholog	Liftoff	N/A	N/A	N/A	False
chr15	3808125	3809994	RNA18S3-1	0	+	3809994	3809994	85,212,76	1	1869	0	RNA18S3	none	none	-1	LOFF_T0010489	rRNA	LOFF_G0010489	rRNA	LOFF_G0010489	rRNA_T490	N/A	N/A	N/A	N/A	N/A	N/A	N/A	N/A	N/A	ortholog	Liftoff	N/A	N/A	N/A	False
chr15	3811068	3811225	RNA5-8S3-1	0	+	3811225	3811225	85,212,76	1	157	0	RNA5-8S3	none	none	-1	LOFF_T0010490	rRNA	LOFF_G0010490	rRNA	LOFF_G0010490	rRNA_T491	N/A	N/A	N/A	N/A	N/A	N/A	N/A	N/A	N/A	ortholog	Liftoff	N/A	N/A	N/A	False
chr15	3812393	3817452	RNA28S3-1	0	+	3817452	3817452	85,212,76	1	5059	0	RNA28S3	none	none	-1	LOFF_T0010491	rRNA	LOFF_G0010491	rRNA	LOFF_G0010491	rRNA_T492	N/A	N/A	N/A	N/A	N/A	N/A	N/A	N/A	N/A	ortholog	Liftoff	N/A	N/A	N/A	False
chr15	3848435	3861764	RNA45S3-1	0	+	3861764	3861764	85,212,76	1	13329	0	RNA45S3	none	none	-1	LOFF_T0010492	rRNA	LOFF_G0010492	rRNA	LOFF_G0010492	rRNA_T493	N/A	N/A	N/A	N/A	N/A	N/A	N/A	N/A	N/A	ortholog	Liftoff	N/A	N/A	N/A	False
chr15	3852074	3853943	RNA18S3-1	0	+	3853943	3853943	85,212,76	1	1869	0	RNA18S3	none	none	-1	LOFF_T0010493	rRNA	LOFF_G0010493	rRNA	LOFF_G0010493	rRNA_T494	N/A	N/A	N/A	N/A	N/A	N/A	N/A	N/A	N/A	ortholog	Liftoff	N/A	N/A	N/A	False
chr15	3855017	3855174	RNA5-8S3-1	0	+	3855174	3855174	85,212,76	1	157	0	RNA5-8S3	none	none	-1	LOFF_T0010494	rRNA	LOFF_G0010494	rRNA	LOFF_G0010494	rRNA_T495	N/A	N/A	N/A	N/A	N/A	N/A	N/A	N/A	N/A	ortholog	Liftoff	N/A	N/A	N/A	False
chr15	3856342	3861401	RNA28S3-1	0	+	3861401	3861401	85,212,76	1	5059	0	RNA28S3	none	none	-1	LOFF_T0010495	rRNA	LOFF_G0010495	rRNA	LOFF_G0010495	rRNA_T496	N/A	N/A	N/A	N/A	N/A	N/A	N/A	N/A	N/A	ortholog	Liftoff	N/A	N/A	N/A	False
chr15	3892384	3905713	RNA45S3-1	0	+	3905713	3905713	85,212,76	1	13329	0	RNA45S3	none	none	-1	LOFF_T0010496	rRNA	LOFF_G0010496	rRNA	LOFF_G0010496	rRNA_T497	N/A	N/A	N/A	N/A	N/A	N/A	N/A	N/A	N/A	ortholog	Liftoff	N/A	N/A	N/A	False
chr15	3896023	3897892	RNA18S3-1	0	+	3897892	3897892	85,212,76	1	1869	0	RNA18S3	none	none	-1	LOFF_T0010497	rRNA	LOFF_G0010497	rRNA	LOFF_G0010497	rRNA_T498	N/A	N/A	N/A	N/A	N/A	N/A	N/A	N/A	N/A	ortholog	Liftoff	N/A	N/A	N/A	False
chr15	3898966	3899123	RNA5-8S3-1	0	+	3899123	3899123	85,212,76	1	157	0	RNA5-8S3	none	none	-1	LOFF_T0010498	rRNA	LOFF_G0010498	rRNA	LOFF_G0010498	rRNA_T499	N/A	N/A	N/A	N/A	N/A	N/A	N/A	N/A	N/A	ortholog	Liftoff	N/A	N/A	N/A	False
chr15	3900291	3905350	RNA28S3-1	0	+	3905350	3905350	85,212,76	1	5059	0	RNA28S3	none	none	-1	LOFF_T0010499	rRNA	LOFF_G0010499	rRNA	LOFF_G0010499	rRNA_T500	N/A	N/A	N/A	N/A	N/A	N/A	N/A	N/A	N/A	ortholog	Liftoff	N/A	N/A	N/A	False
chr15	3936333	3949676	RNA45S3-1	0	+	3949676	3949676	85,212,76	1	13343	0	RNA45S3	none	none	-1	LOFF_T0010500	rRNA	LOFF_G0010500	rRNA	LOFF_G0010500	rRNA_T501	N/A	N/A	N/A	N/A	N/A	N/A	N/A	N/A	N/A	ortholog	Liftoff	N/A	N/A	N/A	False
chr15	3939972	3941844	RNA18S3-1	0	+	3941844	3941844	85,212,76	1	1872	0	RNA18S3	none	none	-1	LOFF_T0010501	rRNA	LOFF_G0010501	rRNA	LOFF_G0010501	rRNA_T502	N/A	N/A	N/A	N/A	N/A	N/A	N/A	N/A	N/A	ortholog	Liftoff	N/A	N/A	N/A	False
chr15	3942916	3943073	RNA5-8S3-1	0	+	3943073	3943073	85,212,76	1	157	0	RNA5-8S3	none	none	-1	LOFF_T0010502	rRNA	LOFF_G0010502	rRNA	LOFF_G0010502	rRNA_T503	N/A	N/A	N/A	N/A	N/A	N/A	N/A	N/A	N/A	ortholog	Liftoff	N/A	N/A	N/A	False
chr15	3944241	3949313	RNA28S3-1	0	+	3949313	3949313	85,212,76	1	5072	0	RNA28S3	none	none	-1	LOFF_T0010503	rRNA	LOFF_G0010503	rRNA	LOFF_G0010503	rRNA_T504	N/A	N/A	N/A	N/A	N/A	N/A	N/A	N/A	N/A	ortholog	Liftoff	N/A	N/A	N/A	False
chr15	3981265	3994605	RNA45S3-1	0	+	3994605	3994605	85,212,76	1	13340	0	RNA45S3	none	none	-1	LOFF_T0010504	rRNA	LOFF_G0010504	rRNA	LOFF_G0010504	rRNA_T505	N/A	N/A	N/A	N/A	N/A	N/A	N/A	N/A	N/A	ortholog	Liftoff	N/A	N/A	N/A	False
chr15	3984904	3986773	RNA18S3-1	0	+	3986773	3986773	85,212,76	1	1869	0	RNA18S3	none	none	-1	LOFF_T0010505	rRNA	LOFF_G0010505	rRNA	LOFF_G0010505	rRNA_T506	N/A	N/A	N/A	N/A	N/A	N/A	N/A	N/A	N/A	ortholog	Liftoff	N/A	N/A	N/A	False
chr15	3987845	3988002	RNA5-8S3-1	0	+	3988002	3988002	85,212,76	1	157	0	RNA5-8S3	none	none	-1	LOFF_T0010506	rRNA	LOFF_G0010506	rRNA	LOFF_G0010506	rRNA_T507	N/A	N/A	N/A	N/A	N/A	N/A	N/A	N/A	N/A	ortholog	Liftoff	N/A	N/A	N/A	False
chr15	3989170	3994242	RNA28S3-1	0	+	3994242	3994242	85,212,76	1	5072	0	RNA28S3	none	none	-1	LOFF_T0010507	rRNA	LOFF_G0010507	rRNA	LOFF_G0010507	rRNA_T508	N/A	N/A	N/A	N/A	N/A	N/A	N/A	N/A	N/A	ortholog	Liftoff	N/A	N/A	N/A	False
chr15	4026194	4039534	RNA45S3-1	0	+	4039534	4039534	85,212,76	1	13340	0	RNA45S3	none	none	-1	LOFF_T0010508	rRNA	LOFF_G0010508	rRNA	LOFF_G0010508	rRNA_T509	N/A	N/A	N/A	N/A	N/A	N/A	N/A	N/A	N/A	ortholog	Liftoff	N/A	N/A	N/A	False
chr15	4029833	4031702	RNA18S3-1	0	+	4031702	4031702	85,212,76	1	1869	0	RNA18S3	none	none	-1	LOFF_T0010509	rRNA	LOFF_G0010509	rRNA	LOFF_G0010509	rRNA_T510	N/A	N/A	N/A	N/A	N/A	N/A	N/A	N/A	N/A	ortholog	Liftoff	N/A	N/A	N/A	False
chr15	4032774	4032931	RNA5-8S3-1	0	+	4032931	4032931	85,212,76	1	157	0	RNA5-8S3	none	none	-1	LOFF_T0010510	rRNA	LOFF_G0010510	rRNA	LOFF_G0010510	rRNA_T511	N/A	N/A	N/A	N/A	N/A	N/A	N/A	N/A	N/A	ortholog	Liftoff	N/A	N/A	N/A	False
chr15	4034099	4039171	RNA28S3-1	0	+	4039171	4039171	85,212,76	1	5072	0	RNA28S3	none	none	-1	LOFF_T0010511	rRNA	LOFF_G0010511	rRNA	LOFF_G0010511	rRNA_T512	N/A	N/A	N/A	N/A	N/A	N/A	N/A	N/A	N/A	ortholog	Liftoff	N/A	N/A	N/A	False
chr15	4071123	4084463	RNA45S3-1	0	+	4084463	4084463	85,212,76	1	13340	0	RNA45S3	none	none	-1	LOFF_T0010512	rRNA	LOFF_G0010512	rRNA	LOFF_G0010512	rRNA_T513	N/A	N/A	N/A	N/A	N/A	N/A	N/A	N/A	N/A	ortholog	Liftoff	N/A	N/A	N/A	False
chr15	4074762	4076631	RNA18S3-1	0	+	4076631	4076631	85,212,76	1	1869	0	RNA18S3	none	none	-1	LOFF_T0010513	rRNA	LOFF_G0010513	rRNA	LOFF_G0010513	rRNA_T514	N/A	N/A	N/A	N/A	N/A	N/A	N/A	N/A	N/A	ortholog	Liftoff	N/A	N/A	N/A	False
chr15	4077703	4077860	RNA5-8S3-1	0	+	4077860	4077860	85,212,76	1	157	0	RNA5-8S3	none	none	-1	LOFF_T0010514	rRNA	LOFF_G0010514	rRNA	LOFF_G0010514	rRNA_T515	N/A	N/A	N/A	N/A	N/A	N/A	N/A	N/A	N/A	ortholog	Liftoff	N/A	N/A	N/A	False
chr15	4079028	4084100	RNA28S3-1	0	+	4084100	4084100	85,212,76	1	5072	0	RNA28S3	none	none	-1	LOFF_T0010515	rRNA	LOFF_G0010515	rRNA	LOFF_G0010515	rRNA_T516	N/A	N/A	N/A	N/A	N/A	N/A	N/A	N/A	N/A	ortholog	Liftoff	N/A	N/A	N/A	False
chr15	4116052	4129392	RNA45S3-1	0	+	4129392	4129392	85,212,76	1	13340	0	RNA45S3	none	none	-1	LOFF_T0010516	rRNA	LOFF_G0010516	rRNA	LOFF_G0010516	rRNA_T517	N/A	N/A	N/A	N/A	N/A	N/A	N/A	N/A	N/A	ortholog	Liftoff	N/A	N/A	N/A	False
chr15	4119691	4121560	RNA18S3-1	0	+	4121560	4121560	85,212,76	1	1869	0	RNA18S3	none	none	-1	LOFF_T0010517	rRNA	LOFF_G0010517	rRNA	LOFF_G0010517	rRNA_T518	N/A	N/A	N/A	N/A	N/A	N/A	N/A	N/A	N/A	ortholog	Liftoff	N/A	N/A	N/A	False
chr15	4122632	4122789	RNA5-8S3-1	0	+	4122789	4122789	85,212,76	1	157	0	RNA5-8S3	none	none	-1	LOFF_T0010518	rRNA	LOFF_G0010518	rRNA	LOFF_G0010518	rRNA_T519	N/A	N/A	N/A	N/A	N/A	N/A	N/A	N/A	N/A	ortholog	Liftoff	N/A	N/A	N/A	False
chr15	4123957	4129029	RNA28S3-1	0	+	4129029	4129029	85,212,76	1	5072	0	RNA28S3	none	none	-1	LOFF_T0010519	rRNA	LOFF_G0010519	rRNA	LOFF_G0010519	rRNA_T520	N/A	N/A	N/A	N/A	N/A	N/A	N/A	N/A	N/A	ortholog	Liftoff	N/A	N/A	N/A	False
chr15	4160981	4174321	RNA45S3-1	0	+	4174321	4174321	85,212,76	1	13340	0	RNA45S3	none	none	-1	LOFF_T0010520	rRNA	LOFF_G0010520	rRNA	LOFF_G0010520	rRNA_T521	N/A	N/A	N/A	N/A	N/A	N/A	N/A	N/A	N/A	ortholog	Liftoff	N/A	N/A	N/A	False
chr15	4164620	4166489	RNA18S3-1	0	+	4166489	4166489	85,212,76	1	1869	0	RNA18S3	none	none	-1	LOFF_T0010521	rRNA	LOFF_G0010521	rRNA	LOFF_G0010521	rRNA_T522	N/A	N/A	N/A	N/A	N/A	N/A	N/A	N/A	N/A	ortholog	Liftoff	N/A	N/A	N/A	False
chr15	4167561	4167718	RNA5-8S3-1	0	+	4167718	4167718	85,212,76	1	157	0	RNA5-8S3	none	none	-1	LOFF_T0010522	rRNA	LOFF_G0010522	rRNA	LOFF_G0010522	rRNA_T523	N/A	N/A	N/A	N/A	N/A	N/A	N/A	N/A	N/A	ortholog	Liftoff	N/A	N/A	N/A	False
chr15	4168886	4173958	RNA28S3-1	0	+	4173958	4173958	85,212,76	1	5072	0	RNA28S3	none	none	-1	LOFF_T0010523	rRNA	LOFF_G0010523	rRNA	LOFF_G0010523	rRNA_T524	N/A	N/A	N/A	N/A	N/A	N/A	N/A	N/A	N/A	ortholog	Liftoff	N/A	N/A	N/A	False
chr15	4205910	4219250	RNA45S3-1	0	+	4219250	4219250	85,212,76	1	13340	0	RNA45S3	none	none	-1	LOFF_T0010524	rRNA	LOFF_G0010524	rRNA	LOFF_G0010524	rRNA_T525	N/A	N/A	N/A	N/A	N/A	N/A	N/A	N/A	N/A	ortholog	Liftoff	N/A	N/A	N/A	False
chr15	4209549	4211418	RNA18S3-1	0	+	4211418	4211418	85,212,76	1	1869	0	RNA18S3	none	none	-1	LOFF_T0010525	rRNA	LOFF_G0010525	rRNA	LOFF_G0010525	rRNA_T526	N/A	N/A	N/A	N/A	N/A	N/A	N/A	N/A	N/A	ortholog	Liftoff	N/A	N/A	N/A	False
chr15	4212490	4212647	RNA5-8S3-1	0	+	4212647	4212647	85,212,76	1	157	0	RNA5-8S3	none	none	-1	LOFF_T0010526	rRNA	LOFF_G0010526	rRNA	LOFF_G0010526	rRNA_T527	N/A	N/A	N/A	N/A	N/A	N/A	N/A	N/A	N/A	ortholog	Liftoff	N/A	N/A	N/A	False
chr15	4213815	4218887	RNA28S3-1	0	+	4218887	4218887	85,212,76	1	5072	0	RNA28S3	none	none	-1	LOFF_T0010527	rRNA	LOFF_G0010527	rRNA	LOFF_G0010527	rRNA_T528	N/A	N/A	N/A	N/A	N/A	N/A	N/A	N/A	N/A	ortholog	Liftoff	N/A	N/A	N/A	False
chr15	4250839	4264179	RNA45S3-1	0	+	4264179	4264179	85,212,76	1	13340	0	RNA45S3	none	none	-1	LOFF_T0010528	rRNA	LOFF_G0010528	rRNA	LOFF_G0010528	rRNA_T529	N/A	N/A	N/A	N/A	N/A	N/A	N/A	N/A	N/A	ortholog	Liftoff	N/A	N/A	N/A	False
chr15	4254478	4256347	RNA18S3-1	0	+	4256347	4256347	85,212,76	1	1869	0	RNA18S3	none	none	-1	LOFF_T0010529	rRNA	LOFF_G0010529	rRNA	LOFF_G0010529	rRNA_T530	N/A	N/A	N/A	N/A	N/A	N/A	N/A	N/A	N/A	ortholog	Liftoff	N/A	N/A	N/A	False
chr15	4257419	4257576	RNA5-8S3-1	0	+	4257576	4257576	85,212,76	1	157	0	RNA5-8S3	none	none	-1	LOFF_T0010530	rRNA	LOFF_G0010530	rRNA	LOFF_G0010530	rRNA_T531	N/A	N/A	N/A	N/A	N/A	N/A	N/A	N/A	N/A	ortholog	Liftoff	N/A	N/A	N/A	False
chr15	4258744	4263816	RNA28S3-1	0	+	4263816	4263816	85,212,76	1	5072	0	RNA28S3	none	none	-1	LOFF_T0010531	rRNA	LOFF_G0010531	rRNA	LOFF_G0010531	rRNA_T532	N/A	N/A	N/A	N/A	N/A	N/A	N/A	N/A	N/A	ortholog	Liftoff	N/A	N/A	N/A	False
chr15	4295768	4309108	RNA45S3-1	0	+	4309108	4309108	85,212,76	1	13340	0	RNA45S3	none	none	-1	LOFF_T0010532	rRNA	LOFF_G0010532	rRNA	LOFF_G0010532	rRNA_T533	N/A	N/A	N/A	N/A	N/A	N/A	N/A	N/A	N/A	ortholog	Liftoff	N/A	N/A	N/A	False
chr15	4299407	4301276	RNA18S3-1	0	+	4301276	4301276	85,212,76	1	1869	0	RNA18S3	none	none	-1	LOFF_T0010533	rRNA	LOFF_G0010533	rRNA	LOFF_G0010533	rRNA_T534	N/A	N/A	N/A	N/A	N/A	N/A	N/A	N/A	N/A	ortholog	Liftoff	N/A	N/A	N/A	False
chr15	4302348	4302505	RNA5-8S3-1	0	+	4302505	4302505	85,212,76	1	157	0	RNA5-8S3	none	none	-1	LOFF_T0010534	rRNA	LOFF_G0010534	rRNA	LOFF_G0010534	rRNA_T535	N/A	N/A	N/A	N/A	N/A	N/A	N/A	N/A	N/A	ortholog	Liftoff	N/A	N/A	N/A	False
chr15	4303673	4308745	RNA28S3-1	0	+	4308745	4308745	85,212,76	1	5072	0	RNA28S3	none	none	-1	LOFF_T0010535	rRNA	LOFF_G0010535	rRNA	LOFF_G0010535	rRNA_T536	N/A	N/A	N/A	N/A	N/A	N/A	N/A	N/A	N/A	ortholog	Liftoff	N/A	N/A	N/A	False
chr15	4340697	4354037	RNA45S3-1	0	+	4354037	4354037	85,212,76	1	13340	0	RNA45S3	none	none	-1	LOFF_T0010536	rRNA	LOFF_G0010536	rRNA	LOFF_G0010536	rRNA_T537	N/A	N/A	N/A	N/A	N/A	N/A	N/A	N/A	N/A	ortholog	Liftoff	N/A	N/A	N/A	False
chr15	4344336	4346205	RNA18S3-1	0	+	4346205	4346205	85,212,76	1	1869	0	RNA18S3	none	none	-1	LOFF_T0010537	rRNA	LOFF_G0010537	rRNA	LOFF_G0010537	rRNA_T538	N/A	N/A	N/A	N/A	N/A	N/A	N/A	N/A	N/A	ortholog	Liftoff	N/A	N/A	N/A	False
chr15	4347277	4347434	RNA5-8S3-1	0	+	4347434	4347434	85,212,76	1	157	0	RNA5-8S3	none	none	-1	LOFF_T0010538	rRNA	LOFF_G0010538	rRNA	LOFF_G0010538	rRNA_T539	N/A	N/A	N/A	N/A	N/A	N/A	N/A	N/A	N/A	ortholog	Liftoff	N/A	N/A	N/A	False
chr15	4348602	4353674	RNA28S3-1	0	+	4353674	4353674	85,212,76	1	5072	0	RNA28S3	none	none	-1	LOFF_T0010539	rRNA	LOFF_G0010539	rRNA	LOFF_G0010539	rRNA_T540	N/A	N/A	N/A	N/A	N/A	N/A	N/A	N/A	N/A	ortholog	Liftoff	N/A	N/A	N/A	False
chr15	4385626	4398966	RNA45S3-1	0	+	4398966	4398966	85,212,76	1	13340	0	RNA45S3	none	none	-1	LOFF_T0010540	rRNA	LOFF_G0010540	rRNA	LOFF_G0010540	rRNA_T541	N/A	N/A	N/A	N/A	N/A	N/A	N/A	N/A	N/A	ortholog	Liftoff	N/A	N/A	N/A	False
chr15	4389265	4391134	RNA18S3-1	0	+	4391134	4391134	85,212,76	1	1869	0	RNA18S3	none	none	-1	LOFF_T0010541	rRNA	LOFF_G0010541	rRNA	LOFF_G0010541	rRNA_T542	N/A	N/A	N/A	N/A	N/A	N/A	N/A	N/A	N/A	ortholog	Liftoff	N/A	N/A	N/A	False
chr15	4392206	4392363	RNA5-8S3-1	0	+	4392363	4392363	85,212,76	1	157	0	RNA5-8S3	none	none	-1	LOFF_T0010542	rRNA	LOFF_G0010542	rRNA	LOFF_G0010542	rRNA_T543	N/A	N/A	N/A	N/A	N/A	N/A	N/A	N/A	N/A	ortholog	Liftoff	N/A	N/A	N/A	False
chr15	4393531	4398603	RNA28S3-1	0	+	4398603	4398603	85,212,76	1	5072	0	RNA28S3	none	none	-1	LOFF_T0010543	rRNA	LOFF_G0010543	rRNA	LOFF_G0010543	rRNA_T544	N/A	N/A	N/A	N/A	N/A	N/A	N/A	N/A	N/A	ortholog	Liftoff	N/A	N/A	N/A	False
chr15	4430555	4443895	RNA45S3-1	0	+	4443895	4443895	85,212,76	1	13340	0	RNA45S3	none	none	-1	LOFF_T0010544	rRNA	LOFF_G0010544	rRNA	LOFF_G0010544	rRNA_T545	N/A	N/A	N/A	N/A	N/A	N/A	N/A	N/A	N/A	ortholog	Liftoff	N/A	N/A	N/A	False
chr15	4434194	4436063	RNA18S3-1	0	+	4436063	4436063	85,212,76	1	1869	0	RNA18S3	none	none	-1	LOFF_T0010545	rRNA	LOFF_G0010545	rRNA	LOFF_G0010545	rRNA_T546	N/A	N/A	N/A	N/A	N/A	N/A	N/A	N/A	N/A	ortholog	Liftoff	N/A	N/A	N/A	False
chr15	4437135	4437292	RNA5-8S3-1	0	+	4437292	4437292	85,212,76	1	157	0	RNA5-8S3	none	none	-1	LOFF_T0010546	rRNA	LOFF_G0010546	rRNA	LOFF_G0010546	rRNA_T547	N/A	N/A	N/A	N/A	N/A	N/A	N/A	N/A	N/A	ortholog	Liftoff	N/A	N/A	N/A	False
chr15	4438460	4443532	RNA28S3-1	0	+	4443532	4443532	85,212,76	1	5072	0	RNA28S3	none	none	-1	LOFF_T0010547	rRNA	LOFF_G0010547	rRNA	LOFF_G0010547	rRNA_T548	N/A	N/A	N/A	N/A	N/A	N/A	N/A	N/A	N/A	ortholog	Liftoff	N/A	N/A	N/A	False
chr15	4475484	4488824	RNA45S3-1	0	+	4488824	4488824	85,212,76	1	13340	0	RNA45S3	none	none	-1	LOFF_T0010548	rRNA	LOFF_G0010548	rRNA	LOFF_G0010548	rRNA_T549	N/A	N/A	N/A	N/A	N/A	N/A	N/A	N/A	N/A	ortholog	Liftoff	N/A	N/A	N/A	False
chr15	4479123	4480992	RNA18S3-1	0	+	4480992	4480992	85,212,76	1	1869	0	RNA18S3	none	none	-1	LOFF_T0010549	rRNA	LOFF_G0010549	rRNA	LOFF_G0010549	rRNA_T550	N/A	N/A	N/A	N/A	N/A	N/A	N/A	N/A	N/A	ortholog	Liftoff	N/A	N/A	N/A	False
chr15	4482064	4482221	RNA5-8S3-1	0	+	4482221	4482221	85,212,76	1	157	0	RNA5-8S3	none	none	-1	LOFF_T0010550	rRNA	LOFF_G0010550	rRNA	LOFF_G0010550	rRNA_T551	N/A	N/A	N/A	N/A	N/A	N/A	N/A	N/A	N/A	ortholog	Liftoff	N/A	N/A	N/A	False
chr15	4483389	4488461	RNA28S3-1	0	+	4488461	4488461	85,212,76	1	5072	0	RNA28S3	none	none	-1	LOFF_T0010551	rRNA	LOFF_G0010551	rRNA	LOFF_G0010551	rRNA_T552	N/A	N/A	N/A	N/A	N/A	N/A	N/A	N/A	N/A	ortholog	Liftoff	N/A	N/A	N/A	False
chr15	4520413	4533753	RNA45S3-1	0	+	4533753	4533753	85,212,76	1	13340	0	RNA45S3	none	none	-1	LOFF_T0010552	rRNA	LOFF_G0010552	rRNA	LOFF_G0010552	rRNA_T553	N/A	N/A	N/A	N/A	N/A	N/A	N/A	N/A	N/A	ortholog	Liftoff	N/A	N/A	N/A	False
chr15	4524052	4525921	RNA18S3-1	0	+	4525921	4525921	85,212,76	1	1869	0	RNA18S3	none	none	-1	LOFF_T0010553	rRNA	LOFF_G0010553	rRNA	LOFF_G0010553	rRNA_T554	N/A	N/A	N/A	N/A	N/A	N/A	N/A	N/A	N/A	ortholog	Liftoff	N/A	N/A	N/A	False
chr15	4526993	4527150	RNA5-8S3-1	0	+	4527150	4527150	85,212,76	1	157	0	RNA5-8S3	none	none	-1	LOFF_T0010554	rRNA	LOFF_G0010554	rRNA	LOFF_G0010554	rRNA_T555	N/A	N/A	N/A	N/A	N/A	N/A	N/A	N/A	N/A	ortholog	Liftoff	N/A	N/A	N/A	False
chr15	4528318	4533390	RNA28S3-1	0	+	4533390	4533390	85,212,76	1	5072	0	RNA28S3	none	none	-1	LOFF_T0010555	rRNA	LOFF_G0010555	rRNA	LOFF_G0010555	rRNA_T556	N/A	N/A	N/A	N/A	N/A	N/A	N/A	N/A	N/A	ortholog	Liftoff	N/A	N/A	N/A	False
chr15	4565342	4578682	RNA45S3-1	0	+	4578682	4578682	85,212,76	1	13340	0	RNA45S3	none	none	-1	LOFF_T0010556	rRNA	LOFF_G0010556	rRNA	LOFF_G0010556	rRNA_T557	N/A	N/A	N/A	N/A	N/A	N/A	N/A	N/A	N/A	ortholog	Liftoff	N/A	N/A	N/A	False
chr15	4568981	4570850	RNA18S3-1	0	+	4570850	4570850	85,212,76	1	1869	0	RNA18S3	none	none	-1	LOFF_T0010557	rRNA	LOFF_G0010557	rRNA	LOFF_G0010557	rRNA_T558	N/A	N/A	N/A	N/A	N/A	N/A	N/A	N/A	N/A	ortholog	Liftoff	N/A	N/A	N/A	False
chr15	4571922	4572079	RNA5-8S3-1	0	+	4572079	4572079	85,212,76	1	157	0	RNA5-8S3	none	none	-1	LOFF_T0010558	rRNA	LOFF_G0010558	rRNA	LOFF_G0010558	rRNA_T559	N/A	N/A	N/A	N/A	N/A	N/A	N/A	N/A	N/A	ortholog	Liftoff	N/A	N/A	N/A	False
chr15	4573247	4578319	RNA28S3-1	0	+	4578319	4578319	85,212,76	1	5072	0	RNA28S3	none	none	-1	LOFF_T0010559	rRNA	LOFF_G0010559	rRNA	LOFF_G0010559	rRNA_T560	N/A	N/A	N/A	N/A	N/A	N/A	N/A	N/A	N/A	ortholog	Liftoff	N/A	N/A	N/A	False
chr15	4610271	4623611	RNA45S3-1	0	+	4623611	4623611	85,212,76	1	13340	0	RNA45S3	none	none	-1	LOFF_T0010560	rRNA	LOFF_G0010560	rRNA	LOFF_G0010560	rRNA_T561	N/A	N/A	N/A	N/A	N/A	N/A	N/A	N/A	N/A	ortholog	Liftoff	N/A	N/A	N/A	False
chr15	4613910	4615779	RNA18S3-1	0	+	4615779	4615779	85,212,76	1	1869	0	RNA18S3	none	none	-1	LOFF_T0010561	rRNA	LOFF_G0010561	rRNA	LOFF_G0010561	rRNA_T562	N/A	N/A	N/A	N/A	N/A	N/A	N/A	N/A	N/A	ortholog	Liftoff	N/A	N/A	N/A	False
chr15	4616851	4617008	RNA5-8S3-1	0	+	4617008	4617008	85,212,76	1	157	0	RNA5-8S3	none	none	-1	LOFF_T0010562	rRNA	LOFF_G0010562	rRNA	LOFF_G0010562	rRNA_T563	N/A	N/A	N/A	N/A	N/A	N/A	N/A	N/A	N/A	ortholog	Liftoff	N/A	N/A	N/A	False
chr15	4618176	4623248	RNA28S3-1	0	+	4623248	4623248	85,212,76	1	5072	0	RNA28S3	none	none	-1	LOFF_T0010563	rRNA	LOFF_G0010563	rRNA	LOFF_G0010563	rRNA_T564	N/A	N/A	N/A	N/A	N/A	N/A	N/A	N/A	N/A	ortholog	Liftoff	N/A	N/A	N/A	False
chr15	4655200	4668554	RNA45S3-1	0	+	4668554	4668554	85,212,76	1	13354	0	RNA45S3	none	none	-1	LOFF_T0010564	rRNA	LOFF_G0010564	rRNA	LOFF_G0010564	rRNA_T565	N/A	N/A	N/A	N/A	N/A	N/A	N/A	N/A	N/A	ortholog	Liftoff	N/A	N/A	N/A	False
chr15	4658839	4660708	RNA18S3-1	0	+	4660708	4660708	85,212,76	1	1869	0	RNA18S3	none	none	-1	LOFF_T0010565	rRNA	LOFF_G0010565	rRNA	LOFF_G0010565	rRNA_T566	N/A	N/A	N/A	N/A	N/A	N/A	N/A	N/A	N/A	ortholog	Liftoff	N/A	N/A	N/A	False
chr15	4661784	4661941	RNA5-8S3-1	0	+	4661941	4661941	85,212,76	1	157	0	RNA5-8S3	none	none	-1	LOFF_T0010566	rRNA	LOFF_G0010566	rRNA	LOFF_G0010566	rRNA_T567	N/A	N/A	N/A	N/A	N/A	N/A	N/A	N/A	N/A	ortholog	Liftoff	N/A	N/A	N/A	False
chr15	4663112	4668191	RNA28S3-1	0	+	4668191	4668191	85,212,76	1	5079	0	RNA28S3	none	none	-1	LOFF_T0010567	rRNA	LOFF_G0010567	rRNA	LOFF_G0010567	rRNA_T568	N/A	N/A	N/A	N/A	N/A	N/A	N/A	N/A	N/A	ortholog	Liftoff	N/A	N/A	N/A	False
chr21	3112035	3125409	RNA45S4-1	0	+	3125409	3125409	85,212,76	1	13374	0	RNA45S4	none	none	-1	LOFF_T0010568	rRNA	LOFF_G0010568	rRNA	LOFF_G0010568	rRNA_T569	N/A	N/A	N/A	N/A	N/A	N/A	N/A	N/A	N/A	ortholog	Liftoff	N/A	N/A	N/A	False
chr21	3115701	3117570	RNA18S4-1	0	+	3117570	3117570	85,212,76	1	1869	0	RNA18S4	none	none	-1	LOFF_T0010569	rRNA	LOFF_G0010569	rRNA	LOFF_G0010569	rRNA_T570	N/A	N/A	N/A	N/A	N/A	N/A	N/A	N/A	N/A	ortholog	Liftoff	N/A	N/A	N/A	False
chr21	3118647	3118804	RNA5-8S4-1	0	+	3118804	3118804	85,212,76	1	157	0	RNA5-8S4	none	none	-1	LOFF_T0010570	rRNA	LOFF_G0010570	rRNA	LOFF_G0010570	rRNA_T571	N/A	N/A	N/A	N/A	N/A	N/A	N/A	N/A	N/A	ortholog	Liftoff	N/A	N/A	N/A	False
chr21	3119971	3125048	RNA28S4-1	0	+	3125048	3125048	85,212,76	1	5077	0	RNA28S4	none	none	-1	LOFF_T0010571	rRNA	LOFF_G0010571	rRNA	LOFF_G0010571	rRNA_T572	N/A	N/A	N/A	N/A	N/A	N/A	N/A	N/A	N/A	ortholog	Liftoff	N/A	N/A	N/A	False
chr21	3156890	3170233	RNA45S4-1	0	+	3170233	3170233	85,212,76	1	13343	0	RNA45S4	none	none	-1	LOFF_T0010572	rRNA	LOFF_G0010572	rRNA	LOFF_G0010572	rRNA_T573	N/A	N/A	N/A	N/A	N/A	N/A	N/A	N/A	N/A	ortholog	Liftoff	N/A	N/A	N/A	False
chr21	3160530	3162399	RNA18S4-1	0	+	3162399	3162399	85,212,76	1	1869	0	RNA18S4	none	none	-1	LOFF_T0010573	rRNA	LOFF_G0010573	rRNA	LOFF_G0010573	rRNA_T574	N/A	N/A	N/A	N/A	N/A	N/A	N/A	N/A	N/A	ortholog	Liftoff	N/A	N/A	N/A	False
chr21	3163476	3163633	RNA5-8S4-1	0	+	3163633	3163633	85,212,76	1	157	0	RNA5-8S4	none	none	-1	LOFF_T0010574	rRNA	LOFF_G0010574	rRNA	LOFF_G0010574	rRNA_T575	N/A	N/A	N/A	N/A	N/A	N/A	N/A	N/A	N/A	ortholog	Liftoff	N/A	N/A	N/A	False
chr21	3164804	3169872	RNA28S4-1	0	+	3169872	3169872	85,212,76	1	5068	0	RNA28S4	none	none	-1	LOFF_T0010575	rRNA	LOFF_G0010575	rRNA	LOFF_G0010575	rRNA_T576	N/A	N/A	N/A	N/A	N/A	N/A	N/A	N/A	N/A	ortholog	Liftoff	N/A	N/A	N/A	False
chr21	3201677	3215020	RNA45S4-1	0	+	3215020	3215020	85,212,76	1	13343	0	RNA45S4	none	none	-1	LOFF_T0010576	rRNA	LOFF_G0010576	rRNA	LOFF_G0010576	rRNA_T577	N/A	N/A	N/A	N/A	N/A	N/A	N/A	N/A	N/A	ortholog	Liftoff	N/A	N/A	N/A	False
chr21	3205317	3207186	RNA18S4-1	0	+	3207186	3207186	85,212,76	1	1869	0	RNA18S4	none	none	-1	LOFF_T0010577	rRNA	LOFF_G0010577	rRNA	LOFF_G0010577	rRNA_T578	N/A	N/A	N/A	N/A	N/A	N/A	N/A	N/A	N/A	ortholog	Liftoff	N/A	N/A	N/A	False
chr21	3208263	3208420	RNA5-8S4-1	0	+	3208420	3208420	85,212,76	1	157	0	RNA5-8S4	none	none	-1	LOFF_T0010578	rRNA	LOFF_G0010578	rRNA	LOFF_G0010578	rRNA_T579	N/A	N/A	N/A	N/A	N/A	N/A	N/A	N/A	N/A	ortholog	Liftoff	N/A	N/A	N/A	False
chr21	3209591	3214659	RNA28S4-1	0	+	3214659	3214659	85,212,76	1	5068	0	RNA28S4	none	none	-1	LOFF_T0010579	rRNA	LOFF_G0010579	rRNA	LOFF_G0010579	rRNA_T580	N/A	N/A	N/A	N/A	N/A	N/A	N/A	N/A	N/A	ortholog	Liftoff	N/A	N/A	N/A	False
chr21	3246464	3259807	RNA45S4-1	0	+	3259807	3259807	85,212,76	1	13343	0	RNA45S4	none	none	-1	LOFF_T0010580	rRNA	LOFF_G0010580	rRNA	LOFF_G0010580	rRNA_T581	N/A	N/A	N/A	N/A	N/A	N/A	N/A	N/A	N/A	ortholog	Liftoff	N/A	N/A	N/A	False
chr21	3250104	3251973	RNA18S4-1	0	+	3251973	3251973	85,212,76	1	1869	0	RNA18S4	none	none	-1	LOFF_T0010581	rRNA	LOFF_G0010581	rRNA	LOFF_G0010581	rRNA_T582	N/A	N/A	N/A	N/A	N/A	N/A	N/A	N/A	N/A	ortholog	Liftoff	N/A	N/A	N/A	False
chr21	3253050	3253207	RNA5-8S4-1	0	+	3253207	3253207	85,212,76	1	157	0	RNA5-8S4	none	none	-1	LOFF_T0010582	rRNA	LOFF_G0010582	rRNA	LOFF_G0010582	rRNA_T583	N/A	N/A	N/A	N/A	N/A	N/A	N/A	N/A	N/A	ortholog	Liftoff	N/A	N/A	N/A	False
chr21	3254378	3259446	RNA28S4-1	0	+	3259446	3259446	85,212,76	1	5068	0	RNA28S4	none	none	-1	LOFF_T0010583	rRNA	LOFF_G0010583	rRNA	LOFF_G0010583	rRNA_T584	N/A	N/A	N/A	N/A	N/A	N/A	N/A	N/A	N/A	ortholog	Liftoff	N/A	N/A	N/A	False
chr21	3291251	3304594	RNA45S4-1	0	+	3304594	3304594	85,212,76	1	13343	0	RNA45S4	none	none	-1	LOFF_T0010584	rRNA	LOFF_G0010584	rRNA	LOFF_G0010584	rRNA_T585	N/A	N/A	N/A	N/A	N/A	N/A	N/A	N/A	N/A	ortholog	Liftoff	N/A	N/A	N/A	False
chr21	3294891	3296760	RNA18S4-1	0	+	3296760	3296760	85,212,76	1	1869	0	RNA18S4	none	none	-1	LOFF_T0010585	rRNA	LOFF_G0010585	rRNA	LOFF_G0010585	rRNA_T586	N/A	N/A	N/A	N/A	N/A	N/A	N/A	N/A	N/A	ortholog	Liftoff	N/A	N/A	N/A	False
chr21	3297837	3297994	RNA5-8S4-1	0	+	3297994	3297994	85,212,76	1	157	0	RNA5-8S4	none	none	-1	LOFF_T0010586	rRNA	LOFF_G0010586	rRNA	LOFF_G0010586	rRNA_T587	N/A	N/A	N/A	N/A	N/A	N/A	N/A	N/A	N/A	ortholog	Liftoff	N/A	N/A	N/A	False
chr21	3299165	3304233	RNA28S4-1	0	+	3304233	3304233	85,212,76	1	5068	0	RNA28S4	none	none	-1	LOFF_T0010587	rRNA	LOFF_G0010587	rRNA	LOFF_G0010587	rRNA_T588	N/A	N/A	N/A	N/A	N/A	N/A	N/A	N/A	N/A	ortholog	Liftoff	N/A	N/A	N/A	False
chr21	3336038	3349381	RNA45S4-1	0	+	3349381	3349381	85,212,76	1	13343	0	RNA45S4	none	none	-1	LOFF_T0010588	rRNA	LOFF_G0010588	rRNA	LOFF_G0010588	rRNA_T589	N/A	N/A	N/A	N/A	N/A	N/A	N/A	N/A	N/A	ortholog	Liftoff	N/A	N/A	N/A	False
chr21	3339678	3341547	RNA18S4-1	0	+	3341547	3341547	85,212,76	1	1869	0	RNA18S4	none	none	-1	LOFF_T0010589	rRNA	LOFF_G0010589	rRNA	LOFF_G0010589	rRNA_T590	N/A	N/A	N/A	N/A	N/A	N/A	N/A	N/A	N/A	ortholog	Liftoff	N/A	N/A	N/A	False
chr21	3342624	3342781	RNA5-8S4-1	0	+	3342781	3342781	85,212,76	1	157	0	RNA5-8S4	none	none	-1	LOFF_T0010590	rRNA	LOFF_G0010590	rRNA	LOFF_G0010590	rRNA_T591	N/A	N/A	N/A	N/A	N/A	N/A	N/A	N/A	N/A	ortholog	Liftoff	N/A	N/A	N/A	False
chr21	3343952	3349020	RNA28S4-1	0	+	3349020	3349020	85,212,76	1	5068	0	RNA28S4	none	none	-1	LOFF_T0010591	rRNA	LOFF_G0010591	rRNA	LOFF_G0010591	rRNA_T592	N/A	N/A	N/A	N/A	N/A	N/A	N/A	N/A	N/A	ortholog	Liftoff	N/A	N/A	N/A	False
chr21	3380825	3394168	RNA45S4-1	0	+	3394168	3394168	85,212,76	1	13343	0	RNA45S4	none	none	-1	LOFF_T0010592	rRNA	LOFF_G0010592	rRNA	LOFF_G0010592	rRNA_T593	N/A	N/A	N/A	N/A	N/A	N/A	N/A	N/A	N/A	ortholog	Liftoff	N/A	N/A	N/A	False
chr21	3384465	3386334	RNA18S4-1	0	+	3386334	3386334	85,212,76	1	1869	0	RNA18S4	none	none	-1	LOFF_T0010593	rRNA	LOFF_G0010593	rRNA	LOFF_G0010593	rRNA_T594	N/A	N/A	N/A	N/A	N/A	N/A	N/A	N/A	N/A	ortholog	Liftoff	N/A	N/A	N/A	False
chr21	3387411	3387568	RNA5-8S4-1	0	+	3387568	3387568	85,212,76	1	157	0	RNA5-8S4	none	none	-1	LOFF_T0010594	rRNA	LOFF_G0010594	rRNA	LOFF_G0010594	rRNA_T595	N/A	N/A	N/A	N/A	N/A	N/A	N/A	N/A	N/A	ortholog	Liftoff	N/A	N/A	N/A	False
chr21	3388739	3393807	RNA28S4-1	0	+	3393807	3393807	85,212,76	1	5068	0	RNA28S4	none	none	-1	LOFF_T0010595	rRNA	LOFF_G0010595	rRNA	LOFF_G0010595	rRNA_T596	N/A	N/A	N/A	N/A	N/A	N/A	N/A	N/A	N/A	ortholog	Liftoff	N/A	N/A	N/A	False
chr21	3425612	3438955	RNA45S4-1	0	+	3438955	3438955	85,212,76	1	13343	0	RNA45S4	none	none	-1	LOFF_T0010596	rRNA	LOFF_G0010596	rRNA	LOFF_G0010596	rRNA_T597	N/A	N/A	N/A	N/A	N/A	N/A	N/A	N/A	N/A	ortholog	Liftoff	N/A	N/A	N/A	False
chr21	3429252	3431121	RNA18S4-1	0	+	3431121	3431121	85,212,76	1	1869	0	RNA18S4	none	none	-1	LOFF_T0010597	rRNA	LOFF_G0010597	rRNA	LOFF_G0010597	rRNA_T598	N/A	N/A	N/A	N/A	N/A	N/A	N/A	N/A	N/A	ortholog	Liftoff	N/A	N/A	N/A	False
chr21	3432198	3432355	RNA5-8S4-1	0	+	3432355	3432355	85,212,76	1	157	0	RNA5-8S4	none	none	-1	LOFF_T0010598	rRNA	LOFF_G0010598	rRNA	LOFF_G0010598	rRNA_T599	N/A	N/A	N/A	N/A	N/A	N/A	N/A	N/A	N/A	ortholog	Liftoff	N/A	N/A	N/A	False
chr21	3433526	3438594	RNA28S4-1	0	+	3438594	3438594	85,212,76	1	5068	0	RNA28S4	none	none	-1	LOFF_T0010599	rRNA	LOFF_G0010599	rRNA	LOFF_G0010599	rRNA_T600	N/A	N/A	N/A	N/A	N/A	N/A	N/A	N/A	N/A	ortholog	Liftoff	N/A	N/A	N/A	False
chr21	3470399	3483742	RNA45S4-1	0	+	3483742	3483742	85,212,76	1	13343	0	RNA45S4	none	none	-1	LOFF_T0010600	rRNA	LOFF_G0010600	rRNA	LOFF_G0010600	rRNA_T601	N/A	N/A	N/A	N/A	N/A	N/A	N/A	N/A	N/A	ortholog	Liftoff	N/A	N/A	N/A	False
chr21	3474039	3475908	RNA18S4-1	0	+	3475908	3475908	85,212,76	1	1869	0	RNA18S4	none	none	-1	LOFF_T0010601	rRNA	LOFF_G0010601	rRNA	LOFF_G0010601	rRNA_T602	N/A	N/A	N/A	N/A	N/A	N/A	N/A	N/A	N/A	ortholog	Liftoff	N/A	N/A	N/A	False
chr21	3476985	3477142	RNA5-8S4-1	0	+	3477142	3477142	85,212,76	1	157	0	RNA5-8S4	none	none	-1	LOFF_T0010602	rRNA	LOFF_G0010602	rRNA	LOFF_G0010602	rRNA_T603	N/A	N/A	N/A	N/A	N/A	N/A	N/A	N/A	N/A	ortholog	Liftoff	N/A	N/A	N/A	False
chr21	3478313	3483381	RNA28S4-1	0	+	3483381	3483381	85,212,76	1	5068	0	RNA28S4	none	none	-1	LOFF_T0010603	rRNA	LOFF_G0010603	rRNA	LOFF_G0010603	rRNA_T604	N/A	N/A	N/A	N/A	N/A	N/A	N/A	N/A	N/A	ortholog	Liftoff	N/A	N/A	N/A	False
chr21	3515186	3528529	RNA45S4-1	0	+	3528529	3528529	85,212,76	1	13343	0	RNA45S4	none	none	-1	LOFF_T0010604	rRNA	LOFF_G0010604	rRNA	LOFF_G0010604	rRNA_T605	N/A	N/A	N/A	N/A	N/A	N/A	N/A	N/A	N/A	ortholog	Liftoff	N/A	N/A	N/A	False
chr21	3518826	3520695	RNA18S4-1	0	+	3520695	3520695	85,212,76	1	1869	0	RNA18S4	none	none	-1	LOFF_T0010605	rRNA	LOFF_G0010605	rRNA	LOFF_G0010605	rRNA_T606	N/A	N/A	N/A	N/A	N/A	N/A	N/A	N/A	N/A	ortholog	Liftoff	N/A	N/A	N/A	False
chr21	3521772	3521929	RNA5-8S4-1	0	+	3521929	3521929	85,212,76	1	157	0	RNA5-8S4	none	none	-1	LOFF_T0010606	rRNA	LOFF_G0010606	rRNA	LOFF_G0010606	rRNA_T607	N/A	N/A	N/A	N/A	N/A	N/A	N/A	N/A	N/A	ortholog	Liftoff	N/A	N/A	N/A	False
chr21	3523100	3528168	RNA28S4-1	0	+	3528168	3528168	85,212,76	1	5068	0	RNA28S4	none	none	-1	LOFF_T0010607	rRNA	LOFF_G0010607	rRNA	LOFF_G0010607	rRNA_T608	N/A	N/A	N/A	N/A	N/A	N/A	N/A	N/A	N/A	ortholog	Liftoff	N/A	N/A	N/A	False
chr21	3559973	3573316	RNA45S4-1	0	+	3573316	3573316	85,212,76	1	13343	0	RNA45S4	none	none	-1	LOFF_T0010608	rRNA	LOFF_G0010608	rRNA	LOFF_G0010608	rRNA_T609	N/A	N/A	N/A	N/A	N/A	N/A	N/A	N/A	N/A	ortholog	Liftoff	N/A	N/A	N/A	False
chr21	3563613	3565482	RNA18S4-1	0	+	3565482	3565482	85,212,76	1	1869	0	RNA18S4	none	none	-1	LOFF_T0010609	rRNA	LOFF_G0010609	rRNA	LOFF_G0010609	rRNA_T610	N/A	N/A	N/A	N/A	N/A	N/A	N/A	N/A	N/A	ortholog	Liftoff	N/A	N/A	N/A	False
chr21	3566559	3566716	RNA5-8S4-1	0	+	3566716	3566716	85,212,76	1	157	0	RNA5-8S4	none	none	-1	LOFF_T0010610	rRNA	LOFF_G0010610	rRNA	LOFF_G0010610	rRNA_T611	N/A	N/A	N/A	N/A	N/A	N/A	N/A	N/A	N/A	ortholog	Liftoff	N/A	N/A	N/A	False
chr21	3567887	3572955	RNA28S4-1	0	+	3572955	3572955	85,212,76	1	5068	0	RNA28S4	none	none	-1	LOFF_T0010611	rRNA	LOFF_G0010611	rRNA	LOFF_G0010611	rRNA_T612	N/A	N/A	N/A	N/A	N/A	N/A	N/A	N/A	N/A	ortholog	Liftoff	N/A	N/A	N/A	False
chr21	3604760	3618103	RNA45S4-1	0	+	3618103	3618103	85,212,76	1	13343	0	RNA45S4	none	none	-1	LOFF_T0010612	rRNA	LOFF_G0010612	rRNA	LOFF_G0010612	rRNA_T613	N/A	N/A	N/A	N/A	N/A	N/A	N/A	N/A	N/A	ortholog	Liftoff	N/A	N/A	N/A	False
chr21	3608400	3610269	RNA18S4-1	0	+	3610269	3610269	85,212,76	1	1869	0	RNA18S4	none	none	-1	LOFF_T0010613	rRNA	LOFF_G0010613	rRNA	LOFF_G0010613	rRNA_T614	N/A	N/A	N/A	N/A	N/A	N/A	N/A	N/A	N/A	ortholog	Liftoff	N/A	N/A	N/A	False
chr21	3611346	3611503	RNA5-8S4-1	0	+	3611503	3611503	85,212,76	1	157	0	RNA5-8S4	none	none	-1	LOFF_T0010614	rRNA	LOFF_G0010614	rRNA	LOFF_G0010614	rRNA_T615	N/A	N/A	N/A	N/A	N/A	N/A	N/A	N/A	N/A	ortholog	Liftoff	N/A	N/A	N/A	False
chr21	3612674	3617742	RNA28S4-1	0	+	3617742	3617742	85,212,76	1	5068	0	RNA28S4	none	none	-1	LOFF_T0010615	rRNA	LOFF_G0010615	rRNA	LOFF_G0010615	rRNA_T616	N/A	N/A	N/A	N/A	N/A	N/A	N/A	N/A	N/A	ortholog	Liftoff	N/A	N/A	N/A	False
chr21	3649547	3662890	RNA45S4-1	0	+	3662890	3662890	85,212,76	1	13343	0	RNA45S4	none	none	-1	LOFF_T0010616	rRNA	LOFF_G0010616	rRNA	LOFF_G0010616	rRNA_T617	N/A	N/A	N/A	N/A	N/A	N/A	N/A	N/A	N/A	ortholog	Liftoff	N/A	N/A	N/A	False
chr21	3653187	3655056	RNA18S4-1	0	+	3655056	3655056	85,212,76	1	1869	0	RNA18S4	none	none	-1	LOFF_T0010617	rRNA	LOFF_G0010617	rRNA	LOFF_G0010617	rRNA_T618	N/A	N/A	N/A	N/A	N/A	N/A	N/A	N/A	N/A	ortholog	Liftoff	N/A	N/A	N/A	False
chr21	3656133	3656290	RNA5-8S4-1	0	+	3656290	3656290	85,212,76	1	157	0	RNA5-8S4	none	none	-1	LOFF_T0010618	rRNA	LOFF_G0010618	rRNA	LOFF_G0010618	rRNA_T619	N/A	N/A	N/A	N/A	N/A	N/A	N/A	N/A	N/A	ortholog	Liftoff	N/A	N/A	N/A	False
chr21	3657461	3662529	RNA28S4-1	0	+	3662529	3662529	85,212,76	1	5068	0	RNA28S4	none	none	-1	LOFF_T0010619	rRNA	LOFF_G0010619	rRNA	LOFF_G0010619	rRNA_T620	N/A	N/A	N/A	N/A	N/A	N/A	N/A	N/A	N/A	ortholog	Liftoff	N/A	N/A	N/A	False
chr21	3694334	3707677	RNA45S4-1	0	+	3707677	3707677	85,212,76	1	13343	0	RNA45S4	none	none	-1	LOFF_T0010620	rRNA	LOFF_G0010620	rRNA	LOFF_G0010620	rRNA_T621	N/A	N/A	N/A	N/A	N/A	N/A	N/A	N/A	N/A	ortholog	Liftoff	N/A	N/A	N/A	False
chr21	3697974	3699843	RNA18S4-1	0	+	3699843	3699843	85,212,76	1	1869	0	RNA18S4	none	none	-1	LOFF_T0010621	rRNA	LOFF_G0010621	rRNA	LOFF_G0010621	rRNA_T622	N/A	N/A	N/A	N/A	N/A	N/A	N/A	N/A	N/A	ortholog	Liftoff	N/A	N/A	N/A	False
chr21	3700920	3701077	RNA5-8S4-1	0	+	3701077	3701077	85,212,76	1	157	0	RNA5-8S4	none	none	-1	LOFF_T0010622	rRNA	LOFF_G0010622	rRNA	LOFF_G0010622	rRNA_T623	N/A	N/A	N/A	N/A	N/A	N/A	N/A	N/A	N/A	ortholog	Liftoff	N/A	N/A	N/A	False
chr21	3702248	3707316	RNA28S4-1	0	+	3707316	3707316	85,212,76	1	5068	0	RNA28S4	none	none	-1	LOFF_T0010623	rRNA	LOFF_G0010623	rRNA	LOFF_G0010623	rRNA_T624	N/A	N/A	N/A	N/A	N/A	N/A	N/A	N/A	N/A	ortholog	Liftoff	N/A	N/A	N/A	False
chr21	3739121	3752464	RNA45S4-1	0	+	3752464	3752464	85,212,76	1	13343	0	RNA45S4	none	none	-1	LOFF_T0010624	rRNA	LOFF_G0010624	rRNA	LOFF_G0010624	rRNA_T625	N/A	N/A	N/A	N/A	N/A	N/A	N/A	N/A	N/A	ortholog	Liftoff	N/A	N/A	N/A	False
chr21	3742761	3744630	RNA18S4-1	0	+	3744630	3744630	85,212,76	1	1869	0	RNA18S4	none	none	-1	LOFF_T0010625	rRNA	LOFF_G0010625	rRNA	LOFF_G0010625	rRNA_T626	N/A	N/A	N/A	N/A	N/A	N/A	N/A	N/A	N/A	ortholog	Liftoff	N/A	N/A	N/A	False
chr21	3745707	3745864	RNA5-8S4-1	0	+	3745864	3745864	85,212,76	1	157	0	RNA5-8S4	none	none	-1	LOFF_T0010626	rRNA	LOFF_G0010626	rRNA	LOFF_G0010626	rRNA_T627	N/A	N/A	N/A	N/A	N/A	N/A	N/A	N/A	N/A	ortholog	Liftoff	N/A	N/A	N/A	False
chr21	3747035	3752103	RNA28S4-1	0	+	3752103	3752103	85,212,76	1	5068	0	RNA28S4	none	none	-1	LOFF_T0010627	rRNA	LOFF_G0010627	rRNA	LOFF_G0010627	rRNA_T628	N/A	N/A	N/A	N/A	N/A	N/A	N/A	N/A	N/A	ortholog	Liftoff	N/A	N/A	N/A	False
chr21	3783908	3797251	RNA45S4-1	0	+	3797251	3797251	85,212,76	1	13343	0	RNA45S4	none	none	-1	LOFF_T0010628	rRNA	LOFF_G0010628	rRNA	LOFF_G0010628	rRNA_T629	N/A	N/A	N/A	N/A	N/A	N/A	N/A	N/A	N/A	ortholog	Liftoff	N/A	N/A	N/A	False
chr21	3787548	3789417	RNA18S4-1	0	+	3789417	3789417	85,212,76	1	1869	0	RNA18S4	none	none	-1	LOFF_T0010629	rRNA	LOFF_G0010629	rRNA	LOFF_G0010629	rRNA_T630	N/A	N/A	N/A	N/A	N/A	N/A	N/A	N/A	N/A	ortholog	Liftoff	N/A	N/A	N/A	False
chr21	3790494	3790651	RNA5-8S4-1	0	+	3790651	3790651	85,212,76	1	157	0	RNA5-8S4	none	none	-1	LOFF_T0010630	rRNA	LOFF_G0010630	rRNA	LOFF_G0010630	rRNA_T631	N/A	N/A	N/A	N/A	N/A	N/A	N/A	N/A	N/A	ortholog	Liftoff	N/A	N/A	N/A	False
chr21	3791822	3796890	RNA28S4-1	0	+	3796890	3796890	85,212,76	1	5068	0	RNA28S4	none	none	-1	LOFF_T0010631	rRNA	LOFF_G0010631	rRNA	LOFF_G0010631	rRNA_T632	N/A	N/A	N/A	N/A	N/A	N/A	N/A	N/A	N/A	ortholog	Liftoff	N/A	N/A	N/A	False
chr21	3828695	3842038	RNA45S4-1	0	+	3842038	3842038	85,212,76	1	13343	0	RNA45S4	none	none	-1	LOFF_T0010632	rRNA	LOFF_G0010632	rRNA	LOFF_G0010632	rRNA_T633	N/A	N/A	N/A	N/A	N/A	N/A	N/A	N/A	N/A	ortholog	Liftoff	N/A	N/A	N/A	False
chr21	3832335	3834204	RNA18S4-1	0	+	3834204	3834204	85,212,76	1	1869	0	RNA18S4	none	none	-1	LOFF_T0010633	rRNA	LOFF_G0010633	rRNA	LOFF_G0010633	rRNA_T634	N/A	N/A	N/A	N/A	N/A	N/A	N/A	N/A	N/A	ortholog	Liftoff	N/A	N/A	N/A	False
chr21	3835281	3835438	RNA5-8S4-1	0	+	3835438	3835438	85,212,76	1	157	0	RNA5-8S4	none	none	-1	LOFF_T0010634	rRNA	LOFF_G0010634	rRNA	LOFF_G0010634	rRNA_T635	N/A	N/A	N/A	N/A	N/A	N/A	N/A	N/A	N/A	ortholog	Liftoff	N/A	N/A	N/A	False
chr21	3836609	3841677	RNA28S4-1	0	+	3841677	3841677	85,212,76	1	5068	0	RNA28S4	none	none	-1	LOFF_T0010635	rRNA	LOFF_G0010635	rRNA	LOFF_G0010635	rRNA_T636	N/A	N/A	N/A	N/A	N/A	N/A	N/A	N/A	N/A	ortholog	Liftoff	N/A	N/A	N/A	False
chr21	3873496	3886844	RNA45S4-1	0	+	3886844	3886844	85,212,76	1	13348	0	RNA45S4	none	none	-1	LOFF_T0010636	rRNA	LOFF_G0010636	rRNA	LOFF_G0010636	rRNA_T637	N/A	N/A	N/A	N/A	N/A	N/A	N/A	N/A	N/A	ortholog	Liftoff	N/A	N/A	N/A	False
chr21	3877136	3879005	RNA18S4-1	0	+	3879005	3879005	85,212,76	1	1869	0	RNA18S4	none	none	-1	LOFF_T0010637	rRNA	LOFF_G0010637	rRNA	LOFF_G0010637	rRNA_T638	N/A	N/A	N/A	N/A	N/A	N/A	N/A	N/A	N/A	ortholog	Liftoff	N/A	N/A	N/A	False
chr21	3880083	3880240	RNA5-8S4-1	0	+	3880240	3880240	85,212,76	1	157	0	RNA5-8S4	none	none	-1	LOFF_T0010638	rRNA	LOFF_G0010638	rRNA	LOFF_G0010638	rRNA_T639	N/A	N/A	N/A	N/A	N/A	N/A	N/A	N/A	N/A	ortholog	Liftoff	N/A	N/A	N/A	False
chr21	3881408	3886483	RNA28S4-1	0	+	3886483	3886483	85,212,76	1	5075	0	RNA28S4	none	none	-1	LOFF_T0010639	rRNA	LOFF_G0010639	rRNA	LOFF_G0010639	rRNA_T640	N/A	N/A	N/A	N/A	N/A	N/A	N/A	N/A	N/A	ortholog	Liftoff	N/A	N/A	N/A	False
chr21	3917881	3931229	RNA45S4-1	0	+	3931229	3931229	85,212,76	1	13348	0	RNA45S4	none	none	-1	LOFF_T0010640	rRNA	LOFF_G0010640	rRNA	LOFF_G0010640	rRNA_T641	N/A	N/A	N/A	N/A	N/A	N/A	N/A	N/A	N/A	ortholog	Liftoff	N/A	N/A	N/A	False
chr21	3921521	3923390	RNA18S4-1	0	+	3923390	3923390	85,212,76	1	1869	0	RNA18S4	none	none	-1	LOFF_T0010641	rRNA	LOFF_G0010641	rRNA	LOFF_G0010641	rRNA_T642	N/A	N/A	N/A	N/A	N/A	N/A	N/A	N/A	N/A	ortholog	Liftoff	N/A	N/A	N/A	False
chr21	3924468	3924625	RNA5-8S4-1	0	+	3924625	3924625	85,212,76	1	157	0	RNA5-8S4	none	none	-1	LOFF_T0010642	rRNA	LOFF_G0010642	rRNA	LOFF_G0010642	rRNA_T643	N/A	N/A	N/A	N/A	N/A	N/A	N/A	N/A	N/A	ortholog	Liftoff	N/A	N/A	N/A	False
chr21	3925793	3930868	RNA28S4-1	0	+	3930868	3930868	85,212,76	1	5075	0	RNA28S4	none	none	-1	LOFF_T0010643	rRNA	LOFF_G0010643	rRNA	LOFF_G0010643	rRNA_T644	N/A	N/A	N/A	N/A	N/A	N/A	N/A	N/A	N/A	ortholog	Liftoff	N/A	N/A	N/A	False
chr21	3962266	3975614	RNA45S4-1	0	+	3975614	3975614	85,212,76	1	13348	0	RNA45S4	none	none	-1	LOFF_T0010644	rRNA	LOFF_G0010644	rRNA	LOFF_G0010644	rRNA_T645	N/A	N/A	N/A	N/A	N/A	N/A	N/A	N/A	N/A	ortholog	Liftoff	N/A	N/A	N/A	False
chr21	3965906	3967775	RNA18S4-1	0	+	3967775	3967775	85,212,76	1	1869	0	RNA18S4	none	none	-1	LOFF_T0010645	rRNA	LOFF_G0010645	rRNA	LOFF_G0010645	rRNA_T646	N/A	N/A	N/A	N/A	N/A	N/A	N/A	N/A	N/A	ortholog	Liftoff	N/A	N/A	N/A	False
chr21	3968853	3969010	RNA5-8S4-1	0	+	3969010	3969010	85,212,76	1	157	0	RNA5-8S4	none	none	-1	LOFF_T0010646	rRNA	LOFF_G0010646	rRNA	LOFF_G0010646	rRNA_T647	N/A	N/A	N/A	N/A	N/A	N/A	N/A	N/A	N/A	ortholog	Liftoff	N/A	N/A	N/A	False
chr21	3970178	3975253	RNA28S4-1	0	+	3975253	3975253	85,212,76	1	5075	0	RNA28S4	none	none	-1	LOFF_T0010647	rRNA	LOFF_G0010647	rRNA	LOFF_G0010647	rRNA_T648	N/A	N/A	N/A	N/A	N/A	N/A	N/A	N/A	N/A	ortholog	Liftoff	N/A	N/A	N/A	False
chr21	4006651	4019999	RNA45S4-1	0	+	4019999	4019999	85,212,76	1	13348	0	RNA45S4	none	none	-1	LOFF_T0010648	rRNA	LOFF_G0010648	rRNA	LOFF_G0010648	rRNA_T649	N/A	N/A	N/A	N/A	N/A	N/A	N/A	N/A	N/A	ortholog	Liftoff	N/A	N/A	N/A	False
chr21	4010291	4012160	RNA18S4-1	0	+	4012160	4012160	85,212,76	1	1869	0	RNA18S4	none	none	-1	LOFF_T0010649	rRNA	LOFF_G0010649	rRNA	LOFF_G0010649	rRNA_T650	N/A	N/A	N/A	N/A	N/A	N/A	N/A	N/A	N/A	ortholog	Liftoff	N/A	N/A	N/A	False
chr21	4013238	4013395	RNA5-8S4-1	0	+	4013395	4013395	85,212,76	1	157	0	RNA5-8S4	none	none	-1	LOFF_T0010650	rRNA	LOFF_G0010650	rRNA	LOFF_G0010650	rRNA_T651	N/A	N/A	N/A	N/A	N/A	N/A	N/A	N/A	N/A	ortholog	Liftoff	N/A	N/A	N/A	False
chr21	4014563	4019638	RNA28S4-1	0	+	4019638	4019638	85,212,76	1	5075	0	RNA28S4	none	none	-1	LOFF_T0010651	rRNA	LOFF_G0010651	rRNA	LOFF_G0010651	rRNA_T652	N/A	N/A	N/A	N/A	N/A	N/A	N/A	N/A	N/A	ortholog	Liftoff	N/A	N/A	N/A	False
chr21	4051036	4064384	RNA45S4-1	0	+	4064384	4064384	85,212,76	1	13348	0	RNA45S4	none	none	-1	LOFF_T0010652	rRNA	LOFF_G0010652	rRNA	LOFF_G0010652	rRNA_T653	N/A	N/A	N/A	N/A	N/A	N/A	N/A	N/A	N/A	ortholog	Liftoff	N/A	N/A	N/A	False
chr21	4054676	4056545	RNA18S4-1	0	+	4056545	4056545	85,212,76	1	1869	0	RNA18S4	none	none	-1	LOFF_T0010653	rRNA	LOFF_G0010653	rRNA	LOFF_G0010653	rRNA_T654	N/A	N/A	N/A	N/A	N/A	N/A	N/A	N/A	N/A	ortholog	Liftoff	N/A	N/A	N/A	False
chr21	4057623	4057780	RNA5-8S4-1	0	+	4057780	4057780	85,212,76	1	157	0	RNA5-8S4	none	none	-1	LOFF_T0010654	rRNA	LOFF_G0010654	rRNA	LOFF_G0010654	rRNA_T655	N/A	N/A	N/A	N/A	N/A	N/A	N/A	N/A	N/A	ortholog	Liftoff	N/A	N/A	N/A	False
chr21	4058948	4064023	RNA28S4-1	0	+	4064023	4064023	85,212,76	1	5075	0	RNA28S4	none	none	-1	LOFF_T0010655	rRNA	LOFF_G0010655	rRNA	LOFF_G0010655	rRNA_T656	N/A	N/A	N/A	N/A	N/A	N/A	N/A	N/A	N/A	ortholog	Liftoff	N/A	N/A	N/A	False
chr21	4095421	4108769	RNA45S4-1	0	+	4108769	4108769	85,212,76	1	13348	0	RNA45S4	none	none	-1	LOFF_T0010656	rRNA	LOFF_G0010656	rRNA	LOFF_G0010656	rRNA_T657	N/A	N/A	N/A	N/A	N/A	N/A	N/A	N/A	N/A	ortholog	Liftoff	N/A	N/A	N/A	False
chr21	4099061	4100930	RNA18S4-1	0	+	4100930	4100930	85,212,76	1	1869	0	RNA18S4	none	none	-1	LOFF_T0010657	rRNA	LOFF_G0010657	rRNA	LOFF_G0010657	rRNA_T658	N/A	N/A	N/A	N/A	N/A	N/A	N/A	N/A	N/A	ortholog	Liftoff	N/A	N/A	N/A	False
chr21	4102008	4102165	RNA5-8S4-1	0	+	4102165	4102165	85,212,76	1	157	0	RNA5-8S4	none	none	-1	LOFF_T0010658	rRNA	LOFF_G0010658	rRNA	LOFF_G0010658	rRNA_T659	N/A	N/A	N/A	N/A	N/A	N/A	N/A	N/A	N/A	ortholog	Liftoff	N/A	N/A	N/A	False
chr21	4103333	4108408	RNA28S4-1	0	+	4108408	4108408	85,212,76	1	5075	0	RNA28S4	none	none	-1	LOFF_T0010659	rRNA	LOFF_G0010659	rRNA	LOFF_G0010659	rRNA_T660	N/A	N/A	N/A	N/A	N/A	N/A	N/A	N/A	N/A	ortholog	Liftoff	N/A	N/A	N/A	False
chr21	4139806	4153154	RNA45S4-1	0	+	4153154	4153154	85,212,76	1	13348	0	RNA45S4	none	none	-1	LOFF_T0010660	rRNA	LOFF_G0010660	rRNA	LOFF_G0010660	rRNA_T661	N/A	N/A	N/A	N/A	N/A	N/A	N/A	N/A	N/A	ortholog	Liftoff	N/A	N/A	N/A	False
chr21	4143446	4145315	RNA18S4-1	0	+	4145315	4145315	85,212,76	1	1869	0	RNA18S4	none	none	-1	LOFF_T0010661	rRNA	LOFF_G0010661	rRNA	LOFF_G0010661	rRNA_T662	N/A	N/A	N/A	N/A	N/A	N/A	N/A	N/A	N/A	ortholog	Liftoff	N/A	N/A	N/A	False
chr21	4146393	4146550	RNA5-8S4-1	0	+	4146550	4146550	85,212,76	1	157	0	RNA5-8S4	none	none	-1	LOFF_T0010662	rRNA	LOFF_G0010662	rRNA	LOFF_G0010662	rRNA_T663	N/A	N/A	N/A	N/A	N/A	N/A	N/A	N/A	N/A	ortholog	Liftoff	N/A	N/A	N/A	False
chr21	4147718	4152793	RNA28S4-1	0	+	4152793	4152793	85,212,76	1	5075	0	RNA28S4	none	none	-1	LOFF_T0010663	rRNA	LOFF_G0010663	rRNA	LOFF_G0010663	rRNA_T664	N/A	N/A	N/A	N/A	N/A	N/A	N/A	N/A	N/A	ortholog	Liftoff	N/A	N/A	N/A	False
chr21	4184191	4197539	RNA45S4-1	0	+	4197539	4197539	85,212,76	1	13348	0	RNA45S4	none	none	-1	LOFF_T0010664	rRNA	LOFF_G0010664	rRNA	LOFF_G0010664	rRNA_T665	N/A	N/A	N/A	N/A	N/A	N/A	N/A	N/A	N/A	ortholog	Liftoff	N/A	N/A	N/A	False
chr21	4187831	4189700	RNA18S4-1	0	+	4189700	4189700	85,212,76	1	1869	0	RNA18S4	none	none	-1	LOFF_T0010665	rRNA	LOFF_G0010665	rRNA	LOFF_G0010665	rRNA_T666	N/A	N/A	N/A	N/A	N/A	N/A	N/A	N/A	N/A	ortholog	Liftoff	N/A	N/A	N/A	False
chr21	4190778	4190935	RNA5-8S4-1	0	+	4190935	4190935	85,212,76	1	157	0	RNA5-8S4	none	none	-1	LOFF_T0010666	rRNA	LOFF_G0010666	rRNA	LOFF_G0010666	rRNA_T667	N/A	N/A	N/A	N/A	N/A	N/A	N/A	N/A	N/A	ortholog	Liftoff	N/A	N/A	N/A	False
chr21	4192103	4197178	RNA28S4-1	0	+	4197178	4197178	85,212,76	1	5075	0	RNA28S4	none	none	-1	LOFF_T0010667	rRNA	LOFF_G0010667	rRNA	LOFF_G0010667	rRNA_T668	N/A	N/A	N/A	N/A	N/A	N/A	N/A	N/A	N/A	ortholog	Liftoff	N/A	N/A	N/A	False
chr21	4228576	4241924	RNA45S4-1	0	+	4241924	4241924	85,212,76	1	13348	0	RNA45S4	none	none	-1	LOFF_T0010668	rRNA	LOFF_G0010668	rRNA	LOFF_G0010668	rRNA_T669	N/A	N/A	N/A	N/A	N/A	N/A	N/A	N/A	N/A	ortholog	Liftoff	N/A	N/A	N/A	False
chr21	4232216	4234085	RNA18S4-1	0	+	4234085	4234085	85,212,76	1	1869	0	RNA18S4	none	none	-1	LOFF_T0010669	rRNA	LOFF_G0010669	rRNA	LOFF_G0010669	rRNA_T670	N/A	N/A	N/A	N/A	N/A	N/A	N/A	N/A	N/A	ortholog	Liftoff	N/A	N/A	N/A	False
chr21	4235163	4235320	RNA5-8S4-1	0	+	4235320	4235320	85,212,76	1	157	0	RNA5-8S4	none	none	-1	LOFF_T0010670	rRNA	LOFF_G0010670	rRNA	LOFF_G0010670	rRNA_T671	N/A	N/A	N/A	N/A	N/A	N/A	N/A	N/A	N/A	ortholog	Liftoff	N/A	N/A	N/A	False
chr21	4236488	4241563	RNA28S4-1	0	+	4241563	4241563	85,212,76	1	5075	0	RNA28S4	none	none	-1	LOFF_T0010671	rRNA	LOFF_G0010671	rRNA	LOFF_G0010671	rRNA_T672	N/A	N/A	N/A	N/A	N/A	N/A	N/A	N/A	N/A	ortholog	Liftoff	N/A	N/A	N/A	False
chr21	4272961	4286309	RNA45S4-1	0	+	4286309	4286309	85,212,76	1	13348	0	RNA45S4	none	none	-1	LOFF_T0010672	rRNA	LOFF_G0010672	rRNA	LOFF_G0010672	rRNA_T673	N/A	N/A	N/A	N/A	N/A	N/A	N/A	N/A	N/A	ortholog	Liftoff	N/A	N/A	N/A	False
chr21	4276601	4278470	RNA18S4-1	0	+	4278470	4278470	85,212,76	1	1869	0	RNA18S4	none	none	-1	LOFF_T0010673	rRNA	LOFF_G0010673	rRNA	LOFF_G0010673	rRNA_T674	N/A	N/A	N/A	N/A	N/A	N/A	N/A	N/A	N/A	ortholog	Liftoff	N/A	N/A	N/A	False
chr21	4279548	4279705	RNA5-8S4-1	0	+	4279705	4279705	85,212,76	1	157	0	RNA5-8S4	none	none	-1	LOFF_T0010674	rRNA	LOFF_G0010674	rRNA	LOFF_G0010674	rRNA_T675	N/A	N/A	N/A	N/A	N/A	N/A	N/A	N/A	N/A	ortholog	Liftoff	N/A	N/A	N/A	False
chr21	4280873	4285948	RNA28S4-1	0	+	4285948	4285948	85,212,76	1	5075	0	RNA28S4	none	none	-1	LOFF_T0010675	rRNA	LOFF_G0010675	rRNA	LOFF_G0010675	rRNA_T676	N/A	N/A	N/A	N/A	N/A	N/A	N/A	N/A	N/A	ortholog	Liftoff	N/A	N/A	N/A	False
chr21	4317346	4330694	RNA45S4-1	0	+	4330694	4330694	85,212,76	1	13348	0	RNA45S4	none	none	-1	LOFF_T0010676	rRNA	LOFF_G0010676	rRNA	LOFF_G0010676	rRNA_T677	N/A	N/A	N/A	N/A	N/A	N/A	N/A	N/A	N/A	ortholog	Liftoff	N/A	N/A	N/A	False
chr21	4320986	4322855	RNA18S4-1	0	+	4322855	4322855	85,212,76	1	1869	0	RNA18S4	none	none	-1	LOFF_T0010677	rRNA	LOFF_G0010677	rRNA	LOFF_G0010677	rRNA_T678	N/A	N/A	N/A	N/A	N/A	N/A	N/A	N/A	N/A	ortholog	Liftoff	N/A	N/A	N/A	False
chr21	4323933	4324090	RNA5-8S4-1	0	+	4324090	4324090	85,212,76	1	157	0	RNA5-8S4	none	none	-1	LOFF_T0010678	rRNA	LOFF_G0010678	rRNA	LOFF_G0010678	rRNA_T679	N/A	N/A	N/A	N/A	N/A	N/A	N/A	N/A	N/A	ortholog	Liftoff	N/A	N/A	N/A	False
chr21	4325258	4330333	RNA28S4-1	0	+	4330333	4330333	85,212,76	1	5075	0	RNA28S4	none	none	-1	LOFF_T0010679	rRNA	LOFF_G0010679	rRNA	LOFF_G0010679	rRNA_T680	N/A	N/A	N/A	N/A	N/A	N/A	N/A	N/A	N/A	ortholog	Liftoff	N/A	N/A	N/A	False
chr21	4361731	4375079	RNA45S4-1	0	+	4375079	4375079	85,212,76	1	13348	0	RNA45S4	none	none	-1	LOFF_T0010680	rRNA	LOFF_G0010680	rRNA	LOFF_G0010680	rRNA_T681	N/A	N/A	N/A	N/A	N/A	N/A	N/A	N/A	N/A	ortholog	Liftoff	N/A	N/A	N/A	False
chr21	4365371	4367240	RNA18S4-1	0	+	4367240	4367240	85,212,76	1	1869	0	RNA18S4	none	none	-1	LOFF_T0010681	rRNA	LOFF_G0010681	rRNA	LOFF_G0010681	rRNA_T682	N/A	N/A	N/A	N/A	N/A	N/A	N/A	N/A	N/A	ortholog	Liftoff	N/A	N/A	N/A	False
chr21	4368318	4368475	RNA5-8S4-1	0	+	4368475	4368475	85,212,76	1	157	0	RNA5-8S4	none	none	-1	LOFF_T0010682	rRNA	LOFF_G0010682	rRNA	LOFF_G0010682	rRNA_T683	N/A	N/A	N/A	N/A	N/A	N/A	N/A	N/A	N/A	ortholog	Liftoff	N/A	N/A	N/A	False
chr21	4369643	4374718	RNA28S4-1	0	+	4374718	4374718	85,212,76	1	5075	0	RNA28S4	none	none	-1	LOFF_T0010683	rRNA	LOFF_G0010683	rRNA	LOFF_G0010683	rRNA_T684	N/A	N/A	N/A	N/A	N/A	N/A	N/A	N/A	N/A	ortholog	Liftoff	N/A	N/A	N/A	False
chr21	4406116	4419464	RNA45S4-1	0	+	4419464	4419464	85,212,76	1	13348	0	RNA45S4	none	none	-1	LOFF_T0010684	rRNA	LOFF_G0010684	rRNA	LOFF_G0010684	rRNA_T685	N/A	N/A	N/A	N/A	N/A	N/A	N/A	N/A	N/A	ortholog	Liftoff	N/A	N/A	N/A	False
chr21	4409756	4411625	RNA18S4-1	0	+	4411625	4411625	85,212,76	1	1869	0	RNA18S4	none	none	-1	LOFF_T0010685	rRNA	LOFF_G0010685	rRNA	LOFF_G0010685	rRNA_T686	N/A	N/A	N/A	N/A	N/A	N/A	N/A	N/A	N/A	ortholog	Liftoff	N/A	N/A	N/A	False
chr21	4412703	4412860	RNA5-8S4-1	0	+	4412860	4412860	85,212,76	1	157	0	RNA5-8S4	none	none	-1	LOFF_T0010686	rRNA	LOFF_G0010686	rRNA	LOFF_G0010686	rRNA_T687	N/A	N/A	N/A	N/A	N/A	N/A	N/A	N/A	N/A	ortholog	Liftoff	N/A	N/A	N/A	False
chr21	4414028	4419103	RNA28S4-1	0	+	4419103	4419103	85,212,76	1	5075	0	RNA28S4	none	none	-1	LOFF_T0010687	rRNA	LOFF_G0010687	rRNA	LOFF_G0010687	rRNA_T688	N/A	N/A	N/A	N/A	N/A	N/A	N/A	N/A	N/A	ortholog	Liftoff	N/A	N/A	N/A	False
chr21	4450501	4463849	RNA45S4-1	0	+	4463849	4463849	85,212,76	1	13348	0	RNA45S4	none	none	-1	LOFF_T0010688	rRNA	LOFF_G0010688	rRNA	LOFF_G0010688	rRNA_T689	N/A	N/A	N/A	N/A	N/A	N/A	N/A	N/A	N/A	ortholog	Liftoff	N/A	N/A	N/A	False
chr21	4454141	4456010	RNA18S4-1	0	+	4456010	4456010	85,212,76	1	1869	0	RNA18S4	none	none	-1	LOFF_T0010689	rRNA	LOFF_G0010689	rRNA	LOFF_G0010689	rRNA_T690	N/A	N/A	N/A	N/A	N/A	N/A	N/A	N/A	N/A	ortholog	Liftoff	N/A	N/A	N/A	False
chr21	4457088	4457245	RNA5-8S4-1	0	+	4457245	4457245	85,212,76	1	157	0	RNA5-8S4	none	none	-1	LOFF_T0010690	rRNA	LOFF_G0010690	rRNA	LOFF_G0010690	rRNA_T691	N/A	N/A	N/A	N/A	N/A	N/A	N/A	N/A	N/A	ortholog	Liftoff	N/A	N/A	N/A	False
chr21	4458413	4463488	RNA28S4-1	0	+	4463488	4463488	85,212,76	1	5075	0	RNA28S4	none	none	-1	LOFF_T0010691	rRNA	LOFF_G0010691	rRNA	LOFF_G0010691	rRNA_T692	N/A	N/A	N/A	N/A	N/A	N/A	N/A	N/A	N/A	ortholog	Liftoff	N/A	N/A	N/A	False
chr21	4494886	4508234	RNA45S4-1	0	+	4508234	4508234	85,212,76	1	13348	0	RNA45S4	none	none	-1	LOFF_T0010692	rRNA	LOFF_G0010692	rRNA	LOFF_G0010692	rRNA_T693	N/A	N/A	N/A	N/A	N/A	N/A	N/A	N/A	N/A	ortholog	Liftoff	N/A	N/A	N/A	False
chr21	4498526	4500395	RNA18S4-1	0	+	4500395	4500395	85,212,76	1	1869	0	RNA18S4	none	none	-1	LOFF_T0010693	rRNA	LOFF_G0010693	rRNA	LOFF_G0010693	rRNA_T694	N/A	N/A	N/A	N/A	N/A	N/A	N/A	N/A	N/A	ortholog	Liftoff	N/A	N/A	N/A	False
chr21	4501473	4501630	RNA5-8S4-1	0	+	4501630	4501630	85,212,76	1	157	0	RNA5-8S4	none	none	-1	LOFF_T0010694	rRNA	LOFF_G0010694	rRNA	LOFF_G0010694	rRNA_T695	N/A	N/A	N/A	N/A	N/A	N/A	N/A	N/A	N/A	ortholog	Liftoff	N/A	N/A	N/A	False
chr21	4502798	4507873	RNA28S4-1	0	+	4507873	4507873	85,212,76	1	5075	0	RNA28S4	none	none	-1	LOFF_T0010695	rRNA	LOFF_G0010695	rRNA	LOFF_G0010695	rRNA_T696	N/A	N/A	N/A	N/A	N/A	N/A	N/A	N/A	N/A	ortholog	Liftoff	N/A	N/A	N/A	False
chr21	4539271	4552619	RNA45S4-1	0	+	4552619	4552619	85,212,76	1	13348	0	RNA45S4	none	none	-1	LOFF_T0010696	rRNA	LOFF_G0010696	rRNA	LOFF_G0010696	rRNA_T697	N/A	N/A	N/A	N/A	N/A	N/A	N/A	N/A	N/A	ortholog	Liftoff	N/A	N/A	N/A	False
chr21	4542911	4544780	RNA18S4-1	0	+	4544780	4544780	85,212,76	1	1869	0	RNA18S4	none	none	-1	LOFF_T0010697	rRNA	LOFF_G0010697	rRNA	LOFF_G0010697	rRNA_T698	N/A	N/A	N/A	N/A	N/A	N/A	N/A	N/A	N/A	ortholog	Liftoff	N/A	N/A	N/A	False
chr21	4545858	4546015	RNA5-8S4-1	0	+	4546015	4546015	85,212,76	1	157	0	RNA5-8S4	none	none	-1	LOFF_T0010698	rRNA	LOFF_G0010698	rRNA	LOFF_G0010698	rRNA_T699	N/A	N/A	N/A	N/A	N/A	N/A	N/A	N/A	N/A	ortholog	Liftoff	N/A	N/A	N/A	False
chr21	4547183	4552258	RNA28S4-1	0	+	4552258	4552258	85,212,76	1	5075	0	RNA28S4	none	none	-1	LOFF_T0010699	rRNA	LOFF_G0010699	rRNA	LOFF_G0010699	rRNA_T700	N/A	N/A	N/A	N/A	N/A	N/A	N/A	N/A	N/A	ortholog	Liftoff	N/A	N/A	N/A	False
chr21	4583656	4597004	RNA45S4-1	0	+	4597004	4597004	85,212,76	1	13348	0	RNA45S4	none	none	-1	LOFF_T0010700	rRNA	LOFF_G0010700	rRNA	LOFF_G0010700	rRNA_T701	N/A	N/A	N/A	N/A	N/A	N/A	N/A	N/A	N/A	ortholog	Liftoff	N/A	N/A	N/A	False
chr21	4587296	4589165	RNA18S4-1	0	+	4589165	4589165	85,212,76	1	1869	0	RNA18S4	none	none	-1	LOFF_T0010701	rRNA	LOFF_G0010701	rRNA	LOFF_G0010701	rRNA_T702	N/A	N/A	N/A	N/A	N/A	N/A	N/A	N/A	N/A	ortholog	Liftoff	N/A	N/A	N/A	False
chr21	4590243	4590400	RNA5-8S4-1	0	+	4590400	4590400	85,212,76	1	157	0	RNA5-8S4	none	none	-1	LOFF_T0010702	rRNA	LOFF_G0010702	rRNA	LOFF_G0010702	rRNA_T703	N/A	N/A	N/A	N/A	N/A	N/A	N/A	N/A	N/A	ortholog	Liftoff	N/A	N/A	N/A	False
chr21	4591568	4596643	RNA28S4-1	0	+	4596643	4596643	85,212,76	1	5075	0	RNA28S4	none	none	-1	LOFF_T0010703	rRNA	LOFF_G0010703	rRNA	LOFF_G0010703	rRNA_T704	N/A	N/A	N/A	N/A	N/A	N/A	N/A	N/A	N/A	ortholog	Liftoff	N/A	N/A	N/A	False
chr21	4628041	4641389	RNA45S4-1	0	+	4641389	4641389	85,212,76	1	13348	0	RNA45S4	none	none	-1	LOFF_T0010704	rRNA	LOFF_G0010704	rRNA	LOFF_G0010704	rRNA_T705	N/A	N/A	N/A	N/A	N/A	N/A	N/A	N/A	N/A	ortholog	Liftoff	N/A	N/A	N/A	False
chr21	4631681	4633550	RNA18S4-1	0	+	4633550	4633550	85,212,76	1	1869	0	RNA18S4	none	none	-1	LOFF_T0010705	rRNA	LOFF_G0010705	rRNA	LOFF_G0010705	rRNA_T706	N/A	N/A	N/A	N/A	N/A	N/A	N/A	N/A	N/A	ortholog	Liftoff	N/A	N/A	N/A	False
chr21	4634628	4634785	RNA5-8S4-1	0	+	4634785	4634785	85,212,76	1	157	0	RNA5-8S4	none	none	-1	LOFF_T0010706	rRNA	LOFF_G0010706	rRNA	LOFF_G0010706	rRNA_T707	N/A	N/A	N/A	N/A	N/A	N/A	N/A	N/A	N/A	ortholog	Liftoff	N/A	N/A	N/A	False
chr21	4635953	4641028	RNA28S4-1	0	+	4641028	4641028	85,212,76	1	5075	0	RNA28S4	none	none	-1	LOFF_T0010707	rRNA	LOFF_G0010707	rRNA	LOFF_G0010707	rRNA_T708	N/A	N/A	N/A	N/A	N/A	N/A	N/A	N/A	N/A	ortholog	Liftoff	N/A	N/A	N/A	False
chr21	4672426	4685774	RNA45S4-1	0	+	4685774	4685774	85,212,76	1	13348	0	RNA45S4	none	none	-1	LOFF_T0010708	rRNA	LOFF_G0010708	rRNA	LOFF_G0010708	rRNA_T709	N/A	N/A	N/A	N/A	N/A	N/A	N/A	N/A	N/A	ortholog	Liftoff	N/A	N/A	N/A	False
chr21	4676066	4677935	RNA18S4-1	0	+	4677935	4677935	85,212,76	1	1869	0	RNA18S4	none	none	-1	LOFF_T0010709	rRNA	LOFF_G0010709	rRNA	LOFF_G0010709	rRNA_T710	N/A	N/A	N/A	N/A	N/A	N/A	N/A	N/A	N/A	ortholog	Liftoff	N/A	N/A	N/A	False
chr21	4679013	4679170	RNA5-8S4-1	0	+	4679170	4679170	85,212,76	1	157	0	RNA5-8S4	none	none	-1	LOFF_T0010710	rRNA	LOFF_G0010710	rRNA	LOFF_G0010710	rRNA_T711	N/A	N/A	N/A	N/A	N/A	N/A	N/A	N/A	N/A	ortholog	Liftoff	N/A	N/A	N/A	False
chr21	4680338	4685413	RNA28S4-1	0	+	4685413	4685413	85,212,76	1	5075	0	RNA28S4	none	none	-1	LOFF_T0010711	rRNA	LOFF_G0010711	rRNA	LOFF_G0010711	rRNA_T712	N/A	N/A	N/A	N/A	N/A	N/A	N/A	N/A	N/A	ortholog	Liftoff	N/A	N/A	N/A	False
chr21	4716811	4730159	RNA45S4-1	0	+	4730159	4730159	85,212,76	1	13348	0	RNA45S4	none	none	-1	LOFF_T0010712	rRNA	LOFF_G0010712	rRNA	LOFF_G0010712	rRNA_T713	N/A	N/A	N/A	N/A	N/A	N/A	N/A	N/A	N/A	ortholog	Liftoff	N/A	N/A	N/A	False
chr21	4720451	4722320	RNA18S4-1	0	+	4722320	4722320	85,212,76	1	1869	0	RNA18S4	none	none	-1	LOFF_T0010713	rRNA	LOFF_G0010713	rRNA	LOFF_G0010713	rRNA_T714	N/A	N/A	N/A	N/A	N/A	N/A	N/A	N/A	N/A	ortholog	Liftoff	N/A	N/A	N/A	False
chr21	4723398	4723555	RNA5-8S4-1	0	+	4723555	4723555	85,212,76	1	157	0	RNA5-8S4	none	none	-1	LOFF_T0010714	rRNA	LOFF_G0010714	rRNA	LOFF_G0010714	rRNA_T715	N/A	N/A	N/A	N/A	N/A	N/A	N/A	N/A	N/A	ortholog	Liftoff	N/A	N/A	N/A	False
chr21	4724723	4729798	RNA28S4-1	0	+	4729798	4729798	85,212,76	1	5075	0	RNA28S4	none	none	-1	LOFF_T0010715	rRNA	LOFF_G0010715	rRNA	LOFF_G0010715	rRNA_T716	N/A	N/A	N/A	N/A	N/A	N/A	N/A	N/A	N/A	ortholog	Liftoff	N/A	N/A	N/A	False
chr21	4761196	4774544	RNA45S4-1	0	+	4774544	4774544	85,212,76	1	13348	0	RNA45S4	none	none	-1	LOFF_T0010716	rRNA	LOFF_G0010716	rRNA	LOFF_G0010716	rRNA_T717	N/A	N/A	N/A	N/A	N/A	N/A	N/A	N/A	N/A	ortholog	Liftoff	N/A	N/A	N/A	False
chr21	4764836	4766705	RNA18S4-1	0	+	4766705	4766705	85,212,76	1	1869	0	RNA18S4	none	none	-1	LOFF_T0010717	rRNA	LOFF_G0010717	rRNA	LOFF_G0010717	rRNA_T718	N/A	N/A	N/A	N/A	N/A	N/A	N/A	N/A	N/A	ortholog	Liftoff	N/A	N/A	N/A	False
chr21	4767783	4767940	RNA5-8S4-1	0	+	4767940	4767940	85,212,76	1	157	0	RNA5-8S4	none	none	-1	LOFF_T0010718	rRNA	LOFF_G0010718	rRNA	LOFF_G0010718	rRNA_T719	N/A	N/A	N/A	N/A	N/A	N/A	N/A	N/A	N/A	ortholog	Liftoff	N/A	N/A	N/A	False
chr21	4769108	4774183	RNA28S4-1	0	+	4774183	4774183	85,212,76	1	5075	0	RNA28S4	none	none	-1	LOFF_T0010719	rRNA	LOFF_G0010719	rRNA	LOFF_G0010719	rRNA_T720	N/A	N/A	N/A	N/A	N/A	N/A	N/A	N/A	N/A	ortholog	Liftoff	N/A	N/A	N/A	False
chr21	4805581	4818929	RNA45S4-1	0	+	4818929	4818929	85,212,76	1	13348	0	RNA45S4	none	none	-1	LOFF_T0010720	rRNA	LOFF_G0010720	rRNA	LOFF_G0010720	rRNA_T721	N/A	N/A	N/A	N/A	N/A	N/A	N/A	N/A	N/A	ortholog	Liftoff	N/A	N/A	N/A	False
chr21	4809221	4811090	RNA18S4-1	0	+	4811090	4811090	85,212,76	1	1869	0	RNA18S4	none	none	-1	LOFF_T0010721	rRNA	LOFF_G0010721	rRNA	LOFF_G0010721	rRNA_T722	N/A	N/A	N/A	N/A	N/A	N/A	N/A	N/A	N/A	ortholog	Liftoff	N/A	N/A	N/A	False
chr21	4812168	4812325	RNA5-8S4-1	0	+	4812325	4812325	85,212,76	1	157	0	RNA5-8S4	none	none	-1	LOFF_T0010722	rRNA	LOFF_G0010722	rRNA	LOFF_G0010722	rRNA_T723	N/A	N/A	N/A	N/A	N/A	N/A	N/A	N/A	N/A	ortholog	Liftoff	N/A	N/A	N/A	False
chr21	4813493	4818568	RNA28S4-1	0	+	4818568	4818568	85,212,76	1	5075	0	RNA28S4	none	none	-1	LOFF_T0010723	rRNA	LOFF_G0010723	rRNA	LOFF_G0010723	rRNA_T724	N/A	N/A	N/A	N/A	N/A	N/A	N/A	N/A	N/A	ortholog	Liftoff	N/A	N/A	N/A	False
chr21	4849966	4863314	RNA45S4-1	0	+	4863314	4863314	85,212,76	1	13348	0	RNA45S4	none	none	-1	LOFF_T0010724	rRNA	LOFF_G0010724	rRNA	LOFF_G0010724	rRNA_T725	N/A	N/A	N/A	N/A	N/A	N/A	N/A	N/A	N/A	ortholog	Liftoff	N/A	N/A	N/A	False
chr21	4853606	4855475	RNA18S4-1	0	+	4855475	4855475	85,212,76	1	1869	0	RNA18S4	none	none	-1	LOFF_T0010725	rRNA	LOFF_G0010725	rRNA	LOFF_G0010725	rRNA_T726	N/A	N/A	N/A	N/A	N/A	N/A	N/A	N/A	N/A	ortholog	Liftoff	N/A	N/A	N/A	False
chr21	4856553	4856710	RNA5-8S4-1	0	+	4856710	4856710	85,212,76	1	157	0	RNA5-8S4	none	none	-1	LOFF_T0010726	rRNA	LOFF_G0010726	rRNA	LOFF_G0010726	rRNA_T727	N/A	N/A	N/A	N/A	N/A	N/A	N/A	N/A	N/A	ortholog	Liftoff	N/A	N/A	N/A	False
chr21	4857878	4862953	RNA28S4-1	0	+	4862953	4862953	85,212,76	1	5075	0	RNA28S4	none	none	-1	LOFF_T0010727	rRNA	LOFF_G0010727	rRNA	LOFF_G0010727	rRNA_T728	N/A	N/A	N/A	N/A	N/A	N/A	N/A	N/A	N/A	ortholog	Liftoff	N/A	N/A	N/A	False
chr21	4894351	4907699	RNA45S4-1	0	+	4907699	4907699	85,212,76	1	13348	0	RNA45S4	none	none	-1	LOFF_T0010728	rRNA	LOFF_G0010728	rRNA	LOFF_G0010728	rRNA_T729	N/A	N/A	N/A	N/A	N/A	N/A	N/A	N/A	N/A	ortholog	Liftoff	N/A	N/A	N/A	False
chr21	4897991	4899860	RNA18S4-1	0	+	4899860	4899860	85,212,76	1	1869	0	RNA18S4	none	none	-1	LOFF_T0010729	rRNA	LOFF_G0010729	rRNA	LOFF_G0010729	rRNA_T730	N/A	N/A	N/A	N/A	N/A	N/A	N/A	N/A	N/A	ortholog	Liftoff	N/A	N/A	N/A	False
chr21	4900938	4901095	RNA5-8S4-1	0	+	4901095	4901095	85,212,76	1	157	0	RNA5-8S4	none	none	-1	LOFF_T0010730	rRNA	LOFF_G0010730	rRNA	LOFF_G0010730	rRNA_T731	N/A	N/A	N/A	N/A	N/A	N/A	N/A	N/A	N/A	ortholog	Liftoff	N/A	N/A	N/A	False
chr21	4902263	4907338	RNA28S4-1	0	+	4907338	4907338	85,212,76	1	5075	0	RNA28S4	none	none	-1	LOFF_T0010731	rRNA	LOFF_G0010731	rRNA	LOFF_G0010731	rRNA_T732	N/A	N/A	N/A	N/A	N/A	N/A	N/A	N/A	N/A	ortholog	Liftoff	N/A	N/A	N/A	False
chr21	4938736	4952084	RNA45S4-1	0	+	4952084	4952084	85,212,76	1	13348	0	RNA45S4	none	none	-1	LOFF_T0010732	rRNA	LOFF_G0010732	rRNA	LOFF_G0010732	rRNA_T733	N/A	N/A	N/A	N/A	N/A	N/A	N/A	N/A	N/A	ortholog	Liftoff	N/A	N/A	N/A	False
chr21	4942376	4944245	RNA18S4-1	0	+	4944245	4944245	85,212,76	1	1869	0	RNA18S4	none	none	-1	LOFF_T0010733	rRNA	LOFF_G0010733	rRNA	LOFF_G0010733	rRNA_T734	N/A	N/A	N/A	N/A	N/A	N/A	N/A	N/A	N/A	ortholog	Liftoff	N/A	N/A	N/A	False
chr21	4945323	4945480	RNA5-8S4-1	0	+	4945480	4945480	85,212,76	1	157	0	RNA5-8S4	none	none	-1	LOFF_T0010734	rRNA	LOFF_G0010734	rRNA	LOFF_G0010734	rRNA_T735	N/A	N/A	N/A	N/A	N/A	N/A	N/A	N/A	N/A	ortholog	Liftoff	N/A	N/A	N/A	False
chr21	4946648	4951723	RNA28S4-1	0	+	4951723	4951723	85,212,76	1	5075	0	RNA28S4	none	none	-1	LOFF_T0010735	rRNA	LOFF_G0010735	rRNA	LOFF_G0010735	rRNA_T736	N/A	N/A	N/A	N/A	N/A	N/A	N/A	N/A	N/A	ortholog	Liftoff	N/A	N/A	N/A	False
chr21	4983121	4996469	RNA45S4-1	0	+	4996469	4996469	85,212,76	1	13348	0	RNA45S4	none	none	-1	LOFF_T0010736	rRNA	LOFF_G0010736	rRNA	LOFF_G0010736	rRNA_T737	N/A	N/A	N/A	N/A	N/A	N/A	N/A	N/A	N/A	ortholog	Liftoff	N/A	N/A	N/A	False
chr21	4986761	4988630	RNA18S4-1	0	+	4988630	4988630	85,212,76	1	1869	0	RNA18S4	none	none	-1	LOFF_T0010737	rRNA	LOFF_G0010737	rRNA	LOFF_G0010737	rRNA_T738	N/A	N/A	N/A	N/A	N/A	N/A	N/A	N/A	N/A	ortholog	Liftoff	N/A	N/A	N/A	False
chr21	4989708	4989865	RNA5-8S4-1	0	+	4989865	4989865	85,212,76	1	157	0	RNA5-8S4	none	none	-1	LOFF_T0010738	rRNA	LOFF_G0010738	rRNA	LOFF_G0010738	rRNA_T739	N/A	N/A	N/A	N/A	N/A	N/A	N/A	N/A	N/A	ortholog	Liftoff	N/A	N/A	N/A	False
chr21	4991033	4996108	RNA28S4-1	0	+	4996108	4996108	85,212,76	1	5075	0	RNA28S4	none	none	-1	LOFF_T0010739	rRNA	LOFF_G0010739	rRNA	LOFF_G0010739	rRNA_T740	N/A	N/A	N/A	N/A	N/A	N/A	N/A	N/A	N/A	ortholog	Liftoff	N/A	N/A	N/A	False
chr21	5027506	5040854	RNA45S4-1	0	+	5040854	5040854	85,212,76	1	13348	0	RNA45S4	none	none	-1	LOFF_T0010740	rRNA	LOFF_G0010740	rRNA	LOFF_G0010740	rRNA_T741	N/A	N/A	N/A	N/A	N/A	N/A	N/A	N/A	N/A	ortholog	Liftoff	N/A	N/A	N/A	False
chr21	5031146	5033015	RNA18S4-1	0	+	5033015	5033015	85,212,76	1	1869	0	RNA18S4	none	none	-1	LOFF_T0010741	rRNA	LOFF_G0010741	rRNA	LOFF_G0010741	rRNA_T742	N/A	N/A	N/A	N/A	N/A	N/A	N/A	N/A	N/A	ortholog	Liftoff	N/A	N/A	N/A	False
chr21	5034093	5034250	RNA5-8S4-1	0	+	5034250	5034250	85,212,76	1	157	0	RNA5-8S4	none	none	-1	LOFF_T0010742	rRNA	LOFF_G0010742	rRNA	LOFF_G0010742	rRNA_T743	N/A	N/A	N/A	N/A	N/A	N/A	N/A	N/A	N/A	ortholog	Liftoff	N/A	N/A	N/A	False
chr21	5035418	5040493	RNA28S4-1	0	+	5040493	5040493	85,212,76	1	5075	0	RNA28S4	none	none	-1	LOFF_T0010743	rRNA	LOFF_G0010743	rRNA	LOFF_G0010743	rRNA_T744	N/A	N/A	N/A	N/A	N/A	N/A	N/A	N/A	N/A	ortholog	Liftoff	N/A	N/A	N/A	False
chr21	5071891	5085239	RNA45S4-1	0	+	5085239	5085239	85,212,76	1	13348	0	RNA45S4	none	none	-1	LOFF_T0010744	rRNA	LOFF_G0010744	rRNA	LOFF_G0010744	rRNA_T745	N/A	N/A	N/A	N/A	N/A	N/A	N/A	N/A	N/A	ortholog	Liftoff	N/A	N/A	N/A	False
chr21	5075531	5077400	RNA18S4-1	0	+	5077400	5077400	85,212,76	1	1869	0	RNA18S4	none	none	-1	LOFF_T0010745	rRNA	LOFF_G0010745	rRNA	LOFF_G0010745	rRNA_T746	N/A	N/A	N/A	N/A	N/A	N/A	N/A	N/A	N/A	ortholog	Liftoff	N/A	N/A	N/A	False
chr21	5078478	5078635	RNA5-8S4-1	0	+	5078635	5078635	85,212,76	1	157	0	RNA5-8S4	none	none	-1	LOFF_T0010746	rRNA	LOFF_G0010746	rRNA	LOFF_G0010746	rRNA_T747	N/A	N/A	N/A	N/A	N/A	N/A	N/A	N/A	N/A	ortholog	Liftoff	N/A	N/A	N/A	False
chr21	5079803	5084878	RNA28S4-1	0	+	5084878	5084878	85,212,76	1	5075	0	RNA28S4	none	none	-1	LOFF_T0010747	rRNA	LOFF_G0010747	rRNA	LOFF_G0010747	rRNA_T748	N/A	N/A	N/A	N/A	N/A	N/A	N/A	N/A	N/A	ortholog	Liftoff	N/A	N/A	N/A	False
chr21	5116276	5129624	RNA45S4-1	0	+	5129624	5129624	85,212,76	1	13348	0	RNA45S4	none	none	-1	LOFF_T0010748	rRNA	LOFF_G0010748	rRNA	LOFF_G0010748	rRNA_T749	N/A	N/A	N/A	N/A	N/A	N/A	N/A	N/A	N/A	ortholog	Liftoff	N/A	N/A	N/A	False
chr21	5119916	5121785	RNA18S4-1	0	+	5121785	5121785	85,212,76	1	1869	0	RNA18S4	none	none	-1	LOFF_T0010749	rRNA	LOFF_G0010749	rRNA	LOFF_G0010749	rRNA_T750	N/A	N/A	N/A	N/A	N/A	N/A	N/A	N/A	N/A	ortholog	Liftoff	N/A	N/A	N/A	False
chr21	5122863	5123020	RNA5-8S4-1	0	+	5123020	5123020	85,212,76	1	157	0	RNA5-8S4	none	none	-1	LOFF_T0010750	rRNA	LOFF_G0010750	rRNA	LOFF_G0010750	rRNA_T751	N/A	N/A	N/A	N/A	N/A	N/A	N/A	N/A	N/A	ortholog	Liftoff	N/A	N/A	N/A	False
chr21	5124188	5129263	RNA28S4-1	0	+	5129263	5129263	85,212,76	1	5075	0	RNA28S4	none	none	-1	LOFF_T0010751	rRNA	LOFF_G0010751	rRNA	LOFF_G0010751	rRNA_T752	N/A	N/A	N/A	N/A	N/A	N/A	N/A	N/A	N/A	ortholog	Liftoff	N/A	N/A	N/A	False
chr21	5160661	5174009	RNA45S4-1	0	+	5174009	5174009	85,212,76	1	13348	0	RNA45S4	none	none	-1	LOFF_T0010752	rRNA	LOFF_G0010752	rRNA	LOFF_G0010752	rRNA_T753	N/A	N/A	N/A	N/A	N/A	N/A	N/A	N/A	N/A	ortholog	Liftoff	N/A	N/A	N/A	False
chr21	5164301	5166170	RNA18S4-1	0	+	5166170	5166170	85,212,76	1	1869	0	RNA18S4	none	none	-1	LOFF_T0010753	rRNA	LOFF_G0010753	rRNA	LOFF_G0010753	rRNA_T754	N/A	N/A	N/A	N/A	N/A	N/A	N/A	N/A	N/A	ortholog	Liftoff	N/A	N/A	N/A	False
chr21	5167248	5167405	RNA5-8S4-1	0	+	5167405	5167405	85,212,76	1	157	0	RNA5-8S4	none	none	-1	LOFF_T0010754	rRNA	LOFF_G0010754	rRNA	LOFF_G0010754	rRNA_T755	N/A	N/A	N/A	N/A	N/A	N/A	N/A	N/A	N/A	ortholog	Liftoff	N/A	N/A	N/A	False
chr21	5168573	5173648	RNA28S4-1	0	+	5173648	5173648	85,212,76	1	5075	0	RNA28S4	none	none	-1	LOFF_T0010755	rRNA	LOFF_G0010755	rRNA	LOFF_G0010755	rRNA_T756	N/A	N/A	N/A	N/A	N/A	N/A	N/A	N/A	N/A	ortholog	Liftoff	N/A	N/A	N/A	False
chr21	5205046	5218394	RNA45S4-1	0	+	5218394	5218394	85,212,76	1	13348	0	RNA45S4	none	none	-1	LOFF_T0010756	rRNA	LOFF_G0010756	rRNA	LOFF_G0010756	rRNA_T757	N/A	N/A	N/A	N/A	N/A	N/A	N/A	N/A	N/A	ortholog	Liftoff	N/A	N/A	N/A	False
chr21	5208686	5210555	RNA18S4-1	0	+	5210555	5210555	85,212,76	1	1869	0	RNA18S4	none	none	-1	LOFF_T0010757	rRNA	LOFF_G0010757	rRNA	LOFF_G0010757	rRNA_T758	N/A	N/A	N/A	N/A	N/A	N/A	N/A	N/A	N/A	ortholog	Liftoff	N/A	N/A	N/A	False
chr21	5211633	5211790	RNA5-8S4-1	0	+	5211790	5211790	85,212,76	1	157	0	RNA5-8S4	none	none	-1	LOFF_T0010758	rRNA	LOFF_G0010758	rRNA	LOFF_G0010758	rRNA_T759	N/A	N/A	N/A	N/A	N/A	N/A	N/A	N/A	N/A	ortholog	Liftoff	N/A	N/A	N/A	False
chr21	5212958	5218033	RNA28S4-1	0	+	5218033	5218033	85,212,76	1	5075	0	RNA28S4	none	none	-1	LOFF_T0010759	rRNA	LOFF_G0010759	rRNA	LOFF_G0010759	rRNA_T760	N/A	N/A	N/A	N/A	N/A	N/A	N/A	N/A	N/A	ortholog	Liftoff	N/A	N/A	N/A	False
chr21	5249431	5262779	RNA45S4-1	0	+	5262779	5262779	85,212,76	1	13348	0	RNA45S4	none	none	-1	LOFF_T0010760	rRNA	LOFF_G0010760	rRNA	LOFF_G0010760	rRNA_T761	N/A	N/A	N/A	N/A	N/A	N/A	N/A	N/A	N/A	ortholog	Liftoff	N/A	N/A	N/A	False
chr21	5253071	5254940	RNA18S4-1	0	+	5254940	5254940	85,212,76	1	1869	0	RNA18S4	none	none	-1	LOFF_T0010761	rRNA	LOFF_G0010761	rRNA	LOFF_G0010761	rRNA_T762	N/A	N/A	N/A	N/A	N/A	N/A	N/A	N/A	N/A	ortholog	Liftoff	N/A	N/A	N/A	False
chr21	5256018	5256175	RNA5-8S4-1	0	+	5256175	5256175	85,212,76	1	157	0	RNA5-8S4	none	none	-1	LOFF_T0010762	rRNA	LOFF_G0010762	rRNA	LOFF_G0010762	rRNA_T763	N/A	N/A	N/A	N/A	N/A	N/A	N/A	N/A	N/A	ortholog	Liftoff	N/A	N/A	N/A	False
chr21	5257343	5262418	RNA28S4-1	0	+	5262418	5262418	85,212,76	1	5075	0	RNA28S4	none	none	-1	LOFF_T0010763	rRNA	LOFF_G0010763	rRNA	LOFF_G0010763	rRNA_T764	N/A	N/A	N/A	N/A	N/A	N/A	N/A	N/A	N/A	ortholog	Liftoff	N/A	N/A	N/A	False
chr21	5293816	5307164	RNA45S4-1	0	+	5307164	5307164	85,212,76	1	13348	0	RNA45S4	none	none	-1	LOFF_T0010764	rRNA	LOFF_G0010764	rRNA	LOFF_G0010764	rRNA_T765	N/A	N/A	N/A	N/A	N/A	N/A	N/A	N/A	N/A	ortholog	Liftoff	N/A	N/A	N/A	False
chr21	5297456	5299325	RNA18S4-1	0	+	5299325	5299325	85,212,76	1	1869	0	RNA18S4	none	none	-1	LOFF_T0010765	rRNA	LOFF_G0010765	rRNA	LOFF_G0010765	rRNA_T766	N/A	N/A	N/A	N/A	N/A	N/A	N/A	N/A	N/A	ortholog	Liftoff	N/A	N/A	N/A	False
chr21	5300403	5300560	RNA5-8S4-1	0	+	5300560	5300560	85,212,76	1	157	0	RNA5-8S4	none	none	-1	LOFF_T0010766	rRNA	LOFF_G0010766	rRNA	LOFF_G0010766	rRNA_T767	N/A	N/A	N/A	N/A	N/A	N/A	N/A	N/A	N/A	ortholog	Liftoff	N/A	N/A	N/A	False
chr21	5301728	5306803	RNA28S4-1	0	+	5306803	5306803	85,212,76	1	5075	0	RNA28S4	none	none	-1	LOFF_T0010767	rRNA	LOFF_G0010767	rRNA	LOFF_G0010767	rRNA_T768	N/A	N/A	N/A	N/A	N/A	N/A	N/A	N/A	N/A	ortholog	Liftoff	N/A	N/A	N/A	False
chr21	5338201	5351549	RNA45S4-1	0	+	5351549	5351549	85,212,76	1	13348	0	RNA45S4	none	none	-1	LOFF_T0010768	rRNA	LOFF_G0010768	rRNA	LOFF_G0010768	rRNA_T769	N/A	N/A	N/A	N/A	N/A	N/A	N/A	N/A	N/A	ortholog	Liftoff	N/A	N/A	N/A	False
chr21	5341841	5343710	RNA18S4-1	0	+	5343710	5343710	85,212,76	1	1869	0	RNA18S4	none	none	-1	LOFF_T0010769	rRNA	LOFF_G0010769	rRNA	LOFF_G0010769	rRNA_T770	N/A	N/A	N/A	N/A	N/A	N/A	N/A	N/A	N/A	ortholog	Liftoff	N/A	N/A	N/A	False
chr21	5344788	5344945	RNA5-8S4-1	0	+	5344945	5344945	85,212,76	1	157	0	RNA5-8S4	none	none	-1	LOFF_T0010770	rRNA	LOFF_G0010770	rRNA	LOFF_G0010770	rRNA_T771	N/A	N/A	N/A	N/A	N/A	N/A	N/A	N/A	N/A	ortholog	Liftoff	N/A	N/A	N/A	False
chr21	5346113	5351188	RNA28S4-1	0	+	5351188	5351188	85,212,76	1	5075	0	RNA28S4	none	none	-1	LOFF_T0010771	rRNA	LOFF_G0010771	rRNA	LOFF_G0010771	rRNA_T772	N/A	N/A	N/A	N/A	N/A	N/A	N/A	N/A	N/A	ortholog	Liftoff	N/A	N/A	N/A	False
chr21	5382586	5395934	RNA45S4-1	0	+	5395934	5395934	85,212,76	1	13348	0	RNA45S4	none	none	-1	LOFF_T0010772	rRNA	LOFF_G0010772	rRNA	LOFF_G0010772	rRNA_T773	N/A	N/A	N/A	N/A	N/A	N/A	N/A	N/A	N/A	ortholog	Liftoff	N/A	N/A	N/A	False
chr21	5386226	5388095	RNA18S4-1	0	+	5388095	5388095	85,212,76	1	1869	0	RNA18S4	none	none	-1	LOFF_T0010773	rRNA	LOFF_G0010773	rRNA	LOFF_G0010773	rRNA_T774	N/A	N/A	N/A	N/A	N/A	N/A	N/A	N/A	N/A	ortholog	Liftoff	N/A	N/A	N/A	False
chr21	5389173	5389330	RNA5-8S4-1	0	+	5389330	5389330	85,212,76	1	157	0	RNA5-8S4	none	none	-1	LOFF_T0010774	rRNA	LOFF_G0010774	rRNA	LOFF_G0010774	rRNA_T775	N/A	N/A	N/A	N/A	N/A	N/A	N/A	N/A	N/A	ortholog	Liftoff	N/A	N/A	N/A	False
chr21	5390498	5395573	RNA28S4-1	0	+	5395573	5395573	85,212,76	1	5075	0	RNA28S4	none	none	-1	LOFF_T0010775	rRNA	LOFF_G0010775	rRNA	LOFF_G0010775	rRNA_T776	N/A	N/A	N/A	N/A	N/A	N/A	N/A	N/A	N/A	ortholog	Liftoff	N/A	N/A	N/A	False
chr21	5426971	5440319	RNA45S4-1	0	+	5440319	5440319	85,212,76	1	13348	0	RNA45S4	none	none	-1	LOFF_T0010776	rRNA	LOFF_G0010776	rRNA	LOFF_G0010776	rRNA_T777	N/A	N/A	N/A	N/A	N/A	N/A	N/A	N/A	N/A	ortholog	Liftoff	N/A	N/A	N/A	False
chr21	5430611	5432480	RNA18S4-1	0	+	5432480	5432480	85,212,76	1	1869	0	RNA18S4	none	none	-1	LOFF_T0010777	rRNA	LOFF_G0010777	rRNA	LOFF_G0010777	rRNA_T778	N/A	N/A	N/A	N/A	N/A	N/A	N/A	N/A	N/A	ortholog	Liftoff	N/A	N/A	N/A	False
chr21	5433558	5433715	RNA5-8S4-1	0	+	5433715	5433715	85,212,76	1	157	0	RNA5-8S4	none	none	-1	LOFF_T0010778	rRNA	LOFF_G0010778	rRNA	LOFF_G0010778	rRNA_T779	N/A	N/A	N/A	N/A	N/A	N/A	N/A	N/A	N/A	ortholog	Liftoff	N/A	N/A	N/A	False
chr21	5434883	5439958	RNA28S4-1	0	+	5439958	5439958	85,212,76	1	5075	0	RNA28S4	none	none	-1	LOFF_T0010779	rRNA	LOFF_G0010779	rRNA	LOFF_G0010779	rRNA_T780	N/A	N/A	N/A	N/A	N/A	N/A	N/A	N/A	N/A	ortholog	Liftoff	N/A	N/A	N/A	False
chr21	5471356	5484704	RNA45S4-1	0	+	5484704	5484704	85,212,76	1	13348	0	RNA45S4	none	none	-1	LOFF_T0010780	rRNA	LOFF_G0010780	rRNA	LOFF_G0010780	rRNA_T781	N/A	N/A	N/A	N/A	N/A	N/A	N/A	N/A	N/A	ortholog	Liftoff	N/A	N/A	N/A	False
chr21	5474996	5476865	RNA18S4-1	0	+	5476865	5476865	85,212,76	1	1869	0	RNA18S4	none	none	-1	LOFF_T0010781	rRNA	LOFF_G0010781	rRNA	LOFF_G0010781	rRNA_T782	N/A	N/A	N/A	N/A	N/A	N/A	N/A	N/A	N/A	ortholog	Liftoff	N/A	N/A	N/A	False
chr21	5477943	5478100	RNA5-8S4-1	0	+	5478100	5478100	85,212,76	1	157	0	RNA5-8S4	none	none	-1	LOFF_T0010782	rRNA	LOFF_G0010782	rRNA	LOFF_G0010782	rRNA_T783	N/A	N/A	N/A	N/A	N/A	N/A	N/A	N/A	N/A	ortholog	Liftoff	N/A	N/A	N/A	False
chr21	5479268	5484343	RNA28S4-1	0	+	5484343	5484343	85,212,76	1	5075	0	RNA28S4	none	none	-1	LOFF_T0010783	rRNA	LOFF_G0010783	rRNA	LOFF_G0010783	rRNA_T784	N/A	N/A	N/A	N/A	N/A	N/A	N/A	N/A	N/A	ortholog	Liftoff	N/A	N/A	N/A	False
chr21	5515742	5529093	RNA45S4-1	0	+	5529093	5529093	85,212,76	1	13351	0	RNA45S4	none	none	-1	LOFF_T0010784	rRNA	LOFF_G0010784	rRNA	LOFF_G0010784	rRNA_T785	N/A	N/A	N/A	N/A	N/A	N/A	N/A	N/A	N/A	ortholog	Liftoff	N/A	N/A	N/A	False
chr21	5519382	5521251	RNA18S4-1	0	+	5521251	5521251	85,212,76	1	1869	0	RNA18S4	none	none	-1	LOFF_T0010785	rRNA	LOFF_G0010785	rRNA	LOFF_G0010785	rRNA_T786	N/A	N/A	N/A	N/A	N/A	N/A	N/A	N/A	N/A	ortholog	Liftoff	N/A	N/A	N/A	False
chr21	5522329	5522486	RNA5-8S4-1	0	+	5522486	5522486	85,212,76	1	157	0	RNA5-8S4	none	none	-1	LOFF_T0010786	rRNA	LOFF_G0010786	rRNA	LOFF_G0010786	rRNA_T787	N/A	N/A	N/A	N/A	N/A	N/A	N/A	N/A	N/A	ortholog	Liftoff	N/A	N/A	N/A	False
chr21	5523654	5528734	RNA28S4-1	0	+	5528734	5528734	85,212,76	1	5080	0	RNA28S4	none	none	-1	LOFF_T0010787	rRNA	LOFF_G0010787	rRNA	LOFF_G0010787	rRNA_T788	N/A	N/A	N/A	N/A	N/A	N/A	N/A	N/A	N/A	ortholog	Liftoff	N/A	N/A	N/A	False
chr21	5559767	5573111	RNA45S4-1	0	+	5573111	5573111	85,212,76	1	13344	0	RNA45S4	none	none	-1	LOFF_T0010788	rRNA	LOFF_G0010788	rRNA	LOFF_G0010788	rRNA_T789	N/A	N/A	N/A	N/A	N/A	N/A	N/A	N/A	N/A	ortholog	Liftoff	N/A	N/A	N/A	False
chr21	5563407	5565276	RNA18S4-1	0	+	5565276	5565276	85,212,76	1	1869	0	RNA18S4	none	none	-1	LOFF_T0010789	rRNA	LOFF_G0010789	rRNA	LOFF_G0010789	rRNA_T790	N/A	N/A	N/A	N/A	N/A	N/A	N/A	N/A	N/A	ortholog	Liftoff	N/A	N/A	N/A	False
chr21	5566349	5566506	RNA5-8S4-1	0	+	5566506	5566506	85,212,76	1	157	0	RNA5-8S4	none	none	-1	LOFF_T0010790	rRNA	LOFF_G0010790	rRNA	LOFF_G0010790	rRNA_T791	N/A	N/A	N/A	N/A	N/A	N/A	N/A	N/A	N/A	ortholog	Liftoff	N/A	N/A	N/A	False
chr21	5567674	5572750	RNA28S4-1	0	+	5572750	5572750	85,212,76	1	5076	0	RNA28S4	none	none	-1	LOFF_T0010791	rRNA	LOFF_G0010791	rRNA	LOFF_G0010791	rRNA_T792	N/A	N/A	N/A	N/A	N/A	N/A	N/A	N/A	N/A	ortholog	Liftoff	N/A	N/A	N/A	False
chr22	4797629	4810993	RNA45S5-1	0	+	4810993	4810993	85,212,76	1	13364	0	RNA45S5	none	none	-1	LOFF_T0010792	rRNA	LOFF_G0010792	rRNA	LOFF_G0010792	rRNA_T793	N/A	N/A	N/A	N/A	N/A	N/A	N/A	N/A	N/A	ortholog	Liftoff	N/A	N/A	N/A	False
chr22	4801290	4803159	RNA18S5-1	0	+	4803159	4803159	85,212,76	1	1869	0	RNA18S5	none	none	-1	LOFF_T0010793	rRNA	LOFF_G0010793	rRNA	LOFF_G0010793	rRNA_T794	N/A	N/A	N/A	N/A	N/A	N/A	N/A	N/A	N/A	ortholog	Liftoff	N/A	N/A	N/A	False
chr22	4804233	4804390	RNA5-8S5-1	0	+	4804390	4804390	85,212,76	1	157	0	RNA5-8S5	none	none	-1	LOFF_T0010794	rRNA	LOFF_G0010794	rRNA	LOFF_G0010794	rRNA_T795	N/A	N/A	N/A	N/A	N/A	N/A	N/A	N/A	N/A	ortholog	Liftoff	N/A	N/A	N/A	False
chr22	4805558	4810632	RNA28S5-1	0	+	4810632	4810632	85,212,76	1	5074	0	RNA28S5	none	none	-1	LOFF_T0010795	rRNA	LOFF_G0010795	rRNA	LOFF_G0010795	rRNA_T796	N/A	N/A	N/A	N/A	N/A	N/A	N/A	N/A	N/A	ortholog	Liftoff	N/A	N/A	N/A	False
chr22	4841005	4854369	RNA45S5-1	0	+	4854369	4854369	85,212,76	1	13364	0	RNA45S5	none	none	-1	LOFF_T0010796	rRNA	LOFF_G0010796	rRNA	LOFF_G0010796	rRNA_T797	N/A	N/A	N/A	N/A	N/A	N/A	N/A	N/A	N/A	ortholog	Liftoff	N/A	N/A	N/A	False
chr22	4844666	4846535	RNA18S5-1	0	+	4846535	4846535	85,212,76	1	1869	0	RNA18S5	none	none	-1	LOFF_T0010797	rRNA	LOFF_G0010797	rRNA	LOFF_G0010797	rRNA_T798	N/A	N/A	N/A	N/A	N/A	N/A	N/A	N/A	N/A	ortholog	Liftoff	N/A	N/A	N/A	False
chr22	4847609	4847766	RNA5-8S5-1	0	+	4847766	4847766	85,212,76	1	157	0	RNA5-8S5	none	none	-1	LOFF_T0010798	rRNA	LOFF_G0010798	rRNA	LOFF_G0010798	rRNA_T799	N/A	N/A	N/A	N/A	N/A	N/A	N/A	N/A	N/A	ortholog	Liftoff	N/A	N/A	N/A	False
chr22	4848934	4854008	RNA28S5-1	0	+	4854008	4854008	85,212,76	1	5074	0	RNA28S5	none	none	-1	LOFF_T0010799	rRNA	LOFF_G0010799	rRNA	LOFF_G0010799	rRNA_T800	N/A	N/A	N/A	N/A	N/A	N/A	N/A	N/A	N/A	ortholog	Liftoff	N/A	N/A	N/A	False
chr22	4884381	4897745	RNA45S5-1	0	+	4897745	4897745	85,212,76	1	13364	0	RNA45S5	none	none	-1	LOFF_T0010800	rRNA	LOFF_G0010800	rRNA	LOFF_G0010800	rRNA_T801	N/A	N/A	N/A	N/A	N/A	N/A	N/A	N/A	N/A	ortholog	Liftoff	N/A	N/A	N/A	False
chr22	4888042	4889911	RNA18S5-1	0	+	4889911	4889911	85,212,76	1	1869	0	RNA18S5	none	none	-1	LOFF_T0010801	rRNA	LOFF_G0010801	rRNA	LOFF_G0010801	rRNA_T802	N/A	N/A	N/A	N/A	N/A	N/A	N/A	N/A	N/A	ortholog	Liftoff	N/A	N/A	N/A	False
chr22	4890985	4891142	RNA5-8S5-1	0	+	4891142	4891142	85,212,76	1	157	0	RNA5-8S5	none	none	-1	LOFF_T0010802	rRNA	LOFF_G0010802	rRNA	LOFF_G0010802	rRNA_T803	N/A	N/A	N/A	N/A	N/A	N/A	N/A	N/A	N/A	ortholog	Liftoff	N/A	N/A	N/A	False
chr22	4892310	4897384	RNA28S5-1	0	+	4897384	4897384	85,212,76	1	5074	0	RNA28S5	none	none	-1	LOFF_T0010803	rRNA	LOFF_G0010803	rRNA	LOFF_G0010803	rRNA_T804	N/A	N/A	N/A	N/A	N/A	N/A	N/A	N/A	N/A	ortholog	Liftoff	N/A	N/A	N/A	False
chr22	4927757	4941121	RNA45S5-1	0	+	4941121	4941121	85,212,76	1	13364	0	RNA45S5	none	none	-1	LOFF_T0010804	rRNA	LOFF_G0010804	rRNA	LOFF_G0010804	rRNA_T805	N/A	N/A	N/A	N/A	N/A	N/A	N/A	N/A	N/A	ortholog	Liftoff	N/A	N/A	N/A	False
chr22	4931418	4933287	RNA18S5-1	0	+	4933287	4933287	85,212,76	1	1869	0	RNA18S5	none	none	-1	LOFF_T0010805	rRNA	LOFF_G0010805	rRNA	LOFF_G0010805	rRNA_T806	N/A	N/A	N/A	N/A	N/A	N/A	N/A	N/A	N/A	ortholog	Liftoff	N/A	N/A	N/A	False
chr22	4934361	4934518	RNA5-8S5-1	0	+	4934518	4934518	85,212,76	1	157	0	RNA5-8S5	none	none	-1	LOFF_T0010806	rRNA	LOFF_G0010806	rRNA	LOFF_G0010806	rRNA_T807	N/A	N/A	N/A	N/A	N/A	N/A	N/A	N/A	N/A	ortholog	Liftoff	N/A	N/A	N/A	False
chr22	4935686	4940760	RNA28S5-1	0	+	4940760	4940760	85,212,76	1	5074	0	RNA28S5	none	none	-1	LOFF_T0010807	rRNA	LOFF_G0010807	rRNA	LOFF_G0010807	rRNA_T808	N/A	N/A	N/A	N/A	N/A	N/A	N/A	N/A	N/A	ortholog	Liftoff	N/A	N/A	N/A	False
chr22	4971133	4984497	RNA45S5-1	0	+	4984497	4984497	85,212,76	1	13364	0	RNA45S5	none	none	-1	LOFF_T0010808	rRNA	LOFF_G0010808	rRNA	LOFF_G0010808	rRNA_T809	N/A	N/A	N/A	N/A	N/A	N/A	N/A	N/A	N/A	ortholog	Liftoff	N/A	N/A	N/A	False
chr22	4974794	4976663	RNA18S5-1	0	+	4976663	4976663	85,212,76	1	1869	0	RNA18S5	none	none	-1	LOFF_T0010809	rRNA	LOFF_G0010809	rRNA	LOFF_G0010809	rRNA_T810	N/A	N/A	N/A	N/A	N/A	N/A	N/A	N/A	N/A	ortholog	Liftoff	N/A	N/A	N/A	False
chr22	4977737	4977894	RNA5-8S5-1	0	+	4977894	4977894	85,212,76	1	157	0	RNA5-8S5	none	none	-1	LOFF_T0010810	rRNA	LOFF_G0010810	rRNA	LOFF_G0010810	rRNA_T811	N/A	N/A	N/A	N/A	N/A	N/A	N/A	N/A	N/A	ortholog	Liftoff	N/A	N/A	N/A	False
chr22	4979062	4984136	RNA28S5-1	0	+	4984136	4984136	85,212,76	1	5074	0	RNA28S5	none	none	-1	LOFF_T0010811	rRNA	LOFF_G0010811	rRNA	LOFF_G0010811	rRNA_T812	N/A	N/A	N/A	N/A	N/A	N/A	N/A	N/A	N/A	ortholog	Liftoff	N/A	N/A	N/A	False
chr22	5014509	5027873	RNA45S5-1	0	+	5027873	5027873	85,212,76	1	13364	0	RNA45S5	none	none	-1	LOFF_T0010812	rRNA	LOFF_G0010812	rRNA	LOFF_G0010812	rRNA_T813	N/A	N/A	N/A	N/A	N/A	N/A	N/A	N/A	N/A	ortholog	Liftoff	N/A	N/A	N/A	False
chr22	5018170	5020039	RNA18S5-1	0	+	5020039	5020039	85,212,76	1	1869	0	RNA18S5	none	none	-1	LOFF_T0010813	rRNA	LOFF_G0010813	rRNA	LOFF_G0010813	rRNA_T814	N/A	N/A	N/A	N/A	N/A	N/A	N/A	N/A	N/A	ortholog	Liftoff	N/A	N/A	N/A	False
chr22	5021113	5021270	RNA5-8S5-1	0	+	5021270	5021270	85,212,76	1	157	0	RNA5-8S5	none	none	-1	LOFF_T0010814	rRNA	LOFF_G0010814	rRNA	LOFF_G0010814	rRNA_T815	N/A	N/A	N/A	N/A	N/A	N/A	N/A	N/A	N/A	ortholog	Liftoff	N/A	N/A	N/A	False
chr22	5022438	5027512	RNA28S5-1	0	+	5027512	5027512	85,212,76	1	5074	0	RNA28S5	none	none	-1	LOFF_T0010815	rRNA	LOFF_G0010815	rRNA	LOFF_G0010815	rRNA_T816	N/A	N/A	N/A	N/A	N/A	N/A	N/A	N/A	N/A	ortholog	Liftoff	N/A	N/A	N/A	False
chr22	5057885	5071249	RNA45S5-1	0	+	5071249	5071249	85,212,76	1	13364	0	RNA45S5	none	none	-1	LOFF_T0010816	rRNA	LOFF_G0010816	rRNA	LOFF_G0010816	rRNA_T817	N/A	N/A	N/A	N/A	N/A	N/A	N/A	N/A	N/A	ortholog	Liftoff	N/A	N/A	N/A	False
chr22	5061546	5063415	RNA18S5-1	0	+	5063415	5063415	85,212,76	1	1869	0	RNA18S5	none	none	-1	LOFF_T0010817	rRNA	LOFF_G0010817	rRNA	LOFF_G0010817	rRNA_T818	N/A	N/A	N/A	N/A	N/A	N/A	N/A	N/A	N/A	ortholog	Liftoff	N/A	N/A	N/A	False
chr22	5064489	5064646	RNA5-8S5-1	0	+	5064646	5064646	85,212,76	1	157	0	RNA5-8S5	none	none	-1	LOFF_T0010818	rRNA	LOFF_G0010818	rRNA	LOFF_G0010818	rRNA_T819	N/A	N/A	N/A	N/A	N/A	N/A	N/A	N/A	N/A	ortholog	Liftoff	N/A	N/A	N/A	False
chr22	5065814	5070888	RNA28S5-1	0	+	5070888	5070888	85,212,76	1	5074	0	RNA28S5	none	none	-1	LOFF_T0010819	rRNA	LOFF_G0010819	rRNA	LOFF_G0010819	rRNA_T820	N/A	N/A	N/A	N/A	N/A	N/A	N/A	N/A	N/A	ortholog	Liftoff	N/A	N/A	N/A	False
chr22	5101261	5114625	RNA45S5-1	0	+	5114625	5114625	85,212,76	1	13364	0	RNA45S5	none	none	-1	LOFF_T0010820	rRNA	LOFF_G0010820	rRNA	LOFF_G0010820	rRNA_T821	N/A	N/A	N/A	N/A	N/A	N/A	N/A	N/A	N/A	ortholog	Liftoff	N/A	N/A	N/A	False
chr22	5104922	5106791	RNA18S5-1	0	+	5106791	5106791	85,212,76	1	1869	0	RNA18S5	none	none	-1	LOFF_T0010821	rRNA	LOFF_G0010821	rRNA	LOFF_G0010821	rRNA_T822	N/A	N/A	N/A	N/A	N/A	N/A	N/A	N/A	N/A	ortholog	Liftoff	N/A	N/A	N/A	False
chr22	5107865	5108022	RNA5-8S5-1	0	+	5108022	5108022	85,212,76	1	157	0	RNA5-8S5	none	none	-1	LOFF_T0010822	rRNA	LOFF_G0010822	rRNA	LOFF_G0010822	rRNA_T823	N/A	N/A	N/A	N/A	N/A	N/A	N/A	N/A	N/A	ortholog	Liftoff	N/A	N/A	N/A	False
chr22	5109190	5114264	RNA28S5-1	0	+	5114264	5114264	85,212,76	1	5074	0	RNA28S5	none	none	-1	LOFF_T0010823	rRNA	LOFF_G0010823	rRNA	LOFF_G0010823	rRNA_T824	N/A	N/A	N/A	N/A	N/A	N/A	N/A	N/A	N/A	ortholog	Liftoff	N/A	N/A	N/A	False
chr22	5144637	5158001	RNA45S5-1	0	+	5158001	5158001	85,212,76	1	13364	0	RNA45S5	none	none	-1	LOFF_T0010824	rRNA	LOFF_G0010824	rRNA	LOFF_G0010824	rRNA_T825	N/A	N/A	N/A	N/A	N/A	N/A	N/A	N/A	N/A	ortholog	Liftoff	N/A	N/A	N/A	False
chr22	5148298	5150167	RNA18S5-1	0	+	5150167	5150167	85,212,76	1	1869	0	RNA18S5	none	none	-1	LOFF_T0010825	rRNA	LOFF_G0010825	rRNA	LOFF_G0010825	rRNA_T826	N/A	N/A	N/A	N/A	N/A	N/A	N/A	N/A	N/A	ortholog	Liftoff	N/A	N/A	N/A	False
chr22	5151241	5151398	RNA5-8S5-1	0	+	5151398	5151398	85,212,76	1	157	0	RNA5-8S5	none	none	-1	LOFF_T0010826	rRNA	LOFF_G0010826	rRNA	LOFF_G0010826	rRNA_T827	N/A	N/A	N/A	N/A	N/A	N/A	N/A	N/A	N/A	ortholog	Liftoff	N/A	N/A	N/A	False
chr22	5152566	5157640	RNA28S5-1	0	+	5157640	5157640	85,212,76	1	5074	0	RNA28S5	none	none	-1	LOFF_T0010827	rRNA	LOFF_G0010827	rRNA	LOFF_G0010827	rRNA_T828	N/A	N/A	N/A	N/A	N/A	N/A	N/A	N/A	N/A	ortholog	Liftoff	N/A	N/A	N/A	False
chr22	5188013	5201377	RNA45S5-1	0	+	5201377	5201377	85,212,76	1	13364	0	RNA45S5	none	none	-1	LOFF_T0010828	rRNA	LOFF_G0010828	rRNA	LOFF_G0010828	rRNA_T829	N/A	N/A	N/A	N/A	N/A	N/A	N/A	N/A	N/A	ortholog	Liftoff	N/A	N/A	N/A	False
chr22	5191674	5193543	RNA18S5-1	0	+	5193543	5193543	85,212,76	1	1869	0	RNA18S5	none	none	-1	LOFF_T0010829	rRNA	LOFF_G0010829	rRNA	LOFF_G0010829	rRNA_T830	N/A	N/A	N/A	N/A	N/A	N/A	N/A	N/A	N/A	ortholog	Liftoff	N/A	N/A	N/A	False
chr22	5194617	5194774	RNA5-8S5-1	0	+	5194774	5194774	85,212,76	1	157	0	RNA5-8S5	none	none	-1	LOFF_T0010830	rRNA	LOFF_G0010830	rRNA	LOFF_G0010830	rRNA_T831	N/A	N/A	N/A	N/A	N/A	N/A	N/A	N/A	N/A	ortholog	Liftoff	N/A	N/A	N/A	False
chr22	5195942	5201016	RNA28S5-1	0	+	5201016	5201016	85,212,76	1	5074	0	RNA28S5	none	none	-1	LOFF_T0010831	rRNA	LOFF_G0010831	rRNA	LOFF_G0010831	rRNA_T832	N/A	N/A	N/A	N/A	N/A	N/A	N/A	N/A	N/A	ortholog	Liftoff	N/A	N/A	N/A	False
chr22	5231389	5244753	RNA45S5-1	0	+	5244753	5244753	85,212,76	1	13364	0	RNA45S5	none	none	-1	LOFF_T0010832	rRNA	LOFF_G0010832	rRNA	LOFF_G0010832	rRNA_T833	N/A	N/A	N/A	N/A	N/A	N/A	N/A	N/A	N/A	ortholog	Liftoff	N/A	N/A	N/A	False
chr22	5235050	5236919	RNA18S5-1	0	+	5236919	5236919	85,212,76	1	1869	0	RNA18S5	none	none	-1	LOFF_T0010833	rRNA	LOFF_G0010833	rRNA	LOFF_G0010833	rRNA_T834	N/A	N/A	N/A	N/A	N/A	N/A	N/A	N/A	N/A	ortholog	Liftoff	N/A	N/A	N/A	False
chr22	5237993	5238150	RNA5-8S5-1	0	+	5238150	5238150	85,212,76	1	157	0	RNA5-8S5	none	none	-1	LOFF_T0010834	rRNA	LOFF_G0010834	rRNA	LOFF_G0010834	rRNA_T835	N/A	N/A	N/A	N/A	N/A	N/A	N/A	N/A	N/A	ortholog	Liftoff	N/A	N/A	N/A	False
chr22	5239318	5244392	RNA28S5-1	0	+	5244392	5244392	85,212,76	1	5074	0	RNA28S5	none	none	-1	LOFF_T0010835	rRNA	LOFF_G0010835	rRNA	LOFF_G0010835	rRNA_T836	N/A	N/A	N/A	N/A	N/A	N/A	N/A	N/A	N/A	ortholog	Liftoff	N/A	N/A	N/A	False
chr22	5274765	5288129	RNA45S5-1	0	+	5288129	5288129	85,212,76	1	13364	0	RNA45S5	none	none	-1	LOFF_T0010836	rRNA	LOFF_G0010836	rRNA	LOFF_G0010836	rRNA_T837	N/A	N/A	N/A	N/A	N/A	N/A	N/A	N/A	N/A	ortholog	Liftoff	N/A	N/A	N/A	False
chr22	5278426	5280295	RNA18S5-1	0	+	5280295	5280295	85,212,76	1	1869	0	RNA18S5	none	none	-1	LOFF_T0010837	rRNA	LOFF_G0010837	rRNA	LOFF_G0010837	rRNA_T838	N/A	N/A	N/A	N/A	N/A	N/A	N/A	N/A	N/A	ortholog	Liftoff	N/A	N/A	N/A	False
chr22	5281369	5281526	RNA5-8S5-1	0	+	5281526	5281526	85,212,76	1	157	0	RNA5-8S5	none	none	-1	LOFF_T0010838	rRNA	LOFF_G0010838	rRNA	LOFF_G0010838	rRNA_T839	N/A	N/A	N/A	N/A	N/A	N/A	N/A	N/A	N/A	ortholog	Liftoff	N/A	N/A	N/A	False
chr22	5282694	5287768	RNA28S5-1	0	+	5287768	5287768	85,212,76	1	5074	0	RNA28S5	none	none	-1	LOFF_T0010839	rRNA	LOFF_G0010839	rRNA	LOFF_G0010839	rRNA_T840	N/A	N/A	N/A	N/A	N/A	N/A	N/A	N/A	N/A	ortholog	Liftoff	N/A	N/A	N/A	False
chr22	5318141	5331505	RNA45S5-1	0	+	5331505	5331505	85,212,76	1	13364	0	RNA45S5	none	none	-1	LOFF_T0010840	rRNA	LOFF_G0010840	rRNA	LOFF_G0010840	rRNA_T841	N/A	N/A	N/A	N/A	N/A	N/A	N/A	N/A	N/A	ortholog	Liftoff	N/A	N/A	N/A	False
chr22	5321802	5323671	RNA18S5-1	0	+	5323671	5323671	85,212,76	1	1869	0	RNA18S5	none	none	-1	LOFF_T0010841	rRNA	LOFF_G0010841	rRNA	LOFF_G0010841	rRNA_T842	N/A	N/A	N/A	N/A	N/A	N/A	N/A	N/A	N/A	ortholog	Liftoff	N/A	N/A	N/A	False
chr22	5324745	5324902	RNA5-8S5-1	0	+	5324902	5324902	85,212,76	1	157	0	RNA5-8S5	none	none	-1	LOFF_T0010842	rRNA	LOFF_G0010842	rRNA	LOFF_G0010842	rRNA_T843	N/A	N/A	N/A	N/A	N/A	N/A	N/A	N/A	N/A	ortholog	Liftoff	N/A	N/A	N/A	False
chr22	5326070	5331144	RNA28S5-1	0	+	5331144	5331144	85,212,76	1	5074	0	RNA28S5	none	none	-1	LOFF_T0010843	rRNA	LOFF_G0010843	rRNA	LOFF_G0010843	rRNA_T844	N/A	N/A	N/A	N/A	N/A	N/A	N/A	N/A	N/A	ortholog	Liftoff	N/A	N/A	N/A	False
chr22	5361517	5374881	RNA45S5-1	0	+	5374881	5374881	85,212,76	1	13364	0	RNA45S5	none	none	-1	LOFF_T0010844	rRNA	LOFF_G0010844	rRNA	LOFF_G0010844	rRNA_T845	N/A	N/A	N/A	N/A	N/A	N/A	N/A	N/A	N/A	ortholog	Liftoff	N/A	N/A	N/A	False
chr22	5365178	5367047	RNA18S5-1	0	+	5367047	5367047	85,212,76	1	1869	0	RNA18S5	none	none	-1	LOFF_T0010845	rRNA	LOFF_G0010845	rRNA	LOFF_G0010845	rRNA_T846	N/A	N/A	N/A	N/A	N/A	N/A	N/A	N/A	N/A	ortholog	Liftoff	N/A	N/A	N/A	False
chr22	5368121	5368278	RNA5-8S5-1	0	+	5368278	5368278	85,212,76	1	157	0	RNA5-8S5	none	none	-1	LOFF_T0010846	rRNA	LOFF_G0010846	rRNA	LOFF_G0010846	rRNA_T847	N/A	N/A	N/A	N/A	N/A	N/A	N/A	N/A	N/A	ortholog	Liftoff	N/A	N/A	N/A	False
chr22	5369446	5374520	RNA28S5-1	0	+	5374520	5374520	85,212,76	1	5074	0	RNA28S5	none	none	-1	LOFF_T0010847	rRNA	LOFF_G0010847	rRNA	LOFF_G0010847	rRNA_T848	N/A	N/A	N/A	N/A	N/A	N/A	N/A	N/A	N/A	ortholog	Liftoff	N/A	N/A	N/A	False
chr22	5404893	5418257	RNA45S5-1	0	+	5418257	5418257	85,212,76	1	13364	0	RNA45S5	none	none	-1	LOFF_T0010848	rRNA	LOFF_G0010848	rRNA	LOFF_G0010848	rRNA_T849	N/A	N/A	N/A	N/A	N/A	N/A	N/A	N/A	N/A	ortholog	Liftoff	N/A	N/A	N/A	False
chr22	5408554	5410423	RNA18S5-1	0	+	5410423	5410423	85,212,76	1	1869	0	RNA18S5	none	none	-1	LOFF_T0010849	rRNA	LOFF_G0010849	rRNA	LOFF_G0010849	rRNA_T850	N/A	N/A	N/A	N/A	N/A	N/A	N/A	N/A	N/A	ortholog	Liftoff	N/A	N/A	N/A	False
chr22	5411497	5411654	RNA5-8S5-1	0	+	5411654	5411654	85,212,76	1	157	0	RNA5-8S5	none	none	-1	LOFF_T0010850	rRNA	LOFF_G0010850	rRNA	LOFF_G0010850	rRNA_T851	N/A	N/A	N/A	N/A	N/A	N/A	N/A	N/A	N/A	ortholog	Liftoff	N/A	N/A	N/A	False
chr22	5412822	5417896	RNA28S5-1	0	+	5417896	5417896	85,212,76	1	5074	0	RNA28S5	none	none	-1	LOFF_T0010851	rRNA	LOFF_G0010851	rRNA	LOFF_G0010851	rRNA_T852	N/A	N/A	N/A	N/A	N/A	N/A	N/A	N/A	N/A	ortholog	Liftoff	N/A	N/A	N/A	False
chr22	5448269	5461633	RNA45S5-1	0	+	5461633	5461633	85,212,76	1	13364	0	RNA45S5	none	none	-1	LOFF_T0010852	rRNA	LOFF_G0010852	rRNA	LOFF_G0010852	rRNA_T853	N/A	N/A	N/A	N/A	N/A	N/A	N/A	N/A	N/A	ortholog	Liftoff	N/A	N/A	N/A	False
chr22	5451930	5453799	RNA18S5-1	0	+	5453799	5453799	85,212,76	1	1869	0	RNA18S5	none	none	-1	LOFF_T0010853	rRNA	LOFF_G0010853	rRNA	LOFF_G0010853	rRNA_T854	N/A	N/A	N/A	N/A	N/A	N/A	N/A	N/A	N/A	ortholog	Liftoff	N/A	N/A	N/A	False
chr22	5454873	5455030	RNA5-8S5-1	0	+	5455030	5455030	85,212,76	1	157	0	RNA5-8S5	none	none	-1	LOFF_T0010854	rRNA	LOFF_G0010854	rRNA	LOFF_G0010854	rRNA_T855	N/A	N/A	N/A	N/A	N/A	N/A	N/A	N/A	N/A	ortholog	Liftoff	N/A	N/A	N/A	False
chr22	5456198	5461272	RNA28S5-1	0	+	5461272	5461272	85,212,76	1	5074	0	RNA28S5	none	none	-1	LOFF_T0010855	rRNA	LOFF_G0010855	rRNA	LOFF_G0010855	rRNA_T856	N/A	N/A	N/A	N/A	N/A	N/A	N/A	N/A	N/A	ortholog	Liftoff	N/A	N/A	N/A	False
chr22	5491645	5505009	RNA45S5-1	0	+	5505009	5505009	85,212,76	1	13364	0	RNA45S5	none	none	-1	LOFF_T0010856	rRNA	LOFF_G0010856	rRNA	LOFF_G0010856	rRNA_T857	N/A	N/A	N/A	N/A	N/A	N/A	N/A	N/A	N/A	ortholog	Liftoff	N/A	N/A	N/A	False
chr22	5495306	5497175	RNA18S5-1	0	+	5497175	5497175	85,212,76	1	1869	0	RNA18S5	none	none	-1	LOFF_T0010857	rRNA	LOFF_G0010857	rRNA	LOFF_G0010857	rRNA_T858	N/A	N/A	N/A	N/A	N/A	N/A	N/A	N/A	N/A	ortholog	Liftoff	N/A	N/A	N/A	False
chr22	5498249	5498406	RNA5-8S5-1	0	+	5498406	5498406	85,212,76	1	157	0	RNA5-8S5	none	none	-1	LOFF_T0010858	rRNA	LOFF_G0010858	rRNA	LOFF_G0010858	rRNA_T859	N/A	N/A	N/A	N/A	N/A	N/A	N/A	N/A	N/A	ortholog	Liftoff	N/A	N/A	N/A	False
chr22	5499574	5504648	RNA28S5-1	0	+	5504648	5504648	85,212,76	1	5074	0	RNA28S5	none	none	-1	LOFF_T0010859	rRNA	LOFF_G0010859	rRNA	LOFF_G0010859	rRNA_T860	N/A	N/A	N/A	N/A	N/A	N/A	N/A	N/A	N/A	ortholog	Liftoff	N/A	N/A	N/A	False
chr22	5534999	5548371	RNA45S5-1	0	+	5548371	5548371	85,212,76	1	13372	0	RNA45S5	none	none	-1	LOFF_T0010860	rRNA	LOFF_G0010860	rRNA	LOFF_G0010860	rRNA_T861	N/A	N/A	N/A	N/A	N/A	N/A	N/A	N/A	N/A	ortholog	Liftoff	N/A	N/A	N/A	False
chr22	5538660	5540529	RNA18S5-1	0	+	5540529	5540529	85,212,76	1	1869	0	RNA18S5	none	none	-1	LOFF_T0010861	rRNA	LOFF_G0010861	rRNA	LOFF_G0010861	rRNA_T862	N/A	N/A	N/A	N/A	N/A	N/A	N/A	N/A	N/A	ortholog	Liftoff	N/A	N/A	N/A	False
chr22	5541603	5541760	RNA5-8S5-1	0	+	5541760	5541760	85,212,76	1	157	0	RNA5-8S5	none	none	-1	LOFF_T0010862	rRNA	LOFF_G0010862	rRNA	LOFF_G0010862	rRNA_T863	N/A	N/A	N/A	N/A	N/A	N/A	N/A	N/A	N/A	ortholog	Liftoff	N/A	N/A	N/A	False
chr22	5542928	5548002	RNA28S5-1	0	+	5548002	5548002	85,212,76	1	5074	0	RNA28S5	none	none	-1	LOFF_T0010863	rRNA	LOFF_G0010863	rRNA	LOFF_G0010863	rRNA_T864	N/A	N/A	N/A	N/A	N/A	N/A	N/A	N/A	N/A	ortholog	Liftoff	N/A	N/A	N/A	False
chr22	5579085	5592433	RNA45S5-1	0	+	5592433	5592433	85,212,76	1	13348	0	RNA45S5	none	none	-1	LOFF_T0010864	rRNA	LOFF_G0010864	rRNA	LOFF_G0010864	rRNA_T865	N/A	N/A	N/A	N/A	N/A	N/A	N/A	N/A	N/A	ortholog	Liftoff	N/A	N/A	N/A	False
chr22	5582745	5584614	RNA18S5-1	0	+	5584614	5584614	85,212,76	1	1869	0	RNA18S5	none	none	-1	LOFF_T0010865	rRNA	LOFF_G0010865	rRNA	LOFF_G0010865	rRNA_T866	N/A	N/A	N/A	N/A	N/A	N/A	N/A	N/A	N/A	ortholog	Liftoff	N/A	N/A	N/A	False
chr22	5585682	5585839	RNA5-8S5-1	0	+	5585839	5585839	85,212,76	1	157	0	RNA5-8S5	none	none	-1	LOFF_T0010866	rRNA	LOFF_G0010866	rRNA	LOFF_G0010866	rRNA_T867	N/A	N/A	N/A	N/A	N/A	N/A	N/A	N/A	N/A	ortholog	Liftoff	N/A	N/A	N/A	False
chr22	5587007	5592072	RNA28S5-1	0	+	5592072	5592072	85,212,76	1	5065	0	RNA28S5	none	none	-1	LOFF_T0010867	rRNA	LOFF_G0010867	rRNA	LOFF_G0010867	rRNA_T868	N/A	N/A	N/A	N/A	N/A	N/A	N/A	N/A	N/A	ortholog	Liftoff	N/A	N/A	N/A	False
chr22	5623698	5637016	RNA45S5-1	0	+	5637016	5637016	85,212,76	1	13318	0	RNA45S5	none	none	-1	LOFF_T0010868	rRNA	LOFF_G0010868	rRNA	LOFF_G0010868	rRNA_T869	N/A	N/A	N/A	N/A	N/A	N/A	N/A	N/A	N/A	ortholog	Liftoff	N/A	N/A	N/A	False
chr22	5627358	5629227	RNA18S5-1	0	+	5629227	5629227	85,212,76	1	1869	0	RNA18S5	none	none	-1	LOFF_T0010869	rRNA	LOFF_G0010869	rRNA	LOFF_G0010869	rRNA_T870	N/A	N/A	N/A	N/A	N/A	N/A	N/A	N/A	N/A	ortholog	Liftoff	N/A	N/A	N/A	False
chr22	5630293	5630450	RNA5-8S5-1	0	+	5630450	5630450	85,212,76	1	157	0	RNA5-8S5	none	none	-1	LOFF_T0010870	rRNA	LOFF_G0010870	rRNA	LOFF_G0010870	rRNA_T871	N/A	N/A	N/A	N/A	N/A	N/A	N/A	N/A	N/A	ortholog	Liftoff	N/A	N/A	N/A	False
chr22	5631618	5636657	RNA28S5-1	0	+	5636657	5636657	85,212,76	1	5039	0	RNA28S5	none	none	-1	LOFF_T0010871	rRNA	LOFF_G0010871	rRNA	LOFF_G0010871	rRNA_T872	N/A	N/A	N/A	N/A	N/A	N/A	N/A	N/A	N/A	ortholog	Liftoff	N/A	N/A	N/A	False
chr22	5669000	5682337	RNA45S5-1	0	+	5682337	5682337	85,212,76	1	13337	0	RNA45S5	none	none	-1	LOFF_T0010872	rRNA	LOFF_G0010872	rRNA	LOFF_G0010872	rRNA_T873	N/A	N/A	N/A	N/A	N/A	N/A	N/A	N/A	N/A	ortholog	Liftoff	N/A	N/A	N/A	False
chr22	5672658	5674527	RNA18S5-1	0	+	5674527	5674527	85,212,76	1	1869	0	RNA18S5	none	none	-1	LOFF_T0010873	rRNA	LOFF_G0010873	rRNA	LOFF_G0010873	rRNA_T874	N/A	N/A	N/A	N/A	N/A	N/A	N/A	N/A	N/A	ortholog	Liftoff	N/A	N/A	N/A	False
chr22	5675594	5675751	RNA5-8S5-1	0	+	5675751	5675751	85,212,76	1	157	0	RNA5-8S5	none	none	-1	LOFF_T0010874	rRNA	LOFF_G0010874	rRNA	LOFF_G0010874	rRNA_T875	N/A	N/A	N/A	N/A	N/A	N/A	N/A	N/A	N/A	ortholog	Liftoff	N/A	N/A	N/A	False
chr22	5676919	5681978	RNA28S5-1	0	+	5681978	5681978	85,212,76	1	5059	0	RNA28S5	none	none	-1	LOFF_T0010875	rRNA	LOFF_G0010875	rRNA	LOFF_G0010875	rRNA_T876	N/A	N/A	N/A	N/A	N/A	N/A	N/A	N/A	N/A	ortholog	Liftoff	N/A	N/A	N/A	False
