Consensus_Pos	Ref	alt	present_base	Type	chr	Operon	operon_start	operon_stop	gaps	Sequence_Position	Original_Position	Region
7	A	G	A	SNP	KY962	KY962518	1	13580	0	7	7	ETS_5p
139	T	C	T	SNP	KY962	KY962518	1	13580	0	139	139	ETS_5p
640	G	T	G	SNP	KY962	KY962518	1	13580	0	640	640	ETS_5p
777	C	CGG	C--	INDEL	KY962	KY962518	1	13580	0	777	777	ETS_5p
965	G	A	G	SNP	KY962	KY962518	1	13580	2	963	963	ETS_5p
1293	C	G	C	SNP	KY962	KY962518	1	13580	2	1291	1291	ETS_5p
1327	C	T	C	SNP	KY962	KY962518	1	13580	2	1325	1325	ETS_5p
1512	G	GT	G-	INDEL	KY962	KY962518	1	13580	2	1510	1510	ETS_5p
1641	T	TC	T-	INDEL	KY962	KY962518	1	13580	3	1638	1638	ETS_5p
1687	G	GT	G-	INDEL	KY962	KY962518	1	13580	4	1683	1683	ETS_5p
1761	T	C	T	SNP	KY962	KY962518	1	13580	5	1756	1756	ETS_5p
1949	G	C	G	SNP	KY962	KY962518	1	13580	5	1944	1944	ETS_5p
1950	T	G	T	SNP	KY962	KY962518	1	13580	5	1945	1945	ETS_5p
2104	C	T	C	SNP	KY962	KY962518	1	13580	5	2099	2099	ETS_5p
2149	G	C	G	SNP	KY962	KY962518	1	13580	5	2144	2144	ETS_5p
2204	T	TCGCC	T----	INDEL	KY962	KY962518	1	13580	5	2199	2199	ETS_5p
2293	T	C	T	SNP	KY962	KY962518	1	13580	9	2284	2284	ETS_5p
2347	A	G	A	SNP	KY962	KY962518	1	13580	9	2338	2338	ETS_5p
2372	C	G	C	SNP	KY962	KY962518	1	13580	9	2363	2363	ETS_5p
2398	CGGTGGCGCCCCGCGTGGGGCC	-	CGGTGGCGCCCCGCGTGGGGCC	INDEL	KY962	KY962518	1	13580	9	2389	2389	ETS_5p
2432	C	A	C	SNP	KY962	KY962518	1	13580	9	2423	2423	ETS_5p
2501	T	TGCG/C	T---	INDEL	KY962	KY962518	1	13580	9	2492	2492	ETS_5p
2605	T	C	T	SNP	KY962	KY962518	1	13580	12	2593	2593	ETS_5p
2632	A	C	A	SNP	KY962	KY962518	1	13580	12	2620	2620	ETS_5p
2844	C	T	C	SNP	KY962	KY962518	1	13580	12	2832	2832	ETS_5p
3035	G	T	G	SNP	KY962	KY962518	1	13580	12	3023	3023	ETS_5p
3062	C	CG	C-	INDEL	KY962	KY962518	1	13580	12	3050	3050	ETS_5p
3219	C	A	C	SNP	KY962	KY962518	1	13580	13	3206	3206	ETS_5p
3313	CG	-	CG	INDEL	KY962	KY962518	1	13580	13	3300	3300	ETS_5p
3398	A	G	A	SNP	KY962	KY962518	1	13580	13	3385	3385	ETS_5p
3536	CCCGT	-	CCCGT	INDEL	KY962	KY962518	1	13580	13	3523	3523	ETS_5p
3541	CCGC	-	CCGC	INDEL	KY962	KY962518	1	13580	13	3528	3528	ETS_5p
3545	CCGTCC	-	CCGTCC	INDEL	KY962	KY962518	1	13580	13	3532	3532	ETS_5p
3551	GCGG	-	GCGG	INDEL	KY962	KY962518	1	13580	13	3538	3538	ETS_5p
3555	C	-/G	C	SNP	KY962	KY962518	1	13580	13	3542	3542	ETS_5p
3556	C	-	C	INDEL	KY962	KY962518	1	13580	13	3543	3543	ETS_5p
3557	C	G/-	C	SNP	KY962	KY962518	1	13580	13	3544	3544	ETS_5p
3558	G	-	G	INDEL	KY962	KY962518	1	13580	13	3545	3545	ETS_5p
3559	T	-/C	T	SNP	KY962	KY962518	1	13580	13	3546	3546	ETS_5p
3560	CCG	-	CCG	INDEL	KY962	KY962518	1	13580	13	3547	3547	ETS_5p
3563	T	-/C	T	SNP	KY962	KY962518	1	13580	13	3550	3550	ETS_5p
3654	C	A	C	SNP	KY962	KY962518	1	13580	13	3641	3641	ETS_5p
3666	T	-	T	INDEL	KY962	KY962518	1	13580	13	3653	3653	ETS_5p
4926	G	GGAA	G---	INDEL	KY962	KY962518	1	13580	13	4913	4913	18S
5572	G	GCGC	G---	INDEL	KY962	KY962518	1	13580	16	5556	5556	ITS1_repeat_region
5627	GCGCGT	-	GCGCGT	INDEL	KY962	KY962518	1	13580	19	5608	5608	ITS1_repeat_region
5661	T	C	T	SNP	KY962	KY962518	1	13580	19	5642	5642	ITS1_repeat_region
5669	C	CTCGT	C----	INDEL	KY962	KY962518	1	13580	19	5650	5650	ITS1_repeat_region
5717	A	G	A	SNP	KY962	KY962518	1	13580	23	5694	5694	ITS1_repeat_region
5735	G	-	G	INDEL	KY962	KY962518	1	13580	23	5712	5712	ITS1_repeat_region
5736	G	/GGA/GGAGA/AGAGA/GGGGA/GGAGAGAGA/GGAGAGA	G--------	INDEL	KY962	KY962518	1	13580	23	5713	5713	ITS1_repeat_region
5745	G	-	G	INDEL	KY962	KY962518	1	13580	31	5714	5714	ITS1_repeat_region
5746	A	-/G	A	SNP	KY962	KY962518	1	13580	31	5715	5715	ITS1_repeat_region
5747	GA	-	GA	INDEL	KY962	KY962518	1	13580	31	5716	5716	ITS1_repeat_region
5749	GA	-	GA	INDEL	KY962	KY962518	1	13580	31	5718	5718	ITS1_repeat_region
5751	G	-/C	G	SNP	KY962	KY962518	1	13580	31	5720	5720	ITS1_repeat_region
5752	A	-	A	INDEL	KY962	KY962518	1	13580	31	5721	5721	ITS1_repeat_region
5753	GA	-	GA	INDEL	KY962	KY962518	1	13580	31	5722	5722	ITS1_repeat_region
5756	A	T	A	SNP	KY962	KY962518	1	13580	31	5725	5725	ITS1_repeat_region
5758	A	G	A	SNP	KY962	KY962518	1	13580	31	5727	5727	ITS1_repeat_region
5760	AGA	-	AGA	INDEL	KY962	KY962518	1	13580	31	5729	5729	ITS1_repeat_region
5763	G	A/-	G	SNP	KY962	KY962518	1	13580	31	5732	5732	ITS1_repeat_region
5764	A	-	A	INDEL	KY962	KY962518	1	13580	31	5733	5733	ITS1_repeat_region
5765	A	G/-	A	SNP	KY962	KY962518	1	13580	31	5734	5734	ITS1_repeat_region
5837	A	C	A	SNP	KY962	KY962518	1	13580	31	5806	5806	ITS1_repeat_region
5850	G	A	G	SNP	KY962	KY962518	1	13580	31	5819	5819	ITS1_repeat_region
5902	T	TGG/TG	T--	INDEL	KY962	KY962518	1	13580	31	5871	5871	ITS1_repeat_region
6000	C	T	C	SNP	KY962	KY962518	1	13580	33	5967	5967	ITS1_repeat_region
6115	G	GC	G-	INDEL	KY962	KY962518	1	13580	33	6082	6082	ITS1_repeat_region
6228	T	TC	T-	INDEL	KY962	KY962518	1	13580	34	6194	6194	ITS1_repeat_region
6247	G	A	G	SNP	KY962	KY962518	1	13580	35	6212	6212	ITS1_repeat_region
6306	C	A	C	SNP	KY962	KY962518	1	13580	35	6271	6271	ITS1_repeat_region
6307	C	CT	C-	INDEL	KY962	KY962518	1	13580	35	6272	6272	ITS1_repeat_region
6317	G	C	G	SNP	KY962	KY962518	1	13580	36	6281	6281	ITS1_repeat_region
6334	T	G	T	SNP	KY962	KY962518	1	13580	36	6298	6298	ITS1_repeat_region
6340	C	T	C	SNP	KY962	KY962518	1	13580	36	6304	6304	ITS1_repeat_region
6551	G	-	G	INDEL	KY962	KY962518	1	13580	36	6515	6515	ITS1_repeat_region
6552	G	-/C	G	SNP	KY962	KY962518	1	13580	36	6516	6516	ITS1_repeat_region
6557	C	TTG/GGC/T/GGG/G	C--	INDEL	KY962	KY962518	1	13580	36	6521	6521	ITS1_repeat_region
6560	G	T	G	SNP	KY962	KY962518	1	13580	38	6522	6522	ITS1_repeat_region
6915	T	C	T	SNP	KY962	KY962518	1	13580	38	6877	6877	ITS2
6919	G	A	G	SNP	KY962	KY962518	1	13580	38	6881	6881	ITS2
6930	C	T	C	SNP	KY962	KY962518	1	13580	38	6892	6892	ITS2
6942	C	T	C	SNP	KY962	KY962518	1	13580	38	6904	6904	ITS2
6943	T	TC	T-	INDEL	KY962	KY962518	1	13580	38	6905	6905	ITS2
7195	C	CCGT	C---	INDEL	KY962	KY962518	1	13580	39	7156	7156	ITS2
7289	A	C	A	SNP	KY962	KY962518	1	13580	42	7247	7247	ITS2
7406	C	-	C	INDEL	KY962	KY962518	1	13580	42	7364	7364	ITS2
7428	G	GC	G-	INDEL	KY962	KY962518	1	13580	42	7386	7386	ITS2
7434	G	C	G	SNP	KY962	KY962518	1	13580	43	7391	7391	ITS2
7549	T	C	T	SNP	KY962	KY962518	1	13580	43	7506	7506	ITS2
7699	C	T	C	SNP	KY962	KY962518	1	13580	43	7656	7656	ITS2
7790	T	G	T	SNP	KY962	KY962518	1	13580	43	7747	7747	ITS2
7810	C	T	C	SNP	KY962	KY962518	1	13580	43	7767	7767	ITS2
7829	T	C	T	SNP	KY962	KY962518	1	13580	43	7786	7786	ITS2
7833	C	G	C	SNP	KY962	KY962518	1	13580	43	7790	7790	ITS2
7842	G	GC	G-	INDEL	KY962	KY962518	1	13580	43	7799	7799	ITS2
8024	A	G	A	SNP	KY962	KY962518	1	13580	44	7980	7980	28S
8622	C	G	C	SNP	KY962	KY962518	1	13580	44	8578	8578	28S
8728	CCGT	-	CCGT	INDEL	KY962	KY962518	1	13580	44	8684	8684	28S
8746	G	/GT	G-	INDEL	KY962	KY962518	1	13580	44	8702	8702	28S
8748	T	C/-	T	SNP	KY962	KY962518	1	13580	45	8703	8703	28S
8749	C	-	C	INDEL	KY962	KY962518	1	13580	45	8704	8704	28S
8750	C	G/-	C	SNP	KY962	KY962518	1	13580	45	8705	8705	28S
8813	GGC	-	GGC	INDEL	KY962	KY962518	1	13580	45	8768	8768	28S
8816	GGC	-	GGC	INDEL	KY962	KY962518	1	13580	45	8771	8771	28S
8827	T	CGGT/C	T---	INDEL	KY962	KY962518	1	13580	45	8782	8782	28S
8831	GGC	-	GGC	INDEL	KY962	KY962518	1	13580	48	8783	8783	28S
8836	C	CGGT/T/TGGC/CGGC	C---	INDEL	KY962	KY962518	1	13580	48	8788	8788	28S
8842	C	T	C	SNP	KY962	KY962518	1	13580	51	8791	8791	28S
8846	GG	-	GG	INDEL	KY962	KY962518	1	13580	51	8795	8795	28S
8848	C	/CGGG/CGGC	C---	INDEL	KY962	KY962518	1	13580	51	8797	8797	28S
8867	A	AC	A-	INDEL	KY962	KY962518	1	13580	54	8813	8813	28S
8886	G	GC	G-	INDEL	KY962	KY962518	1	13580	55	8831	8831	28S
9108	G	T	G	SNP	KY962	KY962518	1	13580	56	9052	9052	28S
9120	C	T	C	SNP	KY962	KY962518	1	13580	56	9064	9064	28S
9186	G	-	G	INDEL	KY962	KY962518	1	13580	56	9130	9130	28S
10121	G	GGGC/GGGCGGC	G------	INDEL	KY962	KY962518	1	13580	56	10065	10065	28S
10128	GGC	-	GGC	INDEL	KY962	KY962518	1	13580	62	10066	10066	28S
10137	GGCG	-	GGCG	INDEL	KY962	KY962518	1	13580	62	10075	10075	28S
10141	G	GC/	G-	INDEL	KY962	KY962518	1	13580	62	10079	10079	28S
10143	C	-/G	C	SNP	KY962	KY962518	1	13580	63	10080	10080	28S
10144	G	-	G	INDEL	KY962	KY962518	1	13580	63	10081	10081	28S
10145	G	-/C	G	SNP	KY962	KY962518	1	13580	63	10082	10082	28S
10149	T	G	T	SNP	KY962	KY962518	1	13580	63	10086	10086	28S
10153	T	-	T	INDEL	KY962	KY962518	1	13580	63	10090	10090	28S
10155	G	T	G	SNP	KY962	KY962518	1	13580	63	10092	10092	28S
10157	G	T	G	SNP	KY962	KY962518	1	13580	63	10094	10094	28S
10158	T	G/C	T	SNP	KY962	KY962518	1	13580	63	10095	10095	28S
10159	C	-	C	INDEL	KY962	KY962518	1	13580	63	10096	10096	28S
10160	C	T/G	C	SNP	KY962	KY962518	1	13580	63	10097	10097	28S
10161	T	-	T	INDEL	KY962	KY962518	1	13580	63	10098	10098	28S
10162	C	T/-	C	SNP	KY962	KY962518	1	13580	63	10099	10099	28S
10163	C	-	C	INDEL	KY962	KY962518	1	13580	63	10100	10100	28S
10164	C	TCCC/CCC/CCCG/CCCC	C---	INDEL	KY962	KY962518	1	13580	63	10101	10101	28S
10168	C	-/G	C	SNP	KY962	KY962518	1	13580	66	10102	10102	28S
10169	C	-	C	INDEL	KY962	KY962518	1	13580	66	10103	10103	28S
10170	G	CCC/GCC/GC/CC/C	G--	INDEL	KY962	KY962518	1	13580	66	10104	10104	28S
10399	G	GTT	G--	INDEL	KY962	KY962518	1	13580	68	10331	10331	28S
10447	T	C	T	SNP	KY962	KY962518	1	13580	70	10377	10377	28S
10942	G	GC	G-	INDEL	KY962	KY962518	1	13580	70	10872	10872	28S
10979	T	C	T	SNP	KY962	KY962518	1	13580	71	10908	10908	28S
11019	A	G	A	SNP	KY962	KY962518	1	13580	71	10948	10948	28S
11028	C	CCTCT/CCT	C----	INDEL	KY962	KY962518	1	13580	71	10957	10957	28S
11108	G	GGA	G--	INDEL	KY962	KY962518	1	13580	75	11033	11033	28S
11126	G	T	G	SNP	KY962	KY962518	1	13580	77	11049	11049	28S
11143	G	GC	G-	INDEL	KY962	KY962518	1	13580	77	11066	11066	28S
11145	CCGCCGCGGGGCCCCGGCGGCGGGGG	-	CCGCCGCGGGGCCCCGGCGGCGGGGG	INDEL	KY962	KY962518	1	13580	78	11067	11067	28S
11316	C	-	C	INDEL	KY962	KY962518	1	13580	78	11238	11238	28S
11320	C	CCCC/CCCCCA/CC/CCCCA	C-----	INDEL	KY962	KY962518	1	13580	78	11242	11242	28S
11336	A	G	A	SNP	KY962	KY962518	1	13580	83	11253	11253	28S
11398	C	T	C	SNP	KY962	KY962518	1	13580	83	11315	11315	28S
11476	C	CGCG/CGCGGCGGCG/CGCGGCG	C---------	INDEL	KY962	KY962518	1	13580	83	11393	11393	28S
11492	GCGGCGGC	-	GCGGCGGC	INDEL	KY962	KY962518	1	13580	92	11400	11400	28S
11500	G	A/-	G	SNP	KY962	KY962518	1	13580	92	11408	11408	28S
11891	G	-	G	INDEL	KY962	KY962518	1	13580	92	11799	11799	28S
11979	C	T	C	SNP	KY962	KY962518	1	13580	92	11887	11887	28S
12345	T	TTTTGGG	T------	INDEL	KY962	KY962518	1	13580	92	12253	12253	28S
12797	G	GC/GCC	G--	INDEL	KY962	KY962518	1	13580	98	12699	12699	28S
12811	A	G	A	SNP	KY962	KY962518	1	13580	100	12711	12711	28S
12821	C	T	C	SNP	KY962	KY962518	1	13580	100	12721	12721	28S
12907	T	C	T	SNP	KY962	KY962518	1	13580	100	12807	12807	28S
13072	CG	-	CG	INDEL	KY962	KY962518	1	13580	100	12972	12972	ETS_3p
13074	CG	-	CG	INDEL	KY962	KY962518	1	13580	100	12974	12974	ETS_3p
13076	CGCG	-	CGCG	INDEL	KY962	KY962518	1	13580	100	12976	12976	ETS_3p
13080	C	CGCGC	C----	INDEL	KY962	KY962518	1	13580	100	12980	12980	ETS_3p
13085	GCGC	-	GCGC	INDEL	KY962	KY962518	1	13580	104	12981	12981	ETS_3p
13089	GCGCGT	-	GCGCGT	INDEL	KY962	KY962518	1	13580	104	12985	12985	ETS_3p
13201	T	TGGG/TGG/TGGGGGTGGGG	T----------	INDEL	KY962	KY962518	1	13580	104	13097	13097	ETS_3p
13415	T	TG	T-	INDEL	KY962	KY962518	1	13580	114	13301	13301	ETS_3p
7	A	G	A	SNP	chr13	chr13_operon_1	5774302	5787683	0	7	5774308	ETS_5p
139	T	C	C	SNP	chr13	chr13_operon_1	5774302	5787683	0	139	5774440	ETS_5p
640	G	T	G	SNP	chr13	chr13_operon_1	5774302	5787683	0	640	5774941	ETS_5p
777	C	CGG	C--	INDEL	chr13	chr13_operon_1	5774302	5787683	0	777	5775078	ETS_5p
965	G	A	A	SNP	chr13	chr13_operon_1	5774302	5787683	2	963	5775264	ETS_5p
1293	C	G	C	SNP	chr13	chr13_operon_1	5774302	5787683	2	1291	5775592	ETS_5p
1327	C	T	C	SNP	chr13	chr13_operon_1	5774302	5787683	2	1325	5775626	ETS_5p
1512	G	GT	GT	INDEL	chr13	chr13_operon_1	5774302	5787683	2	1510	5775811	ETS_5p
1641	T	TC	TC	INDEL	chr13	chr13_operon_1	5774302	5787683	2	1639	5775940	ETS_5p
1687	G	GT	GT	INDEL	chr13	chr13_operon_1	5774302	5787683	2	1685	5775986	ETS_5p
1761	T	C	C	SNP	chr13	chr13_operon_1	5774302	5787683	2	1759	5776060	ETS_5p
1949	G	C	C	SNP	chr13	chr13_operon_1	5774302	5787683	2	1947	5776248	ETS_5p
1950	T	G	G	SNP	chr13	chr13_operon_1	5774302	5787683	2	1948	5776249	ETS_5p
2104	C	T	C	SNP	chr13	chr13_operon_1	5774302	5787683	2	2102	5776403	ETS_5p
2149	G	C	C	SNP	chr13	chr13_operon_1	5774302	5787683	2	2147	5776448	ETS_5p
2204	T	TCGCC	T----	INDEL	chr13	chr13_operon_1	5774302	5787683	2	2202	5776503	ETS_5p
2293	T	C	T	SNP	chr13	chr13_operon_1	5774302	5787683	6	2287	5776588	ETS_5p
2347	A	G	G	SNP	chr13	chr13_operon_1	5774302	5787683	6	2341	5776642	ETS_5p
2372	C	G	G	SNP	chr13	chr13_operon_1	5774302	5787683	6	2366	5776667	ETS_5p
2398	CGGTGGCGCCCCGCGTGGGGCC	-	CGGTGGCGCCCCGCGTGGGGCC	INDEL	chr13	chr13_operon_1	5774302	5787683	6	2392	5776693	ETS_5p
2432	C	A	C	SNP	chr13	chr13_operon_1	5774302	5787683	6	2426	5776727	ETS_5p
2501	T	TGCG/C	T---	INDEL	chr13	chr13_operon_1	5774302	5787683	6	2495	5776796	ETS_5p
2605	T	C	T	SNP	chr13	chr13_operon_1	5774302	5787683	9	2596	5776897	ETS_5p
2632	A	C	C	SNP	chr13	chr13_operon_1	5774302	5787683	9	2623	5776924	ETS_5p
2844	C	T	C	SNP	chr13	chr13_operon_1	5774302	5787683	9	2835	5777136	ETS_5p
3035	G	T	G	SNP	chr13	chr13_operon_1	5774302	5787683	9	3026	5777327	ETS_5p
3062	C	CG	CG	INDEL	chr13	chr13_operon_1	5774302	5787683	9	3053	5777354	ETS_5p
3219	C	A	A	SNP	chr13	chr13_operon_1	5774302	5787683	9	3210	5777511	ETS_5p
3313	CG	-	--	INDEL	chr13	chr13_operon_1	5774302	5787683	9	3304	5777605	ETS_5p
3398	A	G	A	SNP	chr13	chr13_operon_1	5774302	5787683	11	3387	5777688	ETS_5p
3536	CCCGT	-	CCCGT	INDEL	chr13	chr13_operon_1	5774302	5787683	11	3525	5777826	ETS_5p
3541	CCGC	-	CCGC	INDEL	chr13	chr13_operon_1	5774302	5787683	11	3530	5777831	ETS_5p
3545	CCGTCC	-	CCGTCC	INDEL	chr13	chr13_operon_1	5774302	5787683	11	3534	5777835	ETS_5p
3551	GCGG	-	GCGG	INDEL	chr13	chr13_operon_1	5774302	5787683	11	3540	5777841	ETS_5p
3555	C	-/G	C	SNP	chr13	chr13_operon_1	5774302	5787683	11	3544	5777845	ETS_5p
3556	C	-	-	INDEL	chr13	chr13_operon_1	5774302	5787683	11	3545	5777846	ETS_5p
3557	C	G/-	-	SNP	chr13	chr13_operon_1	5774302	5787683	12	3545	5777846	ETS_5p
3558	G	-	-	INDEL	chr13	chr13_operon_1	5774302	5787683	13	3545	5777846	ETS_5p
3559	T	-/C	-	SNP	chr13	chr13_operon_1	5774302	5787683	14	3545	5777846	ETS_5p
3560	CCG	-	CCG	INDEL	chr13	chr13_operon_1	5774302	5787683	15	3545	5777846	ETS_5p
3563	T	-/C	T	SNP	chr13	chr13_operon_1	5774302	5787683	15	3548	5777849	ETS_5p
3654	C	A	C	SNP	chr13	chr13_operon_1	5774302	5787683	15	3639	5777940	ETS_5p
3666	T	-	T	INDEL	chr13	chr13_operon_1	5774302	5787683	15	3651	5777952	ETS_5p
4926	G	GGAA	G---	INDEL	chr13	chr13_operon_1	5774302	5787683	15	4911	5779212	18S
5572	G	GCGC	GCGC	INDEL	chr13	chr13_operon_1	5774302	5787683	18	5554	5779855	ITS1_repeat_region
5627	GCGCGT	-	GCGCGT	INDEL	chr13	chr13_operon_1	5774302	5787683	18	5609	5779910	ITS1_repeat_region
5661	T	C	C	SNP	chr13	chr13_operon_1	5774302	5787683	18	5643	5779944	ITS1_repeat_region
5669	C	CTCGT	C----	INDEL	chr13	chr13_operon_1	5774302	5787683	18	5651	5779952	ITS1_repeat_region
5717	A	G	A	SNP	chr13	chr13_operon_1	5774302	5787683	22	5695	5779996	ITS1_repeat_region
5735	G	-	G	INDEL	chr13	chr13_operon_1	5774302	5787683	22	5713	5780014	ITS1_repeat_region
5736	G	/GGA/GGAGA/AGAGA/GGGGA/GGAGAGAGA/GGAGAGA	GGAGAGAGA	INDEL	chr13	chr13_operon_1	5774302	5787683	22	5714	5780015	ITS1_repeat_region
5745	G	-	G	INDEL	chr13	chr13_operon_1	5774302	5787683	22	5723	5780024	ITS1_repeat_region
5746	A	-/G	A	SNP	chr13	chr13_operon_1	5774302	5787683	22	5724	5780025	ITS1_repeat_region
5747	GA	-	GA	INDEL	chr13	chr13_operon_1	5774302	5787683	22	5725	5780026	ITS1_repeat_region
5749	GA	-	GA	INDEL	chr13	chr13_operon_1	5774302	5787683	22	5727	5780028	ITS1_repeat_region
5751	G	-/C	G	SNP	chr13	chr13_operon_1	5774302	5787683	22	5729	5780030	ITS1_repeat_region
5752	A	-	A	INDEL	chr13	chr13_operon_1	5774302	5787683	22	5730	5780031	ITS1_repeat_region
5753	GA	-	GA	INDEL	chr13	chr13_operon_1	5774302	5787683	22	5731	5780032	ITS1_repeat_region
5756	A	T	A	SNP	chr13	chr13_operon_1	5774302	5787683	22	5734	5780035	ITS1_repeat_region
5758	A	G	A	SNP	chr13	chr13_operon_1	5774302	5787683	22	5736	5780037	ITS1_repeat_region
5760	AGA	-	AGA	INDEL	chr13	chr13_operon_1	5774302	5787683	22	5738	5780039	ITS1_repeat_region
5763	G	A/-	G	SNP	chr13	chr13_operon_1	5774302	5787683	22	5741	5780042	ITS1_repeat_region
5764	A	-	A	INDEL	chr13	chr13_operon_1	5774302	5787683	22	5742	5780043	ITS1_repeat_region
5765	A	G/-	G	SNP	chr13	chr13_operon_1	5774302	5787683	22	5743	5780044	ITS1_repeat_region
5837	A	C	C	SNP	chr13	chr13_operon_1	5774302	5787683	22	5815	5780116	ITS1_repeat_region
5850	G	A	G	SNP	chr13	chr13_operon_1	5774302	5787683	22	5828	5780129	ITS1_repeat_region
5902	T	TGG/TG	TG-	INDEL	chr13	chr13_operon_1	5774302	5787683	22	5880	5780181	ITS1_repeat_region
6000	C	T	C	SNP	chr13	chr13_operon_1	5774302	5787683	23	5977	5780278	ITS1_repeat_region
6115	G	GC	G-	INDEL	chr13	chr13_operon_1	5774302	5787683	23	6092	5780393	ITS1_repeat_region
6228	T	TC	T-	INDEL	chr13	chr13_operon_1	5774302	5787683	24	6204	5780505	ITS1_repeat_region
6247	G	A	G	SNP	chr13	chr13_operon_1	5774302	5787683	25	6222	5780523	ITS1_repeat_region
6306	C	A	C	SNP	chr13	chr13_operon_1	5774302	5787683	25	6281	5780582	ITS1_repeat_region
6307	C	CT	C-	INDEL	chr13	chr13_operon_1	5774302	5787683	25	6282	5780583	ITS1_repeat_region
6317	G	C	G	SNP	chr13	chr13_operon_1	5774302	5787683	26	6291	5780592	ITS1_repeat_region
6334	T	G	T	SNP	chr13	chr13_operon_1	5774302	5787683	26	6308	5780609	ITS1_repeat_region
6340	C	T	C	SNP	chr13	chr13_operon_1	5774302	5787683	26	6314	5780615	ITS1_repeat_region
6551	G	-	G	INDEL	chr13	chr13_operon_1	5774302	5787683	26	6525	5780826	ITS1_repeat_region
6552	G	-/C	C	SNP	chr13	chr13_operon_1	5774302	5787683	26	6526	5780827	ITS1_repeat_region
6557	C	TTG/GGC/T/GGG/G	T--	INDEL	chr13	chr13_operon_1	5774302	5787683	26	6531	5780832	ITS1_repeat_region
6560	G	T	T	SNP	chr13	chr13_operon_1	5774302	5787683	28	6532	5780833	ITS1_repeat_region
6915	T	C	T	SNP	chr13	chr13_operon_1	5774302	5787683	28	6887	5781188	ITS2
6919	G	A	G	SNP	chr13	chr13_operon_1	5774302	5787683	28	6891	5781192	ITS2
6930	C	T	C	SNP	chr13	chr13_operon_1	5774302	5787683	28	6902	5781203	ITS2
6942	C	T	C	SNP	chr13	chr13_operon_1	5774302	5787683	28	6914	5781215	ITS2
6943	T	TC	TC	INDEL	chr13	chr13_operon_1	5774302	5787683	28	6915	5781216	ITS2
7195	C	CCGT	C---	INDEL	chr13	chr13_operon_1	5774302	5787683	28	7167	5781468	ITS2
7289	A	C	C	SNP	chr13	chr13_operon_1	5774302	5787683	31	7258	5781559	ITS2
7406	C	-	-	INDEL	chr13	chr13_operon_1	5774302	5787683	31	7375	5781676	ITS2
7428	G	GC	G-	INDEL	chr13	chr13_operon_1	5774302	5787683	32	7396	5781697	ITS2
7434	G	C	G	SNP	chr13	chr13_operon_1	5774302	5787683	33	7401	5781702	ITS2
7549	T	C	T	SNP	chr13	chr13_operon_1	5774302	5787683	33	7516	5781817	ITS2
7699	C	T	C	SNP	chr13	chr13_operon_1	5774302	5787683	33	7666	5781967	ITS2
7790	T	G	T	SNP	chr13	chr13_operon_1	5774302	5787683	33	7757	5782058	ITS2
7810	C	T	C	SNP	chr13	chr13_operon_1	5774302	5787683	33	7777	5782078	ITS2
7829	T	C	C	SNP	chr13	chr13_operon_1	5774302	5787683	33	7796	5782097	ITS2
7833	C	G	G	SNP	chr13	chr13_operon_1	5774302	5787683	33	7800	5782101	ITS2
7842	G	GC	GC	INDEL	chr13	chr13_operon_1	5774302	5787683	33	7809	5782110	ITS2
8024	A	G	A	SNP	chr13	chr13_operon_1	5774302	5787683	33	7991	5782292	28S
8622	C	G	C	SNP	chr13	chr13_operon_1	5774302	5787683	33	8589	5782890	28S
8728	CCGT	-	CCGT	INDEL	chr13	chr13_operon_1	5774302	5787683	33	8695	5782996	28S
8746	G	/GT	GT	INDEL	chr13	chr13_operon_1	5774302	5787683	33	8713	5783014	28S
8748	T	C/-	C	SNP	chr13	chr13_operon_1	5774302	5787683	33	8715	5783016	28S
8749	C	-	C	INDEL	chr13	chr13_operon_1	5774302	5787683	33	8716	5783017	28S
8750	C	G/-	-	SNP	chr13	chr13_operon_1	5774302	5787683	33	8717	5783018	28S
8813	GGC	-	GGC	INDEL	chr13	chr13_operon_1	5774302	5787683	34	8779	5783080	28S
8816	GGC	-	GGC	INDEL	chr13	chr13_operon_1	5774302	5787683	34	8782	5783083	28S
8827	T	CGGT/C	C---	INDEL	chr13	chr13_operon_1	5774302	5787683	34	8793	5783094	28S
8831	GGC	-	GGC	INDEL	chr13	chr13_operon_1	5774302	5787683	37	8794	5783095	28S
8836	C	CGGT/T/TGGC/CGGC	TGGC	INDEL	chr13	chr13_operon_1	5774302	5787683	37	8799	5783100	28S
8842	C	T	C	SNP	chr13	chr13_operon_1	5774302	5787683	37	8805	5783106	28S
8846	GG	-	GG	INDEL	chr13	chr13_operon_1	5774302	5787683	37	8809	5783110	28S
8848	C	/CGGG/CGGC	CGGC	INDEL	chr13	chr13_operon_1	5774302	5787683	37	8811	5783112	28S
8867	A	AC	AC	INDEL	chr13	chr13_operon_1	5774302	5787683	37	8830	5783131	28S
8886	G	GC	G-	INDEL	chr13	chr13_operon_1	5774302	5787683	37	8849	5783150	28S
9108	G	T	G	SNP	chr13	chr13_operon_1	5774302	5787683	38	9070	5783371	28S
9120	C	T	C	SNP	chr13	chr13_operon_1	5774302	5787683	38	9082	5783383	28S
9186	G	-	-	INDEL	chr13	chr13_operon_1	5774302	5787683	38	9148	5783449	28S
10121	G	GGGC/GGGCGGC	GGGCGGC	INDEL	chr13	chr13_operon_1	5774302	5787683	39	10082	5784383	28S
10128	GGC	-	GGC	INDEL	chr13	chr13_operon_1	5774302	5787683	39	10089	5784390	28S
10137	GGCG	-	GGCG	INDEL	chr13	chr13_operon_1	5774302	5787683	39	10098	5784399	28S
10141	G	GC/	GC	INDEL	chr13	chr13_operon_1	5774302	5787683	39	10102	5784403	28S
10143	C	-/G	G	SNP	chr13	chr13_operon_1	5774302	5787683	39	10104	5784405	28S
10144	G	-	G	INDEL	chr13	chr13_operon_1	5774302	5787683	39	10105	5784406	28S
10145	G	-/C	C	SNP	chr13	chr13_operon_1	5774302	5787683	39	10106	5784407	28S
10149	T	G	G	SNP	chr13	chr13_operon_1	5774302	5787683	39	10110	5784411	28S
10153	T	-	T	INDEL	chr13	chr13_operon_1	5774302	5787683	39	10114	5784415	28S
10155	G	T	G	SNP	chr13	chr13_operon_1	5774302	5787683	39	10116	5784417	28S
10157	G	T	G	SNP	chr13	chr13_operon_1	5774302	5787683	39	10118	5784419	28S
10158	T	G/C	T	SNP	chr13	chr13_operon_1	5774302	5787683	39	10119	5784420	28S
10159	C	-	C	INDEL	chr13	chr13_operon_1	5774302	5787683	39	10120	5784421	28S
10160	C	T/G	C	SNP	chr13	chr13_operon_1	5774302	5787683	39	10121	5784422	28S
10161	T	-	T	INDEL	chr13	chr13_operon_1	5774302	5787683	39	10122	5784423	28S
10162	C	T/-	T	SNP	chr13	chr13_operon_1	5774302	5787683	39	10123	5784424	28S
10163	C	-	C	INDEL	chr13	chr13_operon_1	5774302	5787683	39	10124	5784425	28S
10164	C	TCCC/CCC/CCCG/CCCC	CCCC	INDEL	chr13	chr13_operon_1	5774302	5787683	39	10125	5784426	28S
10168	C	-/G	G	SNP	chr13	chr13_operon_1	5774302	5787683	39	10129	5784430	28S
10169	C	-	C	INDEL	chr13	chr13_operon_1	5774302	5787683	39	10130	5784431	28S
10170	G	CCC/GCC/GC/CC/C	CC-	INDEL	chr13	chr13_operon_1	5774302	5787683	39	10131	5784432	28S
10399	G	GTT	G--	INDEL	chr13	chr13_operon_1	5774302	5787683	40	10359	5784660	28S
10447	T	C	C	SNP	chr13	chr13_operon_1	5774302	5787683	42	10405	5784706	28S
10942	G	GC	G-	INDEL	chr13	chr13_operon_1	5774302	5787683	42	10900	5785201	28S
10979	T	C	T	SNP	chr13	chr13_operon_1	5774302	5787683	43	10936	5785237	28S
11019	A	G	G	SNP	chr13	chr13_operon_1	5774302	5787683	43	10976	5785277	28S
11028	C	CCTCT/CCT	CCT--	INDEL	chr13	chr13_operon_1	5774302	5787683	43	10985	5785286	28S
11108	G	GGA	GGA	INDEL	chr13	chr13_operon_1	5774302	5787683	45	11063	5785364	28S
11126	G	T	G	SNP	chr13	chr13_operon_1	5774302	5787683	45	11081	5785382	28S
11143	G	GC	GC	INDEL	chr13	chr13_operon_1	5774302	5787683	45	11098	5785399	28S
11145	CCGCCGCGGGGCCCCGGCGGCGGGGG	-	CCGCCGCGGGGCCCCGGCGGCGGGGG	INDEL	chr13	chr13_operon_1	5774302	5787683	45	11100	5785401	28S
11316	C	-	-	INDEL	chr13	chr13_operon_1	5774302	5787683	45	11271	5785572	28S
11320	C	CCCC/CCCCCA/CC/CCCCA	CCCCCA	INDEL	chr13	chr13_operon_1	5774302	5787683	46	11274	5785575	28S
11336	A	G	A	SNP	chr13	chr13_operon_1	5774302	5787683	46	11290	5785591	28S
11398	C	T	C	SNP	chr13	chr13_operon_1	5774302	5787683	46	11352	5785653	28S
11476	C	CGCG/CGCGGCGGCG/CGCGGCG	CGCGGCGGCG	INDEL	chr13	chr13_operon_1	5774302	5787683	46	11430	5785731	28S
11492	GCGGCGGC	-	GCGGCGGC	INDEL	chr13	chr13_operon_1	5774302	5787683	46	11446	5785747	28S
11500	G	A/-	A	SNP	chr13	chr13_operon_1	5774302	5787683	46	11454	5785755	28S
11891	G	-	G	INDEL	chr13	chr13_operon_1	5774302	5787683	46	11845	5786146	28S
11979	C	T	C	SNP	chr13	chr13_operon_1	5774302	5787683	46	11933	5786234	28S
12345	T	TTTTGGG	T------	INDEL	chr13	chr13_operon_1	5774302	5787683	46	12299	5786600	28S
12797	G	GC/GCC	G--	INDEL	chr13	chr13_operon_1	5774302	5787683	52	12745	5787046	28S
12811	A	G	A	SNP	chr13	chr13_operon_1	5774302	5787683	54	12757	5787058	28S
12821	C	T	C	SNP	chr13	chr13_operon_1	5774302	5787683	54	12767	5787068	28S
12907	T	C	C	SNP	chr13	chr13_operon_1	5774302	5787683	54	12853	5787154	28S
13072	CG	-	--	INDEL	chr13	chr13_operon_1	5774302	5787683	54	13018	5787319	28S
13074	CG	-	--	INDEL	chr13	chr13_operon_1	5774302	5787683	56	13018	5787319	28S
13076	CGCG	-	CGCG	INDEL	chr13	chr13_operon_1	5774302	5787683	58	13018	5787319	28S
13080	C	CGCGC	CGCGC	INDEL	chr13	chr13_operon_1	5774302	5787683	58	13022	5787323	ETS_3p
13085	GCGC	-	GCGC	INDEL	chr13	chr13_operon_1	5774302	5787683	58	13027	5787328	ETS_3p
13089	GCGCGT	-	GCGCGT	INDEL	chr13	chr13_operon_1	5774302	5787683	58	13031	5787332	ETS_3p
13201	T	TGGG/TGG/TGGGGGTGGGG	TGGG-------	INDEL	chr13	chr13_operon_1	5774302	5787683	58	13143	5787444	ETS_3p
13415	T	TG	T-	INDEL	chr13	chr13_operon_1	5774302	5787683	65	13350	5787651	ETS_3p
7	A	G	A	SNP	chr13	chr13_operon_6	6009152	6022533	0	7	6009158	ETS_5p
139	T	C	C	SNP	chr13	chr13_operon_6	6009152	6022533	0	139	6009290	ETS_5p
640	G	T	G	SNP	chr13	chr13_operon_6	6009152	6022533	0	640	6009791	ETS_5p
777	C	CGG	C--	INDEL	chr13	chr13_operon_6	6009152	6022533	0	777	6009928	ETS_5p
965	G	A	A	SNP	chr13	chr13_operon_6	6009152	6022533	2	963	6010114	ETS_5p
1293	C	G	C	SNP	chr13	chr13_operon_6	6009152	6022533	2	1291	6010442	ETS_5p
1327	C	T	C	SNP	chr13	chr13_operon_6	6009152	6022533	2	1325	6010476	ETS_5p
1512	G	GT	GT	INDEL	chr13	chr13_operon_6	6009152	6022533	2	1510	6010661	ETS_5p
1641	T	TC	TC	INDEL	chr13	chr13_operon_6	6009152	6022533	2	1639	6010790	ETS_5p
1687	G	GT	GT	INDEL	chr13	chr13_operon_6	6009152	6022533	2	1685	6010836	ETS_5p
1761	T	C	C	SNP	chr13	chr13_operon_6	6009152	6022533	2	1759	6010910	ETS_5p
1949	G	C	C	SNP	chr13	chr13_operon_6	6009152	6022533	2	1947	6011098	ETS_5p
1950	T	G	G	SNP	chr13	chr13_operon_6	6009152	6022533	2	1948	6011099	ETS_5p
2104	C	T	C	SNP	chr13	chr13_operon_6	6009152	6022533	2	2102	6011253	ETS_5p
2149	G	C	C	SNP	chr13	chr13_operon_6	6009152	6022533	2	2147	6011298	ETS_5p
2204	T	TCGCC	T----	INDEL	chr13	chr13_operon_6	6009152	6022533	2	2202	6011353	ETS_5p
2293	T	C	T	SNP	chr13	chr13_operon_6	6009152	6022533	6	2287	6011438	ETS_5p
2347	A	G	G	SNP	chr13	chr13_operon_6	6009152	6022533	6	2341	6011492	ETS_5p
2372	C	G	C	SNP	chr13	chr13_operon_6	6009152	6022533	6	2366	6011517	ETS_5p
2398	CGGTGGCGCCCCGCGTGGGGCC	-	CGGTGGCGCCCCGCGTGGGGCC	INDEL	chr13	chr13_operon_6	6009152	6022533	6	2392	6011543	ETS_5p
2432	C	A	C	SNP	chr13	chr13_operon_6	6009152	6022533	6	2426	6011577	ETS_5p
2501	T	TGCG/C	T---	INDEL	chr13	chr13_operon_6	6009152	6022533	6	2495	6011646	ETS_5p
2605	T	C	T	SNP	chr13	chr13_operon_6	6009152	6022533	9	2596	6011747	ETS_5p
2632	A	C	C	SNP	chr13	chr13_operon_6	6009152	6022533	9	2623	6011774	ETS_5p
2844	C	T	C	SNP	chr13	chr13_operon_6	6009152	6022533	9	2835	6011986	ETS_5p
3035	G	T	G	SNP	chr13	chr13_operon_6	6009152	6022533	9	3026	6012177	ETS_5p
3062	C	CG	CG	INDEL	chr13	chr13_operon_6	6009152	6022533	9	3053	6012204	ETS_5p
3219	C	A	A	SNP	chr13	chr13_operon_6	6009152	6022533	9	3210	6012361	ETS_5p
3313	CG	-	--	INDEL	chr13	chr13_operon_6	6009152	6022533	9	3304	6012455	ETS_5p
3398	A	G	A	SNP	chr13	chr13_operon_6	6009152	6022533	11	3387	6012538	ETS_5p
3536	CCCGT	-	CCCGT	INDEL	chr13	chr13_operon_6	6009152	6022533	11	3525	6012676	ETS_5p
3541	CCGC	-	CCGC	INDEL	chr13	chr13_operon_6	6009152	6022533	11	3530	6012681	ETS_5p
3545	CCGTCC	-	CCGTCC	INDEL	chr13	chr13_operon_6	6009152	6022533	11	3534	6012685	ETS_5p
3551	GCGG	-	GCGG	INDEL	chr13	chr13_operon_6	6009152	6022533	11	3540	6012691	ETS_5p
3555	C	-/G	C	SNP	chr13	chr13_operon_6	6009152	6022533	11	3544	6012695	ETS_5p
3556	C	-	-	INDEL	chr13	chr13_operon_6	6009152	6022533	11	3545	6012696	ETS_5p
3557	C	G/-	-	SNP	chr13	chr13_operon_6	6009152	6022533	12	3545	6012696	ETS_5p
3558	G	-	-	INDEL	chr13	chr13_operon_6	6009152	6022533	13	3545	6012696	ETS_5p
3559	T	-/C	-	SNP	chr13	chr13_operon_6	6009152	6022533	14	3545	6012696	ETS_5p
3560	CCG	-	CCG	INDEL	chr13	chr13_operon_6	6009152	6022533	15	3545	6012696	ETS_5p
3563	T	-/C	T	SNP	chr13	chr13_operon_6	6009152	6022533	15	3548	6012699	ETS_5p
3654	C	A	C	SNP	chr13	chr13_operon_6	6009152	6022533	15	3639	6012790	ETS_5p
3666	T	-	T	INDEL	chr13	chr13_operon_6	6009152	6022533	15	3651	6012802	ETS_5p
4926	G	GGAA	G---	INDEL	chr13	chr13_operon_6	6009152	6022533	15	4911	6014062	18S
5572	G	GCGC	GCGC	INDEL	chr13	chr13_operon_6	6009152	6022533	18	5554	6014705	ITS1_repeat_region
5627	GCGCGT	-	GCGCGT	INDEL	chr13	chr13_operon_6	6009152	6022533	18	5609	6014760	ITS1_repeat_region
5661	T	C	C	SNP	chr13	chr13_operon_6	6009152	6022533	18	5643	6014794	ITS1_repeat_region
5669	C	CTCGT	C----	INDEL	chr13	chr13_operon_6	6009152	6022533	18	5651	6014802	ITS1_repeat_region
5717	A	G	A	SNP	chr13	chr13_operon_6	6009152	6022533	22	5695	6014846	ITS1_repeat_region
5735	G	-	G	INDEL	chr13	chr13_operon_6	6009152	6022533	22	5713	6014864	ITS1_repeat_region
5736	G	/GGA/GGAGA/AGAGA/GGGGA/GGAGAGAGA/GGAGAGA	GGAGAGAGA	INDEL	chr13	chr13_operon_6	6009152	6022533	22	5714	6014865	ITS1_repeat_region
5745	G	-	G	INDEL	chr13	chr13_operon_6	6009152	6022533	22	5723	6014874	ITS1_repeat_region
5746	A	-/G	A	SNP	chr13	chr13_operon_6	6009152	6022533	22	5724	6014875	ITS1_repeat_region
5747	GA	-	GA	INDEL	chr13	chr13_operon_6	6009152	6022533	22	5725	6014876	ITS1_repeat_region
5749	GA	-	GA	INDEL	chr13	chr13_operon_6	6009152	6022533	22	5727	6014878	ITS1_repeat_region
5751	G	-/C	G	SNP	chr13	chr13_operon_6	6009152	6022533	22	5729	6014880	ITS1_repeat_region
5752	A	-	A	INDEL	chr13	chr13_operon_6	6009152	6022533	22	5730	6014881	ITS1_repeat_region
5753	GA	-	GA	INDEL	chr13	chr13_operon_6	6009152	6022533	22	5731	6014882	ITS1_repeat_region
5756	A	T	A	SNP	chr13	chr13_operon_6	6009152	6022533	22	5734	6014885	ITS1_repeat_region
5758	A	G	A	SNP	chr13	chr13_operon_6	6009152	6022533	22	5736	6014887	ITS1_repeat_region
5760	AGA	-	AGA	INDEL	chr13	chr13_operon_6	6009152	6022533	22	5738	6014889	ITS1_repeat_region
5763	G	A/-	G	SNP	chr13	chr13_operon_6	6009152	6022533	22	5741	6014892	ITS1_repeat_region
5764	A	-	A	INDEL	chr13	chr13_operon_6	6009152	6022533	22	5742	6014893	ITS1_repeat_region
5765	A	G/-	G	SNP	chr13	chr13_operon_6	6009152	6022533	22	5743	6014894	ITS1_repeat_region
5837	A	C	C	SNP	chr13	chr13_operon_6	6009152	6022533	22	5815	6014966	ITS1_repeat_region
5850	G	A	G	SNP	chr13	chr13_operon_6	6009152	6022533	22	5828	6014979	ITS1_repeat_region
5902	T	TGG/TG	TG-	INDEL	chr13	chr13_operon_6	6009152	6022533	22	5880	6015031	ITS1_repeat_region
6000	C	T	C	SNP	chr13	chr13_operon_6	6009152	6022533	23	5977	6015128	ITS1_repeat_region
6115	G	GC	G-	INDEL	chr13	chr13_operon_6	6009152	6022533	23	6092	6015243	ITS1_repeat_region
6228	T	TC	T-	INDEL	chr13	chr13_operon_6	6009152	6022533	24	6204	6015355	ITS1_repeat_region
6247	G	A	G	SNP	chr13	chr13_operon_6	6009152	6022533	25	6222	6015373	ITS1_repeat_region
6306	C	A	C	SNP	chr13	chr13_operon_6	6009152	6022533	25	6281	6015432	ITS1_repeat_region
6307	C	CT	C-	INDEL	chr13	chr13_operon_6	6009152	6022533	25	6282	6015433	ITS1_repeat_region
6317	G	C	G	SNP	chr13	chr13_operon_6	6009152	6022533	26	6291	6015442	ITS1_repeat_region
6334	T	G	T	SNP	chr13	chr13_operon_6	6009152	6022533	26	6308	6015459	ITS1_repeat_region
6340	C	T	C	SNP	chr13	chr13_operon_6	6009152	6022533	26	6314	6015465	ITS1_repeat_region
6551	G	-	G	INDEL	chr13	chr13_operon_6	6009152	6022533	26	6525	6015676	ITS1_repeat_region
6552	G	-/C	C	SNP	chr13	chr13_operon_6	6009152	6022533	26	6526	6015677	ITS1_repeat_region
6557	C	TTG/GGC/T/GGG/G	T--	INDEL	chr13	chr13_operon_6	6009152	6022533	26	6531	6015682	ITS1_repeat_region
6560	G	T	T	SNP	chr13	chr13_operon_6	6009152	6022533	28	6532	6015683	ITS1_repeat_region
6915	T	C	T	SNP	chr13	chr13_operon_6	6009152	6022533	28	6887	6016038	ITS2
6919	G	A	G	SNP	chr13	chr13_operon_6	6009152	6022533	28	6891	6016042	ITS2
6930	C	T	C	SNP	chr13	chr13_operon_6	6009152	6022533	28	6902	6016053	ITS2
6942	C	T	C	SNP	chr13	chr13_operon_6	6009152	6022533	28	6914	6016065	ITS2
6943	T	TC	TC	INDEL	chr13	chr13_operon_6	6009152	6022533	28	6915	6016066	ITS2
7195	C	CCGT	C---	INDEL	chr13	chr13_operon_6	6009152	6022533	28	7167	6016318	ITS2
7289	A	C	C	SNP	chr13	chr13_operon_6	6009152	6022533	31	7258	6016409	ITS2
7406	C	-	-	INDEL	chr13	chr13_operon_6	6009152	6022533	31	7375	6016526	ITS2
7428	G	GC	G-	INDEL	chr13	chr13_operon_6	6009152	6022533	32	7396	6016547	ITS2
7434	G	C	G	SNP	chr13	chr13_operon_6	6009152	6022533	33	7401	6016552	ITS2
7549	T	C	T	SNP	chr13	chr13_operon_6	6009152	6022533	33	7516	6016667	ITS2
7699	C	T	C	SNP	chr13	chr13_operon_6	6009152	6022533	33	7666	6016817	ITS2
7790	T	G	T	SNP	chr13	chr13_operon_6	6009152	6022533	33	7757	6016908	ITS2
7810	C	T	C	SNP	chr13	chr13_operon_6	6009152	6022533	33	7777	6016928	ITS2
7829	T	C	C	SNP	chr13	chr13_operon_6	6009152	6022533	33	7796	6016947	ITS2
7833	C	G	G	SNP	chr13	chr13_operon_6	6009152	6022533	33	7800	6016951	ITS2
7842	G	GC	GC	INDEL	chr13	chr13_operon_6	6009152	6022533	33	7809	6016960	ITS2
8024	A	G	A	SNP	chr13	chr13_operon_6	6009152	6022533	33	7991	6017142	28S
8622	C	G	C	SNP	chr13	chr13_operon_6	6009152	6022533	33	8589	6017740	28S
8728	CCGT	-	CCGT	INDEL	chr13	chr13_operon_6	6009152	6022533	33	8695	6017846	28S
8746	G	/GT	GT	INDEL	chr13	chr13_operon_6	6009152	6022533	33	8713	6017864	28S
8748	T	C/-	C	SNP	chr13	chr13_operon_6	6009152	6022533	33	8715	6017866	28S
8749	C	-	C	INDEL	chr13	chr13_operon_6	6009152	6022533	33	8716	6017867	28S
8750	C	G/-	-	SNP	chr13	chr13_operon_6	6009152	6022533	33	8717	6017868	28S
8813	GGC	-	GGC	INDEL	chr13	chr13_operon_6	6009152	6022533	34	8779	6017930	28S
8816	GGC	-	GGC	INDEL	chr13	chr13_operon_6	6009152	6022533	34	8782	6017933	28S
8827	T	CGGT/C	C---	INDEL	chr13	chr13_operon_6	6009152	6022533	34	8793	6017944	28S
8831	GGC	-	GGC	INDEL	chr13	chr13_operon_6	6009152	6022533	37	8794	6017945	28S
8836	C	CGGT/T/TGGC/CGGC	TGGC	INDEL	chr13	chr13_operon_6	6009152	6022533	37	8799	6017950	28S
8842	C	T	C	SNP	chr13	chr13_operon_6	6009152	6022533	37	8805	6017956	28S
8846	GG	-	GG	INDEL	chr13	chr13_operon_6	6009152	6022533	37	8809	6017960	28S
8848	C	/CGGG/CGGC	CGGC	INDEL	chr13	chr13_operon_6	6009152	6022533	37	8811	6017962	28S
8867	A	AC	AC	INDEL	chr13	chr13_operon_6	6009152	6022533	37	8830	6017981	28S
8886	G	GC	G-	INDEL	chr13	chr13_operon_6	6009152	6022533	37	8849	6018000	28S
9108	G	T	G	SNP	chr13	chr13_operon_6	6009152	6022533	38	9070	6018221	28S
9120	C	T	C	SNP	chr13	chr13_operon_6	6009152	6022533	38	9082	6018233	28S
9186	G	-	-	INDEL	chr13	chr13_operon_6	6009152	6022533	38	9148	6018299	28S
10121	G	GGGC/GGGCGGC	GGGCGGC	INDEL	chr13	chr13_operon_6	6009152	6022533	39	10082	6019233	28S
10128	GGC	-	GGC	INDEL	chr13	chr13_operon_6	6009152	6022533	39	10089	6019240	28S
10137	GGCG	-	GGCG	INDEL	chr13	chr13_operon_6	6009152	6022533	39	10098	6019249	28S
10141	G	GC/	GC	INDEL	chr13	chr13_operon_6	6009152	6022533	39	10102	6019253	28S
10143	C	-/G	G	SNP	chr13	chr13_operon_6	6009152	6022533	39	10104	6019255	28S
10144	G	-	G	INDEL	chr13	chr13_operon_6	6009152	6022533	39	10105	6019256	28S
10145	G	-/C	C	SNP	chr13	chr13_operon_6	6009152	6022533	39	10106	6019257	28S
10149	T	G	G	SNP	chr13	chr13_operon_6	6009152	6022533	39	10110	6019261	28S
10153	T	-	T	INDEL	chr13	chr13_operon_6	6009152	6022533	39	10114	6019265	28S
10155	G	T	G	SNP	chr13	chr13_operon_6	6009152	6022533	39	10116	6019267	28S
10157	G	T	G	SNP	chr13	chr13_operon_6	6009152	6022533	39	10118	6019269	28S
10158	T	G/C	T	SNP	chr13	chr13_operon_6	6009152	6022533	39	10119	6019270	28S
10159	C	-	C	INDEL	chr13	chr13_operon_6	6009152	6022533	39	10120	6019271	28S
10160	C	T/G	C	SNP	chr13	chr13_operon_6	6009152	6022533	39	10121	6019272	28S
10161	T	-	T	INDEL	chr13	chr13_operon_6	6009152	6022533	39	10122	6019273	28S
10162	C	T/-	T	SNP	chr13	chr13_operon_6	6009152	6022533	39	10123	6019274	28S
10163	C	-	C	INDEL	chr13	chr13_operon_6	6009152	6022533	39	10124	6019275	28S
10164	C	TCCC/CCC/CCCG/CCCC	CCCC	INDEL	chr13	chr13_operon_6	6009152	6022533	39	10125	6019276	28S
10168	C	-/G	G	SNP	chr13	chr13_operon_6	6009152	6022533	39	10129	6019280	28S
10169	C	-	C	INDEL	chr13	chr13_operon_6	6009152	6022533	39	10130	6019281	28S
10170	G	CCC/GCC/GC/CC/C	CC-	INDEL	chr13	chr13_operon_6	6009152	6022533	39	10131	6019282	28S
10399	G	GTT	G--	INDEL	chr13	chr13_operon_6	6009152	6022533	40	10359	6019510	28S
10447	T	C	C	SNP	chr13	chr13_operon_6	6009152	6022533	42	10405	6019556	28S
10942	G	GC	G-	INDEL	chr13	chr13_operon_6	6009152	6022533	42	10900	6020051	28S
10979	T	C	T	SNP	chr13	chr13_operon_6	6009152	6022533	43	10936	6020087	28S
11019	A	G	G	SNP	chr13	chr13_operon_6	6009152	6022533	43	10976	6020127	28S
11028	C	CCTCT/CCT	CCT--	INDEL	chr13	chr13_operon_6	6009152	6022533	43	10985	6020136	28S
11108	G	GGA	GGA	INDEL	chr13	chr13_operon_6	6009152	6022533	45	11063	6020214	28S
11126	G	T	G	SNP	chr13	chr13_operon_6	6009152	6022533	45	11081	6020232	28S
11143	G	GC	GC	INDEL	chr13	chr13_operon_6	6009152	6022533	45	11098	6020249	28S
11145	CCGCCGCGGGGCCCCGGCGGCGGGGG	-	CCGCCGCGGGGCCCCGGCGGCGGGGG	INDEL	chr13	chr13_operon_6	6009152	6022533	45	11100	6020251	28S
11316	C	-	-	INDEL	chr13	chr13_operon_6	6009152	6022533	45	11271	6020422	28S
11320	C	CCCC/CCCCCA/CC/CCCCA	CCCCCA	INDEL	chr13	chr13_operon_6	6009152	6022533	46	11274	6020425	28S
11336	A	G	A	SNP	chr13	chr13_operon_6	6009152	6022533	46	11290	6020441	28S
11398	C	T	C	SNP	chr13	chr13_operon_6	6009152	6022533	46	11352	6020503	28S
11476	C	CGCG/CGCGGCGGCG/CGCGGCG	CGCGGCGGCG	INDEL	chr13	chr13_operon_6	6009152	6022533	46	11430	6020581	28S
11492	GCGGCGGC	-	GCGGCGGC	INDEL	chr13	chr13_operon_6	6009152	6022533	46	11446	6020597	28S
11500	G	A/-	A	SNP	chr13	chr13_operon_6	6009152	6022533	46	11454	6020605	28S
11891	G	-	G	INDEL	chr13	chr13_operon_6	6009152	6022533	46	11845	6020996	28S
11979	C	T	C	SNP	chr13	chr13_operon_6	6009152	6022533	46	11933	6021084	28S
12345	T	TTTTGGG	T------	INDEL	chr13	chr13_operon_6	6009152	6022533	46	12299	6021450	28S
12797	G	GC/GCC	G--	INDEL	chr13	chr13_operon_6	6009152	6022533	52	12745	6021896	28S
12811	A	G	A	SNP	chr13	chr13_operon_6	6009152	6022533	54	12757	6021908	28S
12821	C	T	C	SNP	chr13	chr13_operon_6	6009152	6022533	54	12767	6021918	28S
12907	T	C	C	SNP	chr13	chr13_operon_6	6009152	6022533	54	12853	6022004	28S
13072	CG	-	--	INDEL	chr13	chr13_operon_6	6009152	6022533	54	13018	6022169	28S
13074	CG	-	--	INDEL	chr13	chr13_operon_6	6009152	6022533	56	13018	6022169	28S
13076	CGCG	-	CGCG	INDEL	chr13	chr13_operon_6	6009152	6022533	58	13018	6022169	28S
13080	C	CGCGC	CGCGC	INDEL	chr13	chr13_operon_6	6009152	6022533	58	13022	6022173	ETS_3p
13085	GCGC	-	GCGC	INDEL	chr13	chr13_operon_6	6009152	6022533	58	13027	6022178	ETS_3p
13089	GCGCGT	-	GCGCGT	INDEL	chr13	chr13_operon_6	6009152	6022533	58	13031	6022182	ETS_3p
13201	T	TGGG/TGG/TGGGGGTGGGG	TGGG-------	INDEL	chr13	chr13_operon_6	6009152	6022533	58	13143	6022294	ETS_3p
13415	T	TG	T-	INDEL	chr13	chr13_operon_6	6009152	6022533	65	13350	6022501	ETS_3p
7	A	G	A	SNP	chr13	chr13_operon_74	9201670	9215006	0	7	9201676	ETS_5p
139	T	C	C	SNP	chr13	chr13_operon_74	9201670	9215006	0	139	9201808	ETS_5p
640	G	T	T	SNP	chr13	chr13_operon_74	9201670	9215006	0	640	9202309	ETS_5p
777	C	CGG	CGG	INDEL	chr13	chr13_operon_74	9201670	9215006	0	777	9202446	ETS_5p
965	G	A	A	SNP	chr13	chr13_operon_74	9201670	9215006	0	965	9202634	ETS_5p
1293	C	G	C	SNP	chr13	chr13_operon_74	9201670	9215006	0	1293	9202962	ETS_5p
1327	C	T	C	SNP	chr13	chr13_operon_74	9201670	9215006	0	1327	9202996	ETS_5p
1512	G	GT	GT	INDEL	chr13	chr13_operon_74	9201670	9215006	0	1512	9203181	ETS_5p
1641	T	TC	TC	INDEL	chr13	chr13_operon_74	9201670	9215006	0	1641	9203310	ETS_5p
1687	G	GT	GT	INDEL	chr13	chr13_operon_74	9201670	9215006	0	1687	9203356	ETS_5p
1761	T	C	C	SNP	chr13	chr13_operon_74	9201670	9215006	0	1761	9203430	ETS_5p
1949	G	C	C	SNP	chr13	chr13_operon_74	9201670	9215006	0	1949	9203618	ETS_5p
1950	T	G	G	SNP	chr13	chr13_operon_74	9201670	9215006	0	1950	9203619	ETS_5p
2104	C	T	C	SNP	chr13	chr13_operon_74	9201670	9215006	0	2104	9203773	ETS_5p
2149	G	C	C	SNP	chr13	chr13_operon_74	9201670	9215006	0	2149	9203818	ETS_5p
2204	T	TCGCC	T----	INDEL	chr13	chr13_operon_74	9201670	9215006	0	2204	9203873	ETS_5p
2293	T	C	T	SNP	chr13	chr13_operon_74	9201670	9215006	4	2289	9203958	ETS_5p
2347	A	G	G	SNP	chr13	chr13_operon_74	9201670	9215006	4	2343	9204012	ETS_5p
2372	C	G	C	SNP	chr13	chr13_operon_74	9201670	9215006	4	2368	9204037	ETS_5p
2398	CGGTGGCGCCCCGCGTGGGGCC	-	----------------------	INDEL	chr13	chr13_operon_74	9201670	9215006	4	2394	9204063	ETS_5p
2432	C	A	C	SNP	chr13	chr13_operon_74	9201670	9215006	26	2406	9204075	ETS_5p
2501	T	TGCG/C	TGCG	INDEL	chr13	chr13_operon_74	9201670	9215006	26	2475	9204144	ETS_5p
2605	T	C	T	SNP	chr13	chr13_operon_74	9201670	9215006	26	2579	9204248	ETS_5p
2632	A	C	C	SNP	chr13	chr13_operon_74	9201670	9215006	26	2606	9204275	ETS_5p
2844	C	T	C	SNP	chr13	chr13_operon_74	9201670	9215006	26	2818	9204487	ETS_5p
3035	G	T	G	SNP	chr13	chr13_operon_74	9201670	9215006	26	3009	9204678	ETS_5p
3062	C	CG	CG	INDEL	chr13	chr13_operon_74	9201670	9215006	26	3036	9204705	ETS_5p
3219	C	A	A	SNP	chr13	chr13_operon_74	9201670	9215006	26	3193	9204862	ETS_5p
3313	CG	-	CG	INDEL	chr13	chr13_operon_74	9201670	9215006	26	3287	9204956	ETS_5p
3398	A	G	A	SNP	chr13	chr13_operon_74	9201670	9215006	26	3372	9205041	ETS_5p
3536	CCCGT	-	CCCGT	INDEL	chr13	chr13_operon_74	9201670	9215006	26	3510	9205179	ETS_5p
3541	CCGC	-	CCGC	INDEL	chr13	chr13_operon_74	9201670	9215006	26	3515	9205184	ETS_5p
3545	CCGTCC	-	CCGTCC	INDEL	chr13	chr13_operon_74	9201670	9215006	26	3519	9205188	ETS_5p
3551	GCGG	-	GCGG	INDEL	chr13	chr13_operon_74	9201670	9215006	26	3525	9205194	ETS_5p
3555	C	-/G	C	SNP	chr13	chr13_operon_74	9201670	9215006	26	3529	9205198	ETS_5p
3556	C	-	-	INDEL	chr13	chr13_operon_74	9201670	9215006	26	3530	9205199	ETS_5p
3557	C	G/-	-	SNP	chr13	chr13_operon_74	9201670	9215006	27	3530	9205199	ETS_5p
3558	G	-	-	INDEL	chr13	chr13_operon_74	9201670	9215006	28	3530	9205199	ETS_5p
3559	T	-/C	-	SNP	chr13	chr13_operon_74	9201670	9215006	29	3530	9205199	ETS_5p
3560	CCG	-	CCG	INDEL	chr13	chr13_operon_74	9201670	9215006	30	3530	9205199	ETS_5p
3563	T	-/C	T	SNP	chr13	chr13_operon_74	9201670	9215006	30	3533	9205202	ETS_5p
3654	C	A	C	SNP	chr13	chr13_operon_74	9201670	9215006	30	3624	9205293	ETS_5p
3666	T	-	T	INDEL	chr13	chr13_operon_74	9201670	9215006	30	3636	9205305	ETS_5p
4926	G	GGAA	G---	INDEL	chr13	chr13_operon_74	9201670	9215006	30	4896	9206565	18S
5572	G	GCGC	GCGC	INDEL	chr13	chr13_operon_74	9201670	9215006	33	5539	9207208	ITS1_repeat_region
5627	GCGCGT	-	GCGCGT	INDEL	chr13	chr13_operon_74	9201670	9215006	33	5594	9207263	ITS1_repeat_region
5661	T	C	C	SNP	chr13	chr13_operon_74	9201670	9215006	33	5628	9207297	ITS1_repeat_region
5669	C	CTCGT	C----	INDEL	chr13	chr13_operon_74	9201670	9215006	33	5636	9207305	ITS1_repeat_region
5717	A	G	A	SNP	chr13	chr13_operon_74	9201670	9215006	37	5680	9207349	ITS1_repeat_region
5735	G	-	G	INDEL	chr13	chr13_operon_74	9201670	9215006	37	5698	9207367	ITS1_repeat_region
5736	G	/GGA/GGAGA/AGAGA/GGGGA/GGAGAGAGA/GGAGAGA	GGAGAGAGA	INDEL	chr13	chr13_operon_74	9201670	9215006	37	5699	9207368	ITS1_repeat_region
5745	G	-	G	INDEL	chr13	chr13_operon_74	9201670	9215006	37	5708	9207377	ITS1_repeat_region
5746	A	-/G	A	SNP	chr13	chr13_operon_74	9201670	9215006	37	5709	9207378	ITS1_repeat_region
5747	GA	-	GA	INDEL	chr13	chr13_operon_74	9201670	9215006	37	5710	9207379	ITS1_repeat_region
5749	GA	-	GA	INDEL	chr13	chr13_operon_74	9201670	9215006	37	5712	9207381	ITS1_repeat_region
5751	G	-/C	G	SNP	chr13	chr13_operon_74	9201670	9215006	37	5714	9207383	ITS1_repeat_region
5752	A	-	A	INDEL	chr13	chr13_operon_74	9201670	9215006	37	5715	9207384	ITS1_repeat_region
5753	GA	-	GA	INDEL	chr13	chr13_operon_74	9201670	9215006	37	5716	9207385	ITS1_repeat_region
5756	A	T	A	SNP	chr13	chr13_operon_74	9201670	9215006	37	5719	9207388	ITS1_repeat_region
5758	A	G	A	SNP	chr13	chr13_operon_74	9201670	9215006	37	5721	9207390	ITS1_repeat_region
5760	AGA	-	AGA	INDEL	chr13	chr13_operon_74	9201670	9215006	37	5723	9207392	ITS1_repeat_region
5763	G	A/-	G	SNP	chr13	chr13_operon_74	9201670	9215006	37	5726	9207395	ITS1_repeat_region
5764	A	-	A	INDEL	chr13	chr13_operon_74	9201670	9215006	37	5727	9207396	ITS1_repeat_region
5765	A	G/-	G	SNP	chr13	chr13_operon_74	9201670	9215006	37	5728	9207397	ITS1_repeat_region
5837	A	C	C	SNP	chr13	chr13_operon_74	9201670	9215006	37	5800	9207469	ITS1_repeat_region
5850	G	A	G	SNP	chr13	chr13_operon_74	9201670	9215006	37	5813	9207482	ITS1_repeat_region
5902	T	TGG/TG	TG-	INDEL	chr13	chr13_operon_74	9201670	9215006	37	5865	9207534	ITS1_repeat_region
6000	C	T	C	SNP	chr13	chr13_operon_74	9201670	9215006	38	5962	9207631	ITS1_repeat_region
6115	G	GC	G-	INDEL	chr13	chr13_operon_74	9201670	9215006	38	6077	9207746	ITS1_repeat_region
6228	T	TC	T-	INDEL	chr13	chr13_operon_74	9201670	9215006	39	6189	9207858	ITS1_repeat_region
6247	G	A	G	SNP	chr13	chr13_operon_74	9201670	9215006	40	6207	9207876	ITS1_repeat_region
6306	C	A	C	SNP	chr13	chr13_operon_74	9201670	9215006	40	6266	9207935	ITS1_repeat_region
6307	C	CT	C-	INDEL	chr13	chr13_operon_74	9201670	9215006	40	6267	9207936	ITS1_repeat_region
6317	G	C	G	SNP	chr13	chr13_operon_74	9201670	9215006	41	6276	9207945	ITS1_repeat_region
6334	T	G	T	SNP	chr13	chr13_operon_74	9201670	9215006	41	6293	9207962	ITS1_repeat_region
6340	C	T	C	SNP	chr13	chr13_operon_74	9201670	9215006	41	6299	9207968	ITS1_repeat_region
6551	G	-	-	INDEL	chr13	chr13_operon_74	9201670	9215006	41	6510	9208179	ITS1_repeat_region
6552	G	-/C	-	SNP	chr13	chr13_operon_74	9201670	9215006	42	6510	9208179	ITS1_repeat_region
6557	C	TTG/GGC/T/GGG/G	GGC	INDEL	chr13	chr13_operon_74	9201670	9215006	43	6514	9208183	ITS1_repeat_region
6560	G	T	G	SNP	chr13	chr13_operon_74	9201670	9215006	43	6517	9208186	ITS1_repeat_region
6915	T	C	T	SNP	chr13	chr13_operon_74	9201670	9215006	43	6872	9208541	ITS2
6919	G	A	G	SNP	chr13	chr13_operon_74	9201670	9215006	43	6876	9208545	ITS2
6930	C	T	C	SNP	chr13	chr13_operon_74	9201670	9215006	43	6887	9208556	ITS2
6942	C	T	C	SNP	chr13	chr13_operon_74	9201670	9215006	43	6899	9208568	ITS2
6943	T	TC	TC	INDEL	chr13	chr13_operon_74	9201670	9215006	43	6900	9208569	ITS2
7195	C	CCGT	C---	INDEL	chr13	chr13_operon_74	9201670	9215006	43	7152	9208821	ITS2
7289	A	C	A	SNP	chr13	chr13_operon_74	9201670	9215006	46	7243	9208912	ITS2
7406	C	-	-	INDEL	chr13	chr13_operon_74	9201670	9215006	46	7360	9209029	ITS2
7428	G	GC	G-	INDEL	chr13	chr13_operon_74	9201670	9215006	47	7381	9209050	ITS2
7434	G	C	G	SNP	chr13	chr13_operon_74	9201670	9215006	48	7386	9209055	ITS2
7549	T	C	T	SNP	chr13	chr13_operon_74	9201670	9215006	48	7501	9209170	ITS2
7699	C	T	C	SNP	chr13	chr13_operon_74	9201670	9215006	48	7651	9209320	ITS2
7790	T	G	T	SNP	chr13	chr13_operon_74	9201670	9215006	48	7742	9209411	ITS2
7810	C	T	C	SNP	chr13	chr13_operon_74	9201670	9215006	48	7762	9209431	ITS2
7829	T	C	C	SNP	chr13	chr13_operon_74	9201670	9215006	48	7781	9209450	ITS2
7833	C	G	G	SNP	chr13	chr13_operon_74	9201670	9215006	48	7785	9209454	ITS2
7842	G	GC	GC	INDEL	chr13	chr13_operon_74	9201670	9215006	48	7794	9209463	ITS2
8024	A	G	A	SNP	chr13	chr13_operon_74	9201670	9215006	48	7976	9209645	28S
8622	C	G	G	SNP	chr13	chr13_operon_74	9201670	9215006	48	8574	9210243	28S
8728	CCGT	-	CCGT	INDEL	chr13	chr13_operon_74	9201670	9215006	48	8680	9210349	28S
8746	G	/GT	G-	INDEL	chr13	chr13_operon_74	9201670	9215006	48	8698	9210367	28S
8748	T	C/-	-	SNP	chr13	chr13_operon_74	9201670	9215006	49	8699	9210368	28S
8749	C	-	-	INDEL	chr13	chr13_operon_74	9201670	9215006	50	8699	9210368	28S
8750	C	G/-	-	SNP	chr13	chr13_operon_74	9201670	9215006	51	8699	9210368	28S
8813	GGC	-	GGC	INDEL	chr13	chr13_operon_74	9201670	9215006	52	8761	9210430	28S
8816	GGC	-	GGC	INDEL	chr13	chr13_operon_74	9201670	9215006	52	8764	9210433	28S
8827	T	CGGT/C	C---	INDEL	chr13	chr13_operon_74	9201670	9215006	52	8775	9210444	28S
8831	GGC	-	GGC	INDEL	chr13	chr13_operon_74	9201670	9215006	55	8776	9210445	28S
8836	C	CGGT/T/TGGC/CGGC	TGGC	INDEL	chr13	chr13_operon_74	9201670	9215006	55	8781	9210450	28S
8842	C	T	C	SNP	chr13	chr13_operon_74	9201670	9215006	55	8787	9210456	28S
8846	GG	-	GG	INDEL	chr13	chr13_operon_74	9201670	9215006	55	8791	9210460	28S
8848	C	/CGGG/CGGC	CGGG	INDEL	chr13	chr13_operon_74	9201670	9215006	55	8793	9210462	28S
8867	A	AC	AC	INDEL	chr13	chr13_operon_74	9201670	9215006	55	8812	9210481	28S
8886	G	GC	G-	INDEL	chr13	chr13_operon_74	9201670	9215006	55	8831	9210500	28S
9108	G	T	G	SNP	chr13	chr13_operon_74	9201670	9215006	56	9052	9210721	28S
9120	C	T	C	SNP	chr13	chr13_operon_74	9201670	9215006	56	9064	9210733	28S
9186	G	-	-	INDEL	chr13	chr13_operon_74	9201670	9215006	56	9130	9210799	28S
10121	G	GGGC/GGGCGGC	GGGCGGC	INDEL	chr13	chr13_operon_74	9201670	9215006	57	10064	9211733	28S
10128	GGC	-	GGC	INDEL	chr13	chr13_operon_74	9201670	9215006	57	10071	9211740	28S
10137	GGCG	-	GGCG	INDEL	chr13	chr13_operon_74	9201670	9215006	57	10080	9211749	28S
10141	G	GC/	G-	INDEL	chr13	chr13_operon_74	9201670	9215006	57	10084	9211753	28S
10143	C	-/G	-	SNP	chr13	chr13_operon_74	9201670	9215006	58	10085	9211754	28S
10144	G	-	-	INDEL	chr13	chr13_operon_74	9201670	9215006	59	10085	9211754	28S
10145	G	-/C	-	SNP	chr13	chr13_operon_74	9201670	9215006	60	10085	9211754	28S
10149	T	G	T	SNP	chr13	chr13_operon_74	9201670	9215006	61	10088	9211757	28S
10153	T	-	T	INDEL	chr13	chr13_operon_74	9201670	9215006	61	10092	9211761	28S
10155	G	T	G	SNP	chr13	chr13_operon_74	9201670	9215006	61	10094	9211763	28S
10157	G	T	G	SNP	chr13	chr13_operon_74	9201670	9215006	61	10096	9211765	28S
10158	T	G/C	T	SNP	chr13	chr13_operon_74	9201670	9215006	61	10097	9211766	28S
10159	C	-	C	INDEL	chr13	chr13_operon_74	9201670	9215006	61	10098	9211767	28S
10160	C	T/G	C	SNP	chr13	chr13_operon_74	9201670	9215006	61	10099	9211768	28S
10161	T	-	T	INDEL	chr13	chr13_operon_74	9201670	9215006	61	10100	9211769	28S
10162	C	T/-	C	SNP	chr13	chr13_operon_74	9201670	9215006	61	10101	9211770	28S
10163	C	-	C	INDEL	chr13	chr13_operon_74	9201670	9215006	61	10102	9211771	28S
10164	C	TCCC/CCC/CCCG/CCCC	C---	INDEL	chr13	chr13_operon_74	9201670	9215006	61	10103	9211772	28S
10168	C	-/G	C	SNP	chr13	chr13_operon_74	9201670	9215006	64	10104	9211773	28S
10169	C	-	C	INDEL	chr13	chr13_operon_74	9201670	9215006	64	10105	9211774	28S
10170	G	CCC/GCC/GC/CC/C	GCC	INDEL	chr13	chr13_operon_74	9201670	9215006	64	10106	9211775	28S
10399	G	GTT	G--	INDEL	chr13	chr13_operon_74	9201670	9215006	64	10335	9212004	28S
10447	T	C	C	SNP	chr13	chr13_operon_74	9201670	9215006	66	10381	9212050	28S
10942	G	GC	G-	INDEL	chr13	chr13_operon_74	9201670	9215006	66	10876	9212545	28S
10979	T	C	T	SNP	chr13	chr13_operon_74	9201670	9215006	67	10912	9212581	28S
11019	A	G	A	SNP	chr13	chr13_operon_74	9201670	9215006	67	10952	9212621	28S
11028	C	CCTCT/CCT	C----	INDEL	chr13	chr13_operon_74	9201670	9215006	67	10961	9212630	28S
11108	G	GGA	G--	INDEL	chr13	chr13_operon_74	9201670	9215006	71	11037	9212706	28S
11126	G	T	G	SNP	chr13	chr13_operon_74	9201670	9215006	73	11053	9212722	28S
11143	G	GC	G-	INDEL	chr13	chr13_operon_74	9201670	9215006	73	11070	9212739	28S
11145	CCGCCGCGGGGCCCCGGCGGCGGGGG	-	CCGCCGCGGGGCCCCGGCGGCGGGGG	INDEL	chr13	chr13_operon_74	9201670	9215006	74	11071	9212740	28S
11316	C	-	C	INDEL	chr13	chr13_operon_74	9201670	9215006	74	11242	9212911	28S
11320	C	CCCC/CCCCCA/CC/CCCCA	CCCC--	INDEL	chr13	chr13_operon_74	9201670	9215006	74	11246	9212915	28S
11336	A	G	A	SNP	chr13	chr13_operon_74	9201670	9215006	76	11260	9212929	28S
11398	C	T	C	SNP	chr13	chr13_operon_74	9201670	9215006	76	11322	9212991	28S
11476	C	CGCG/CGCGGCGGCG/CGCGGCG	CGCGGCGGCG	INDEL	chr13	chr13_operon_74	9201670	9215006	76	11400	9213069	28S
11492	GCGGCGGC	-	--------	INDEL	chr13	chr13_operon_74	9201670	9215006	76	11416	9213085	28S
11500	G	A/-	-	SNP	chr13	chr13_operon_74	9201670	9215006	84	11416	9213085	28S
11891	G	-	G	INDEL	chr13	chr13_operon_74	9201670	9215006	85	11806	9213475	28S
11979	C	T	C	SNP	chr13	chr13_operon_74	9201670	9215006	85	11894	9213563	28S
12345	T	TTTTGGG	T------	INDEL	chr13	chr13_operon_74	9201670	9215006	85	12260	9213929	28S
12797	G	GC/GCC	G--	INDEL	chr13	chr13_operon_74	9201670	9215006	91	12706	9214375	28S
12811	A	G	A	SNP	chr13	chr13_operon_74	9201670	9215006	93	12718	9214387	28S
12821	C	T	C	SNP	chr13	chr13_operon_74	9201670	9215006	93	12728	9214397	28S
12907	T	C	C	SNP	chr13	chr13_operon_74	9201670	9215006	93	12814	9214483	28S
13072	CG	-	CG	INDEL	chr13	chr13_operon_74	9201670	9215006	93	12979	9214648	28S
13074	CG	-	CG	INDEL	chr13	chr13_operon_74	9201670	9215006	93	12981	9214650	ETS_3p
13076	CGCG	-	CGCG	INDEL	chr13	chr13_operon_74	9201670	9215006	93	12983	9214652	ETS_3p
13080	C	CGCGC	C----	INDEL	chr13	chr13_operon_74	9201670	9215006	93	12987	9214656	ETS_3p
13085	GCGC	-	----	INDEL	chr13	chr13_operon_74	9201670	9215006	97	12988	9214657	ETS_3p
13089	GCGCGT	-	GCGCGT	INDEL	chr13	chr13_operon_74	9201670	9215006	101	12988	9214657	ETS_3p
13201	T	TGGG/TGG/TGGGGGTGGGG	T----------	INDEL	chr13	chr13_operon_74	9201670	9215006	101	13100	9214769	ETS_3p
13415	T	TG	TG	INDEL	chr13	chr13_operon_74	9201670	9215006	111	13304	9214973	ETS_3p
7	A	G	A	SNP	chr13	chr13_operon_75	9246540	9259894	0	7	9246546	ETS_5p
139	T	C	C	SNP	chr13	chr13_operon_75	9246540	9259894	0	139	9246678	ETS_5p
640	G	T	G	SNP	chr13	chr13_operon_75	9246540	9259894	0	640	9247179	ETS_5p
777	C	CGG	C--	INDEL	chr13	chr13_operon_75	9246540	9259894	0	777	9247316	ETS_5p
965	G	A	A	SNP	chr13	chr13_operon_75	9246540	9259894	2	963	9247502	ETS_5p
1293	C	G	C	SNP	chr13	chr13_operon_75	9246540	9259894	2	1291	9247830	ETS_5p
1327	C	T	C	SNP	chr13	chr13_operon_75	9246540	9259894	2	1325	9247864	ETS_5p
1512	G	GT	GT	INDEL	chr13	chr13_operon_75	9246540	9259894	2	1510	9248049	ETS_5p
1641	T	TC	TC	INDEL	chr13	chr13_operon_75	9246540	9259894	2	1639	9248178	ETS_5p
1687	G	GT	GT	INDEL	chr13	chr13_operon_75	9246540	9259894	2	1685	9248224	ETS_5p
1761	T	C	C	SNP	chr13	chr13_operon_75	9246540	9259894	2	1759	9248298	ETS_5p
1949	G	C	C	SNP	chr13	chr13_operon_75	9246540	9259894	2	1947	9248486	ETS_5p
1950	T	G	G	SNP	chr13	chr13_operon_75	9246540	9259894	2	1948	9248487	ETS_5p
2104	C	T	C	SNP	chr13	chr13_operon_75	9246540	9259894	2	2102	9248641	ETS_5p
2149	G	C	C	SNP	chr13	chr13_operon_75	9246540	9259894	2	2147	9248686	ETS_5p
2204	T	TCGCC	T----	INDEL	chr13	chr13_operon_75	9246540	9259894	2	2202	9248741	ETS_5p
2293	T	C	T	SNP	chr13	chr13_operon_75	9246540	9259894	6	2287	9248826	ETS_5p
2347	A	G	A	SNP	chr13	chr13_operon_75	9246540	9259894	6	2341	9248880	ETS_5p
2372	C	G	C	SNP	chr13	chr13_operon_75	9246540	9259894	6	2366	9248905	ETS_5p
2398	CGGTGGCGCCCCGCGTGGGGCC	-	CGGTGGCGCCCCGCGTGGGGCC	INDEL	chr13	chr13_operon_75	9246540	9259894	6	2392	9248931	ETS_5p
2432	C	A	A	SNP	chr13	chr13_operon_75	9246540	9259894	6	2426	9248965	ETS_5p
2501	T	TGCG/C	T---	INDEL	chr13	chr13_operon_75	9246540	9259894	6	2495	9249034	ETS_5p
2605	T	C	T	SNP	chr13	chr13_operon_75	9246540	9259894	9	2596	9249135	ETS_5p
2632	A	C	A	SNP	chr13	chr13_operon_75	9246540	9259894	9	2623	9249162	ETS_5p
2844	C	T	C	SNP	chr13	chr13_operon_75	9246540	9259894	9	2835	9249374	ETS_5p
3035	G	T	G	SNP	chr13	chr13_operon_75	9246540	9259894	9	3026	9249565	ETS_5p
3062	C	CG	C-	INDEL	chr13	chr13_operon_75	9246540	9259894	9	3053	9249592	ETS_5p
3219	C	A	C	SNP	chr13	chr13_operon_75	9246540	9259894	10	3209	9249748	ETS_5p
3313	CG	-	CG	INDEL	chr13	chr13_operon_75	9246540	9259894	10	3303	9249842	ETS_5p
3398	A	G	A	SNP	chr13	chr13_operon_75	9246540	9259894	10	3388	9249927	ETS_5p
3536	CCCGT	-	CCCGT	INDEL	chr13	chr13_operon_75	9246540	9259894	10	3526	9250065	ETS_5p
3541	CCGC	-	CCGC	INDEL	chr13	chr13_operon_75	9246540	9259894	10	3531	9250070	ETS_5p
3545	CCGTCC	-	CCGTCC	INDEL	chr13	chr13_operon_75	9246540	9259894	10	3535	9250074	ETS_5p
3551	GCGG	-	----	INDEL	chr13	chr13_operon_75	9246540	9259894	10	3541	9250080	ETS_5p
3555	C	-/G	G	SNP	chr13	chr13_operon_75	9246540	9259894	14	3541	9250080	ETS_5p
3556	C	-	C	INDEL	chr13	chr13_operon_75	9246540	9259894	14	3542	9250081	ETS_5p
3557	C	G/-	G	SNP	chr13	chr13_operon_75	9246540	9259894	14	3543	9250082	ETS_5p
3558	G	-	G	INDEL	chr13	chr13_operon_75	9246540	9259894	14	3544	9250083	ETS_5p
3559	T	-/C	C	SNP	chr13	chr13_operon_75	9246540	9259894	14	3545	9250084	ETS_5p
3560	CCG	-	CCG	INDEL	chr13	chr13_operon_75	9246540	9259894	14	3546	9250085	ETS_5p
3563	T	-/C	T	SNP	chr13	chr13_operon_75	9246540	9259894	14	3549	9250088	ETS_5p
3654	C	A	C	SNP	chr13	chr13_operon_75	9246540	9259894	14	3640	9250179	ETS_5p
3666	T	-	T	INDEL	chr13	chr13_operon_75	9246540	9259894	14	3652	9250191	ETS_5p
4926	G	GGAA	G---	INDEL	chr13	chr13_operon_75	9246540	9259894	14	4912	9251451	18S
5572	G	GCGC	GCGC	INDEL	chr13	chr13_operon_75	9246540	9259894	17	5555	9252094	ITS1_repeat_region
5627	GCGCGT	-	GCGCGT	INDEL	chr13	chr13_operon_75	9246540	9259894	17	5610	9252149	ITS1_repeat_region
5661	T	C	T	SNP	chr13	chr13_operon_75	9246540	9259894	17	5644	9252183	ITS1_repeat_region
5669	C	CTCGT	C----	INDEL	chr13	chr13_operon_75	9246540	9259894	17	5652	9252191	ITS1_repeat_region
5717	A	G	G	SNP	chr13	chr13_operon_75	9246540	9259894	21	5696	9252235	ITS1_repeat_region
5735	G	-	G	INDEL	chr13	chr13_operon_75	9246540	9259894	21	5714	9252253	ITS1_repeat_region
5736	G	/GGA/GGAGA/AGAGA/GGGGA/GGAGAGAGA/GGAGAGA	GGAGA----	INDEL	chr13	chr13_operon_75	9246540	9259894	21	5715	9252254	ITS1_repeat_region
5745	G	-	-	INDEL	chr13	chr13_operon_75	9246540	9259894	25	5720	9252259	ITS1_repeat_region
5746	A	-/G	-	SNP	chr13	chr13_operon_75	9246540	9259894	26	5720	9252259	ITS1_repeat_region
5747	GA	-	GA	INDEL	chr13	chr13_operon_75	9246540	9259894	27	5720	9252259	ITS1_repeat_region
5749	GA	-	GA	INDEL	chr13	chr13_operon_75	9246540	9259894	27	5722	9252261	ITS1_repeat_region
5751	G	-/C	C	SNP	chr13	chr13_operon_75	9246540	9259894	27	5724	9252263	ITS1_repeat_region
5752	A	-	A	INDEL	chr13	chr13_operon_75	9246540	9259894	27	5725	9252264	ITS1_repeat_region
5753	GA	-	GA	INDEL	chr13	chr13_operon_75	9246540	9259894	27	5726	9252265	ITS1_repeat_region
5756	A	T	A	SNP	chr13	chr13_operon_75	9246540	9259894	27	5729	9252268	ITS1_repeat_region
5758	A	G	A	SNP	chr13	chr13_operon_75	9246540	9259894	27	5731	9252270	ITS1_repeat_region
5760	AGA	-	AGA	INDEL	chr13	chr13_operon_75	9246540	9259894	27	5733	9252272	ITS1_repeat_region
5763	G	A/-	G	SNP	chr13	chr13_operon_75	9246540	9259894	27	5736	9252275	ITS1_repeat_region
5764	A	-	A	INDEL	chr13	chr13_operon_75	9246540	9259894	27	5737	9252276	ITS1_repeat_region
5765	A	G/-	G	SNP	chr13	chr13_operon_75	9246540	9259894	27	5738	9252277	ITS1_repeat_region
5837	A	C	C	SNP	chr13	chr13_operon_75	9246540	9259894	27	5810	9252349	ITS1_repeat_region
5850	G	A	A	SNP	chr13	chr13_operon_75	9246540	9259894	27	5823	9252362	ITS1_repeat_region
5902	T	TGG/TG	TG-	INDEL	chr13	chr13_operon_75	9246540	9259894	27	5875	9252414	ITS1_repeat_region
6000	C	T	C	SNP	chr13	chr13_operon_75	9246540	9259894	28	5972	9252511	ITS1_repeat_region
6115	G	GC	GC	INDEL	chr13	chr13_operon_75	9246540	9259894	28	6087	9252626	ITS1_repeat_region
6228	T	TC	T-	INDEL	chr13	chr13_operon_75	9246540	9259894	28	6200	9252739	ITS1_repeat_region
6247	G	A	G	SNP	chr13	chr13_operon_75	9246540	9259894	29	6218	9252757	ITS1_repeat_region
6306	C	A	C	SNP	chr13	chr13_operon_75	9246540	9259894	29	6277	9252816	ITS1_repeat_region
6307	C	CT	CT	INDEL	chr13	chr13_operon_75	9246540	9259894	29	6278	9252817	ITS1_repeat_region
6317	G	C	G	SNP	chr13	chr13_operon_75	9246540	9259894	29	6288	9252827	ITS1_repeat_region
6334	T	G	T	SNP	chr13	chr13_operon_75	9246540	9259894	29	6305	9252844	ITS1_repeat_region
6340	C	T	C	SNP	chr13	chr13_operon_75	9246540	9259894	29	6311	9252850	ITS1_repeat_region
6551	G	-	G	INDEL	chr13	chr13_operon_75	9246540	9259894	29	6522	9253061	ITS1_repeat_region
6552	G	-/C	C	SNP	chr13	chr13_operon_75	9246540	9259894	29	6523	9253062	ITS1_repeat_region
6557	C	TTG/GGC/T/GGG/G	G--	INDEL	chr13	chr13_operon_75	9246540	9259894	29	6528	9253067	ITS1_repeat_region
6560	G	T	G	SNP	chr13	chr13_operon_75	9246540	9259894	31	6529	9253068	ITS1_repeat_region
6915	T	C	T	SNP	chr13	chr13_operon_75	9246540	9259894	31	6884	9253423	ITS2
6919	G	A	G	SNP	chr13	chr13_operon_75	9246540	9259894	31	6888	9253427	ITS2
6930	C	T	C	SNP	chr13	chr13_operon_75	9246540	9259894	31	6899	9253438	ITS2
6942	C	T	C	SNP	chr13	chr13_operon_75	9246540	9259894	31	6911	9253450	ITS2
6943	T	TC	TC	INDEL	chr13	chr13_operon_75	9246540	9259894	31	6912	9253451	ITS2
7195	C	CCGT	CCGT	INDEL	chr13	chr13_operon_75	9246540	9259894	31	7164	9253703	ITS2
7289	A	C	A	SNP	chr13	chr13_operon_75	9246540	9259894	31	7258	9253797	ITS2
7406	C	-	-	INDEL	chr13	chr13_operon_75	9246540	9259894	31	7375	9253914	ITS2
7428	G	GC	G-	INDEL	chr13	chr13_operon_75	9246540	9259894	32	7396	9253935	ITS2
7434	G	C	G	SNP	chr13	chr13_operon_75	9246540	9259894	33	7401	9253940	ITS2
7549	T	C	T	SNP	chr13	chr13_operon_75	9246540	9259894	33	7516	9254055	ITS2
7699	C	T	C	SNP	chr13	chr13_operon_75	9246540	9259894	33	7666	9254205	ITS2
7790	T	G	T	SNP	chr13	chr13_operon_75	9246540	9259894	33	7757	9254296	ITS2
7810	C	T	C	SNP	chr13	chr13_operon_75	9246540	9259894	33	7777	9254316	ITS2
7829	T	C	T	SNP	chr13	chr13_operon_75	9246540	9259894	33	7796	9254335	ITS2
7833	C	G	G	SNP	chr13	chr13_operon_75	9246540	9259894	33	7800	9254339	ITS2
7842	G	GC	GC	INDEL	chr13	chr13_operon_75	9246540	9259894	33	7809	9254348	ITS2
8024	A	G	G	SNP	chr13	chr13_operon_75	9246540	9259894	33	7991	9254530	28S
8622	C	G	C	SNP	chr13	chr13_operon_75	9246540	9259894	33	8589	9255128	28S
8728	CCGT	-	CCGT	INDEL	chr13	chr13_operon_75	9246540	9259894	33	8695	9255234	28S
8746	G	/GT	--	INDEL	chr13	chr13_operon_75	9246540	9259894	33	8713	9255252	28S
8748	T	C/-	-	SNP	chr13	chr13_operon_75	9246540	9259894	35	8713	9255252	28S
8749	C	-	-	INDEL	chr13	chr13_operon_75	9246540	9259894	36	8713	9255252	28S
8750	C	G/-	-	SNP	chr13	chr13_operon_75	9246540	9259894	37	8713	9255252	28S
8813	GGC	-	---	INDEL	chr13	chr13_operon_75	9246540	9259894	38	8775	9255314	28S
8816	GGC	-	GGC	INDEL	chr13	chr13_operon_75	9246540	9259894	41	8775	9255314	28S
8827	T	CGGT/C	C---	INDEL	chr13	chr13_operon_75	9246540	9259894	41	8786	9255325	28S
8831	GGC	-	GGC	INDEL	chr13	chr13_operon_75	9246540	9259894	44	8787	9255326	28S
8836	C	CGGT/T/TGGC/CGGC	TGGC	INDEL	chr13	chr13_operon_75	9246540	9259894	44	8792	9255331	28S
8842	C	T	C	SNP	chr13	chr13_operon_75	9246540	9259894	44	8798	9255337	28S
8846	GG	-	GG	INDEL	chr13	chr13_operon_75	9246540	9259894	44	8802	9255341	28S
8848	C	/CGGG/CGGC	CGGC	INDEL	chr13	chr13_operon_75	9246540	9259894	44	8804	9255343	28S
8867	A	AC	AC	INDEL	chr13	chr13_operon_75	9246540	9259894	44	8823	9255362	28S
8886	G	GC	G-	INDEL	chr13	chr13_operon_75	9246540	9259894	44	8842	9255381	28S
9108	G	T	T	SNP	chr13	chr13_operon_75	9246540	9259894	45	9063	9255602	28S
9120	C	T	C	SNP	chr13	chr13_operon_75	9246540	9259894	45	9075	9255614	28S
9186	G	-	-	INDEL	chr13	chr13_operon_75	9246540	9259894	45	9141	9255680	28S
10121	G	GGGC/GGGCGGC	GGGCGGC	INDEL	chr13	chr13_operon_75	9246540	9259894	46	10075	9256614	28S
10128	GGC	-	GGC	INDEL	chr13	chr13_operon_75	9246540	9259894	46	10082	9256621	28S
10137	GGCG	-	GGCG	INDEL	chr13	chr13_operon_75	9246540	9259894	46	10091	9256630	28S
10141	G	GC/	G-	INDEL	chr13	chr13_operon_75	9246540	9259894	46	10095	9256634	28S
10143	C	-/G	-	SNP	chr13	chr13_operon_75	9246540	9259894	47	10096	9256635	28S
10144	G	-	-	INDEL	chr13	chr13_operon_75	9246540	9259894	48	10096	9256635	28S
10145	G	-/C	C	SNP	chr13	chr13_operon_75	9246540	9259894	49	10096	9256635	28S
10149	T	G	G	SNP	chr13	chr13_operon_75	9246540	9259894	49	10100	9256639	28S
10153	T	-	T	INDEL	chr13	chr13_operon_75	9246540	9259894	49	10104	9256643	28S
10155	G	T	G	SNP	chr13	chr13_operon_75	9246540	9259894	49	10106	9256645	28S
10157	G	T	G	SNP	chr13	chr13_operon_75	9246540	9259894	49	10108	9256647	28S
10158	T	G/C	T	SNP	chr13	chr13_operon_75	9246540	9259894	49	10109	9256648	28S
10159	C	-	C	INDEL	chr13	chr13_operon_75	9246540	9259894	49	10110	9256649	28S
10160	C	T/G	C	SNP	chr13	chr13_operon_75	9246540	9259894	49	10111	9256650	28S
10161	T	-	T	INDEL	chr13	chr13_operon_75	9246540	9259894	49	10112	9256651	28S
10162	C	T/-	T	SNP	chr13	chr13_operon_75	9246540	9259894	49	10113	9256652	28S
10163	C	-	C	INDEL	chr13	chr13_operon_75	9246540	9259894	49	10114	9256653	28S
10164	C	TCCC/CCC/CCCG/CCCC	CCCC	INDEL	chr13	chr13_operon_75	9246540	9259894	49	10115	9256654	28S
10168	C	-/G	G	SNP	chr13	chr13_operon_75	9246540	9259894	49	10119	9256658	28S
10169	C	-	C	INDEL	chr13	chr13_operon_75	9246540	9259894	49	10120	9256659	28S
10170	G	CCC/GCC/GC/CC/C	CCC	INDEL	chr13	chr13_operon_75	9246540	9259894	49	10121	9256660	28S
10399	G	GTT	G--	INDEL	chr13	chr13_operon_75	9246540	9259894	49	10350	9256889	28S
10447	T	C	C	SNP	chr13	chr13_operon_75	9246540	9259894	51	10396	9256935	28S
10942	G	GC	G-	INDEL	chr13	chr13_operon_75	9246540	9259894	51	10891	9257430	28S
10979	T	C	T	SNP	chr13	chr13_operon_75	9246540	9259894	52	10927	9257466	28S
11019	A	G	A	SNP	chr13	chr13_operon_75	9246540	9259894	52	10967	9257506	28S
11028	C	CCTCT/CCT	C----	INDEL	chr13	chr13_operon_75	9246540	9259894	52	10976	9257515	28S
11108	G	GGA	G--	INDEL	chr13	chr13_operon_75	9246540	9259894	56	11052	9257591	28S
11126	G	T	T	SNP	chr13	chr13_operon_75	9246540	9259894	58	11068	9257607	28S
11143	G	GC	GC	INDEL	chr13	chr13_operon_75	9246540	9259894	58	11085	9257624	28S
11145	CCGCCGCGGGGCCCCGGCGGCGGGGG	-	CCGCCGCGGGGCCCCGGCGGCGGGGG	INDEL	chr13	chr13_operon_75	9246540	9259894	58	11087	9257626	28S
11316	C	-	C	INDEL	chr13	chr13_operon_75	9246540	9259894	58	11258	9257797	28S
11320	C	CCCC/CCCCCA/CC/CCCCA	CCCCCA	INDEL	chr13	chr13_operon_75	9246540	9259894	58	11262	9257801	28S
11336	A	G	A	SNP	chr13	chr13_operon_75	9246540	9259894	58	11278	9257817	28S
11398	C	T	T	SNP	chr13	chr13_operon_75	9246540	9259894	58	11340	9257879	28S
11476	C	CGCG/CGCGGCGGCG/CGCGGCG	CGCG------	INDEL	chr13	chr13_operon_75	9246540	9259894	58	11418	9257957	28S
11492	GCGGCGGC	-	GCGGCGGC	INDEL	chr13	chr13_operon_75	9246540	9259894	64	11428	9257967	28S
11500	G	A/-	A	SNP	chr13	chr13_operon_75	9246540	9259894	64	11436	9257975	28S
11891	G	-	G	INDEL	chr13	chr13_operon_75	9246540	9259894	64	11827	9258366	28S
11979	C	T	C	SNP	chr13	chr13_operon_75	9246540	9259894	64	11915	9258454	28S
12345	T	TTTTGGG	T------	INDEL	chr13	chr13_operon_75	9246540	9259894	64	12281	9258820	28S
12797	G	GC/GCC	G--	INDEL	chr13	chr13_operon_75	9246540	9259894	70	12727	9259266	28S
12811	A	G	A	SNP	chr13	chr13_operon_75	9246540	9259894	72	12739	9259278	28S
12821	C	T	C	SNP	chr13	chr13_operon_75	9246540	9259894	72	12749	9259288	28S
12907	T	C	C	SNP	chr13	chr13_operon_75	9246540	9259894	72	12835	9259374	28S
13072	CG	-	CG	INDEL	chr13	chr13_operon_75	9246540	9259894	72	13000	9259539	28S
13074	CG	-	CG	INDEL	chr13	chr13_operon_75	9246540	9259894	72	13002	9259541	ETS_3p
13076	CGCG	-	CGCG	INDEL	chr13	chr13_operon_75	9246540	9259894	72	13004	9259543	ETS_3p
13080	C	CGCGC	CGCGC	INDEL	chr13	chr13_operon_75	9246540	9259894	72	13008	9259547	ETS_3p
13085	GCGC	-	----	INDEL	chr13	chr13_operon_75	9246540	9259894	72	13013	9259552	ETS_3p
13089	GCGCGT	-	------	INDEL	chr13	chr13_operon_75	9246540	9259894	76	13013	9259552	ETS_3p
13201	T	TGGG/TGG/TGGGGGTGGGG	T----------	INDEL	chr13	chr13_operon_75	9246540	9259894	82	13119	9259658	ETS_3p
13415	T	TG	T-	INDEL	chr13	chr13_operon_75	9246540	9259894	92	13323	9259862	ETS_3p
7	A	G	A	SNP	chr13	chr13_operon_76	9295789	9309130	0	7	9295795	ETS_5p
139	T	C	T	SNP	chr13	chr13_operon_76	9295789	9309130	0	139	9295927	ETS_5p
640	G	T	T	SNP	chr13	chr13_operon_76	9295789	9309130	0	640	9296428	ETS_5p
777	C	CGG	C--	INDEL	chr13	chr13_operon_76	9295789	9309130	0	777	9296565	ETS_5p
965	G	A	A	SNP	chr13	chr13_operon_76	9295789	9309130	2	963	9296751	ETS_5p
1293	C	G	C	SNP	chr13	chr13_operon_76	9295789	9309130	2	1291	9297079	ETS_5p
1327	C	T	C	SNP	chr13	chr13_operon_76	9295789	9309130	2	1325	9297113	ETS_5p
1512	G	GT	G-	INDEL	chr13	chr13_operon_76	9295789	9309130	2	1510	9297298	ETS_5p
1641	T	TC	T-	INDEL	chr13	chr13_operon_76	9295789	9309130	3	1638	9297426	ETS_5p
1687	G	GT	G-	INDEL	chr13	chr13_operon_76	9295789	9309130	4	1683	9297471	ETS_5p
1761	T	C	T	SNP	chr13	chr13_operon_76	9295789	9309130	5	1756	9297544	ETS_5p
1949	G	C	G	SNP	chr13	chr13_operon_76	9295789	9309130	5	1944	9297732	ETS_5p
1950	T	G	T	SNP	chr13	chr13_operon_76	9295789	9309130	5	1945	9297733	ETS_5p
2104	C	T	C	SNP	chr13	chr13_operon_76	9295789	9309130	5	2099	9297887	ETS_5p
2149	G	C	C	SNP	chr13	chr13_operon_76	9295789	9309130	5	2144	9297932	ETS_5p
2204	T	TCGCC	T----	INDEL	chr13	chr13_operon_76	9295789	9309130	5	2199	9297987	ETS_5p
2293	T	C	T	SNP	chr13	chr13_operon_76	9295789	9309130	9	2284	9298072	ETS_5p
2347	A	G	A	SNP	chr13	chr13_operon_76	9295789	9309130	9	2338	9298126	ETS_5p
2372	C	G	C	SNP	chr13	chr13_operon_76	9295789	9309130	9	2363	9298151	ETS_5p
2398	CGGTGGCGCCCCGCGTGGGGCC	-	CGGTGGCGCCCCGCGTGGGGCC	INDEL	chr13	chr13_operon_76	9295789	9309130	9	2389	9298177	ETS_5p
2432	C	A	A	SNP	chr13	chr13_operon_76	9295789	9309130	9	2423	9298211	ETS_5p
2501	T	TGCG/C	T---	INDEL	chr13	chr13_operon_76	9295789	9309130	9	2492	9298280	ETS_5p
2605	T	C	T	SNP	chr13	chr13_operon_76	9295789	9309130	12	2593	9298381	ETS_5p
2632	A	C	A	SNP	chr13	chr13_operon_76	9295789	9309130	12	2620	9298408	ETS_5p
2844	C	T	C	SNP	chr13	chr13_operon_76	9295789	9309130	12	2832	9298620	ETS_5p
3035	G	T	G	SNP	chr13	chr13_operon_76	9295789	9309130	12	3023	9298811	ETS_5p
3062	C	CG	C-	INDEL	chr13	chr13_operon_76	9295789	9309130	12	3050	9298838	ETS_5p
3219	C	A	C	SNP	chr13	chr13_operon_76	9295789	9309130	13	3206	9298994	ETS_5p
3313	CG	-	CG	INDEL	chr13	chr13_operon_76	9295789	9309130	13	3300	9299088	ETS_5p
3398	A	G	A	SNP	chr13	chr13_operon_76	9295789	9309130	13	3385	9299173	ETS_5p
3536	CCCGT	-	CCCGT	INDEL	chr13	chr13_operon_76	9295789	9309130	13	3523	9299311	ETS_5p
3541	CCGC	-	CCGC	INDEL	chr13	chr13_operon_76	9295789	9309130	13	3528	9299316	ETS_5p
3545	CCGTCC	-	CCGTCC	INDEL	chr13	chr13_operon_76	9295789	9309130	13	3532	9299320	ETS_5p
3551	GCGG	-	GCGG	INDEL	chr13	chr13_operon_76	9295789	9309130	13	3538	9299326	ETS_5p
3555	C	-/G	C	SNP	chr13	chr13_operon_76	9295789	9309130	13	3542	9299330	ETS_5p
3556	C	-	-	INDEL	chr13	chr13_operon_76	9295789	9309130	13	3543	9299331	ETS_5p
3557	C	G/-	-	SNP	chr13	chr13_operon_76	9295789	9309130	14	3543	9299331	ETS_5p
3558	G	-	-	INDEL	chr13	chr13_operon_76	9295789	9309130	15	3543	9299331	ETS_5p
3559	T	-/C	-	SNP	chr13	chr13_operon_76	9295789	9309130	16	3543	9299331	ETS_5p
3560	CCG	-	CCG	INDEL	chr13	chr13_operon_76	9295789	9309130	17	3543	9299331	ETS_5p
3563	T	-/C	T	SNP	chr13	chr13_operon_76	9295789	9309130	17	3546	9299334	ETS_5p
3654	C	A	C	SNP	chr13	chr13_operon_76	9295789	9309130	17	3637	9299425	ETS_5p
3666	T	-	T	INDEL	chr13	chr13_operon_76	9295789	9309130	17	3649	9299437	ETS_5p
4926	G	GGAA	G---	INDEL	chr13	chr13_operon_76	9295789	9309130	17	4909	9300697	18S
5572	G	GCGC	GCGC	INDEL	chr13	chr13_operon_76	9295789	9309130	20	5552	9301340	ITS1_repeat_region
5627	GCGCGT	-	GCGCGT	INDEL	chr13	chr13_operon_76	9295789	9309130	20	5607	9301395	ITS1_repeat_region
5661	T	C	T	SNP	chr13	chr13_operon_76	9295789	9309130	20	5641	9301429	ITS1_repeat_region
5669	C	CTCGT	C----	INDEL	chr13	chr13_operon_76	9295789	9309130	20	5649	9301437	ITS1_repeat_region
5717	A	G	A	SNP	chr13	chr13_operon_76	9295789	9309130	24	5693	9301481	ITS1_repeat_region
5735	G	-	-	INDEL	chr13	chr13_operon_76	9295789	9309130	24	5711	9301499	ITS1_repeat_region
5736	G	/GGA/GGAGA/AGAGA/GGGGA/GGAGAGAGA/GGAGAGA	---------	INDEL	chr13	chr13_operon_76	9295789	9309130	25	5711	9301499	ITS1_repeat_region
5745	G	-	-	INDEL	chr13	chr13_operon_76	9295789	9309130	34	5711	9301499	ITS1_repeat_region
5746	A	-/G	-	SNP	chr13	chr13_operon_76	9295789	9309130	35	5711	9301499	ITS1_repeat_region
5747	GA	-	--	INDEL	chr13	chr13_operon_76	9295789	9309130	36	5711	9301499	ITS1_repeat_region
5749	GA	-	GA	INDEL	chr13	chr13_operon_76	9295789	9309130	38	5711	9301499	ITS1_repeat_region
5751	G	-/C	G	SNP	chr13	chr13_operon_76	9295789	9309130	38	5713	9301501	ITS1_repeat_region
5752	A	-	A	INDEL	chr13	chr13_operon_76	9295789	9309130	38	5714	9301502	ITS1_repeat_region
5753	GA	-	GA	INDEL	chr13	chr13_operon_76	9295789	9309130	38	5715	9301503	ITS1_repeat_region
5756	A	T	A	SNP	chr13	chr13_operon_76	9295789	9309130	38	5718	9301506	ITS1_repeat_region
5758	A	G	A	SNP	chr13	chr13_operon_76	9295789	9309130	38	5720	9301508	ITS1_repeat_region
5760	AGA	-	AGA	INDEL	chr13	chr13_operon_76	9295789	9309130	38	5722	9301510	ITS1_repeat_region
5763	G	A/-	G	SNP	chr13	chr13_operon_76	9295789	9309130	38	5725	9301513	ITS1_repeat_region
5764	A	-	A	INDEL	chr13	chr13_operon_76	9295789	9309130	38	5726	9301514	ITS1_repeat_region
5765	A	G/-	A	SNP	chr13	chr13_operon_76	9295789	9309130	38	5727	9301515	ITS1_repeat_region
5837	A	C	C	SNP	chr13	chr13_operon_76	9295789	9309130	38	5799	9301587	ITS1_repeat_region
5850	G	A	G	SNP	chr13	chr13_operon_76	9295789	9309130	38	5812	9301600	ITS1_repeat_region
5902	T	TGG/TG	T--	INDEL	chr13	chr13_operon_76	9295789	9309130	38	5864	9301652	ITS1_repeat_region
6000	C	T	T	SNP	chr13	chr13_operon_76	9295789	9309130	40	5960	9301748	ITS1_repeat_region
6115	G	GC	G-	INDEL	chr13	chr13_operon_76	9295789	9309130	40	6075	9301863	ITS1_repeat_region
6228	T	TC	T-	INDEL	chr13	chr13_operon_76	9295789	9309130	41	6187	9301975	ITS1_repeat_region
6247	G	A	G	SNP	chr13	chr13_operon_76	9295789	9309130	42	6205	9301993	ITS1_repeat_region
6306	C	A	C	SNP	chr13	chr13_operon_76	9295789	9309130	42	6264	9302052	ITS1_repeat_region
6307	C	CT	C-	INDEL	chr13	chr13_operon_76	9295789	9309130	42	6265	9302053	ITS1_repeat_region
6317	G	C	G	SNP	chr13	chr13_operon_76	9295789	9309130	43	6274	9302062	ITS1_repeat_region
6334	T	G	T	SNP	chr13	chr13_operon_76	9295789	9309130	43	6291	9302079	ITS1_repeat_region
6340	C	T	C	SNP	chr13	chr13_operon_76	9295789	9309130	43	6297	9302085	ITS1_repeat_region
6551	G	-	G	INDEL	chr13	chr13_operon_76	9295789	9309130	43	6508	9302296	ITS1_repeat_region
6552	G	-/C	G	SNP	chr13	chr13_operon_76	9295789	9309130	43	6509	9302297	ITS1_repeat_region
6557	C	TTG/GGC/T/GGG/G	C--	INDEL	chr13	chr13_operon_76	9295789	9309130	43	6514	9302302	ITS1_repeat_region
6560	G	T	G	SNP	chr13	chr13_operon_76	9295789	9309130	45	6515	9302303	ITS1_repeat_region
6915	T	C	T	SNP	chr13	chr13_operon_76	9295789	9309130	45	6870	9302658	ITS2
6919	G	A	A	SNP	chr13	chr13_operon_76	9295789	9309130	45	6874	9302662	ITS2
6930	C	T	C	SNP	chr13	chr13_operon_76	9295789	9309130	45	6885	9302673	ITS2
6942	C	T	T	SNP	chr13	chr13_operon_76	9295789	9309130	45	6897	9302685	ITS2
6943	T	TC	TC	INDEL	chr13	chr13_operon_76	9295789	9309130	45	6898	9302686	ITS2
7195	C	CCGT	C---	INDEL	chr13	chr13_operon_76	9295789	9309130	45	7150	9302938	ITS2
7289	A	C	C	SNP	chr13	chr13_operon_76	9295789	9309130	48	7241	9303029	ITS2
7406	C	-	-	INDEL	chr13	chr13_operon_76	9295789	9309130	48	7358	9303146	ITS2
7428	G	GC	G-	INDEL	chr13	chr13_operon_76	9295789	9309130	49	7379	9303167	ITS2
7434	G	C	G	SNP	chr13	chr13_operon_76	9295789	9309130	50	7384	9303172	ITS2
7549	T	C	T	SNP	chr13	chr13_operon_76	9295789	9309130	50	7499	9303287	ITS2
7699	C	T	T	SNP	chr13	chr13_operon_76	9295789	9309130	50	7649	9303437	ITS2
7790	T	G	G	SNP	chr13	chr13_operon_76	9295789	9309130	50	7740	9303528	ITS2
7810	C	T	T	SNP	chr13	chr13_operon_76	9295789	9309130	50	7760	9303548	ITS2
7829	T	C	T	SNP	chr13	chr13_operon_76	9295789	9309130	50	7779	9303567	ITS2
7833	C	G	G	SNP	chr13	chr13_operon_76	9295789	9309130	50	7783	9303571	ITS2
7842	G	GC	GC	INDEL	chr13	chr13_operon_76	9295789	9309130	50	7792	9303580	ITS2
8024	A	G	A	SNP	chr13	chr13_operon_76	9295789	9309130	50	7974	9303762	28S
8622	C	G	C	SNP	chr13	chr13_operon_76	9295789	9309130	50	8572	9304360	28S
8728	CCGT	-	CCGT	INDEL	chr13	chr13_operon_76	9295789	9309130	50	8678	9304466	28S
8746	G	/GT	GT	INDEL	chr13	chr13_operon_76	9295789	9309130	50	8696	9304484	28S
8748	T	C/-	C	SNP	chr13	chr13_operon_76	9295789	9309130	50	8698	9304486	28S
8749	C	-	C	INDEL	chr13	chr13_operon_76	9295789	9309130	50	8699	9304487	28S
8750	C	G/-	-	SNP	chr13	chr13_operon_76	9295789	9309130	50	8700	9304488	28S
8813	GGC	-	GGC	INDEL	chr13	chr13_operon_76	9295789	9309130	51	8762	9304550	28S
8816	GGC	-	GGC	INDEL	chr13	chr13_operon_76	9295789	9309130	51	8765	9304553	28S
8827	T	CGGT/C	CGGT	INDEL	chr13	chr13_operon_76	9295789	9309130	51	8776	9304564	28S
8831	GGC	-	GGC	INDEL	chr13	chr13_operon_76	9295789	9309130	51	8780	9304568	28S
8836	C	CGGT/T/TGGC/CGGC	CGGC	INDEL	chr13	chr13_operon_76	9295789	9309130	51	8785	9304573	28S
8842	C	T	C	SNP	chr13	chr13_operon_76	9295789	9309130	51	8791	9304579	28S
8846	GG	-	GG	INDEL	chr13	chr13_operon_76	9295789	9309130	51	8795	9304583	28S
8848	C	/CGGG/CGGC	CGGC	INDEL	chr13	chr13_operon_76	9295789	9309130	51	8797	9304585	28S
8867	A	AC	AC	INDEL	chr13	chr13_operon_76	9295789	9309130	51	8816	9304604	28S
8886	G	GC	G-	INDEL	chr13	chr13_operon_76	9295789	9309130	51	8835	9304623	28S
9108	G	T	G	SNP	chr13	chr13_operon_76	9295789	9309130	52	9056	9304844	28S
9120	C	T	C	SNP	chr13	chr13_operon_76	9295789	9309130	52	9068	9304856	28S
9186	G	-	-	INDEL	chr13	chr13_operon_76	9295789	9309130	52	9134	9304922	28S
10121	G	GGGC/GGGCGGC	GGGC---	INDEL	chr13	chr13_operon_76	9295789	9309130	53	10068	9305856	28S
10128	GGC	-	GGC	INDEL	chr13	chr13_operon_76	9295789	9309130	56	10072	9305860	28S
10137	GGCG	-	GGCG	INDEL	chr13	chr13_operon_76	9295789	9309130	56	10081	9305869	28S
10141	G	GC/	GC	INDEL	chr13	chr13_operon_76	9295789	9309130	56	10085	9305873	28S
10143	C	-/G	G	SNP	chr13	chr13_operon_76	9295789	9309130	56	10087	9305875	28S
10144	G	-	G	INDEL	chr13	chr13_operon_76	9295789	9309130	56	10088	9305876	28S
10145	G	-/C	C	SNP	chr13	chr13_operon_76	9295789	9309130	56	10089	9305877	28S
10149	T	G	G	SNP	chr13	chr13_operon_76	9295789	9309130	56	10093	9305881	28S
10153	T	-	T	INDEL	chr13	chr13_operon_76	9295789	9309130	56	10097	9305885	28S
10155	G	T	G	SNP	chr13	chr13_operon_76	9295789	9309130	56	10099	9305887	28S
10157	G	T	G	SNP	chr13	chr13_operon_76	9295789	9309130	56	10101	9305889	28S
10158	T	G/C	T	SNP	chr13	chr13_operon_76	9295789	9309130	56	10102	9305890	28S
10159	C	-	C	INDEL	chr13	chr13_operon_76	9295789	9309130	56	10103	9305891	28S
10160	C	T/G	C	SNP	chr13	chr13_operon_76	9295789	9309130	56	10104	9305892	28S
10161	T	-	T	INDEL	chr13	chr13_operon_76	9295789	9309130	56	10105	9305893	28S
10162	C	T/-	T	SNP	chr13	chr13_operon_76	9295789	9309130	56	10106	9305894	28S
10163	C	-	C	INDEL	chr13	chr13_operon_76	9295789	9309130	56	10107	9305895	28S
10164	C	TCCC/CCC/CCCG/CCCC	CCCC	INDEL	chr13	chr13_operon_76	9295789	9309130	56	10108	9305896	28S
10168	C	-/G	G	SNP	chr13	chr13_operon_76	9295789	9309130	56	10112	9305900	28S
10169	C	-	C	INDEL	chr13	chr13_operon_76	9295789	9309130	56	10113	9305901	28S
10170	G	CCC/GCC/GC/CC/C	CC-	INDEL	chr13	chr13_operon_76	9295789	9309130	56	10114	9305902	28S
10399	G	GTT	G--	INDEL	chr13	chr13_operon_76	9295789	9309130	57	10342	9306130	28S
10447	T	C	C	SNP	chr13	chr13_operon_76	9295789	9309130	59	10388	9306176	28S
10942	G	GC	G-	INDEL	chr13	chr13_operon_76	9295789	9309130	59	10883	9306671	28S
10979	T	C	T	SNP	chr13	chr13_operon_76	9295789	9309130	60	10919	9306707	28S
11019	A	G	A	SNP	chr13	chr13_operon_76	9295789	9309130	60	10959	9306747	28S
11028	C	CCTCT/CCT	C----	INDEL	chr13	chr13_operon_76	9295789	9309130	60	10968	9306756	28S
11108	G	GGA	G--	INDEL	chr13	chr13_operon_76	9295789	9309130	64	11044	9306832	28S
11126	G	T	G	SNP	chr13	chr13_operon_76	9295789	9309130	66	11060	9306848	28S
11143	G	GC	GC	INDEL	chr13	chr13_operon_76	9295789	9309130	66	11077	9306865	28S
11145	CCGCCGCGGGGCCCCGGCGGCGGGGG	-	CCGCCGCGGGGCCCCGGCGGCGGGGG	INDEL	chr13	chr13_operon_76	9295789	9309130	66	11079	9306867	28S
11316	C	-	C	INDEL	chr13	chr13_operon_76	9295789	9309130	66	11250	9307038	28S
11320	C	CCCC/CCCCCA/CC/CCCCA	CCCCCA	INDEL	chr13	chr13_operon_76	9295789	9309130	66	11254	9307042	28S
11336	A	G	A	SNP	chr13	chr13_operon_76	9295789	9309130	66	11270	9307058	28S
11398	C	T	T	SNP	chr13	chr13_operon_76	9295789	9309130	66	11332	9307120	28S
11476	C	CGCG/CGCGGCGGCG/CGCGGCG	C---------	INDEL	chr13	chr13_operon_76	9295789	9309130	66	11410	9307198	28S
11492	GCGGCGGC	-	GCGGCGGC	INDEL	chr13	chr13_operon_76	9295789	9309130	75	11417	9307205	28S
11500	G	A/-	A	SNP	chr13	chr13_operon_76	9295789	9309130	75	11425	9307213	28S
11891	G	-	G	INDEL	chr13	chr13_operon_76	9295789	9309130	75	11816	9307604	28S
11979	C	T	C	SNP	chr13	chr13_operon_76	9295789	9309130	75	11904	9307692	28S
12345	T	TTTTGGG	T------	INDEL	chr13	chr13_operon_76	9295789	9309130	75	12270	9308058	28S
12797	G	GC/GCC	G--	INDEL	chr13	chr13_operon_76	9295789	9309130	81	12716	9308504	28S
12811	A	G	A	SNP	chr13	chr13_operon_76	9295789	9309130	83	12728	9308516	28S
12821	C	T	C	SNP	chr13	chr13_operon_76	9295789	9309130	83	12738	9308526	28S
12907	T	C	C	SNP	chr13	chr13_operon_76	9295789	9309130	83	12824	9308612	28S
13072	CG	-	--	INDEL	chr13	chr13_operon_76	9295789	9309130	83	12989	9308777	28S
13074	CG	-	--	INDEL	chr13	chr13_operon_76	9295789	9309130	85	12989	9308777	28S
13076	CGCG	-	----	INDEL	chr13	chr13_operon_76	9295789	9309130	87	12989	9308777	28S
13080	C	CGCGC	C----	INDEL	chr13	chr13_operon_76	9295789	9309130	91	12989	9308777	28S
13085	GCGC	-	GCGC	INDEL	chr13	chr13_operon_76	9295789	9309130	95	12990	9308778	ETS_3p
13089	GCGCGT	-	GCGCGT	INDEL	chr13	chr13_operon_76	9295789	9309130	95	12994	9308782	ETS_3p
13201	T	TGGG/TGG/TGGGGGTGGGG	T----------	INDEL	chr13	chr13_operon_76	9295789	9309130	95	13106	9308894	ETS_3p
13415	T	TG	T-	INDEL	chr13	chr13_operon_76	9295789	9309130	105	13310	9309098	ETS_3p
7	A	G	G	SNP	chr14	chr14_operon_1	2103527	2116889	0	7	2103533	ETS_5p
139	T	C	T	SNP	chr14	chr14_operon_1	2103527	2116889	0	139	2103665	ETS_5p
640	G	T	G	SNP	chr14	chr14_operon_1	2103527	2116889	0	640	2104166	ETS_5p
777	C	CGG	C--	INDEL	chr14	chr14_operon_1	2103527	2116889	0	777	2104303	ETS_5p
965	G	A	A	SNP	chr14	chr14_operon_1	2103527	2116889	2	963	2104489	ETS_5p
1293	C	G	C	SNP	chr14	chr14_operon_1	2103527	2116889	2	1291	2104817	ETS_5p
1327	C	T	C	SNP	chr14	chr14_operon_1	2103527	2116889	2	1325	2104851	ETS_5p
1512	G	GT	G-	INDEL	chr14	chr14_operon_1	2103527	2116889	2	1510	2105036	ETS_5p
1641	T	TC	T-	INDEL	chr14	chr14_operon_1	2103527	2116889	3	1638	2105164	ETS_5p
1687	G	GT	G-	INDEL	chr14	chr14_operon_1	2103527	2116889	4	1683	2105209	ETS_5p
1761	T	C	T	SNP	chr14	chr14_operon_1	2103527	2116889	5	1756	2105282	ETS_5p
1949	G	C	G	SNP	chr14	chr14_operon_1	2103527	2116889	5	1944	2105470	ETS_5p
1950	T	G	T	SNP	chr14	chr14_operon_1	2103527	2116889	5	1945	2105471	ETS_5p
2104	C	T	C	SNP	chr14	chr14_operon_1	2103527	2116889	5	2099	2105625	ETS_5p
2149	G	C	C	SNP	chr14	chr14_operon_1	2103527	2116889	5	2144	2105670	ETS_5p
2204	T	TCGCC	T----	INDEL	chr14	chr14_operon_1	2103527	2116889	5	2199	2105725	ETS_5p
2293	T	C	T	SNP	chr14	chr14_operon_1	2103527	2116889	9	2284	2105810	ETS_5p
2347	A	G	A	SNP	chr14	chr14_operon_1	2103527	2116889	9	2338	2105864	ETS_5p
2372	C	G	C	SNP	chr14	chr14_operon_1	2103527	2116889	9	2363	2105889	ETS_5p
2398	CGGTGGCGCCCCGCGTGGGGCC	-	CGGTGGCGCCCCGCGTGGGGCC	INDEL	chr14	chr14_operon_1	2103527	2116889	9	2389	2105915	ETS_5p
2432	C	A	C	SNP	chr14	chr14_operon_1	2103527	2116889	9	2423	2105949	ETS_5p
2501	T	TGCG/C	C---	INDEL	chr14	chr14_operon_1	2103527	2116889	9	2492	2106018	ETS_5p
2605	T	C	C	SNP	chr14	chr14_operon_1	2103527	2116889	12	2593	2106119	ETS_5p
2632	A	C	A	SNP	chr14	chr14_operon_1	2103527	2116889	12	2620	2106146	ETS_5p
2844	C	T	C	SNP	chr14	chr14_operon_1	2103527	2116889	12	2832	2106358	ETS_5p
3035	G	T	G	SNP	chr14	chr14_operon_1	2103527	2116889	12	3023	2106549	ETS_5p
3062	C	CG	C-	INDEL	chr14	chr14_operon_1	2103527	2116889	12	3050	2106576	ETS_5p
3219	C	A	C	SNP	chr14	chr14_operon_1	2103527	2116889	13	3206	2106732	ETS_5p
3313	CG	-	CG	INDEL	chr14	chr14_operon_1	2103527	2116889	13	3300	2106826	ETS_5p
3398	A	G	G	SNP	chr14	chr14_operon_1	2103527	2116889	13	3385	2106911	ETS_5p
3536	CCCGT	-	CCCGT	INDEL	chr14	chr14_operon_1	2103527	2116889	13	3523	2107049	ETS_5p
3541	CCGC	-	CCGC	INDEL	chr14	chr14_operon_1	2103527	2116889	13	3528	2107054	ETS_5p
3545	CCGTCC	-	------	INDEL	chr14	chr14_operon_1	2103527	2116889	13	3532	2107058	ETS_5p
3551	GCGG	-	----	INDEL	chr14	chr14_operon_1	2103527	2116889	19	3532	2107058	ETS_5p
3555	C	-/G	-	SNP	chr14	chr14_operon_1	2103527	2116889	23	3532	2107058	ETS_5p
3556	C	-	-	INDEL	chr14	chr14_operon_1	2103527	2116889	24	3532	2107058	ETS_5p
3557	C	G/-	-	SNP	chr14	chr14_operon_1	2103527	2116889	25	3532	2107058	ETS_5p
3558	G	-	-	INDEL	chr14	chr14_operon_1	2103527	2116889	26	3532	2107058	ETS_5p
3559	T	-/C	-	SNP	chr14	chr14_operon_1	2103527	2116889	27	3532	2107058	ETS_5p
3560	CCG	-	---	INDEL	chr14	chr14_operon_1	2103527	2116889	28	3532	2107058	ETS_5p
3563	T	-/C	-	SNP	chr14	chr14_operon_1	2103527	2116889	31	3532	2107058	ETS_5p
3654	C	A	C	SNP	chr14	chr14_operon_1	2103527	2116889	32	3622	2107148	ETS_5p
3666	T	-	T	INDEL	chr14	chr14_operon_1	2103527	2116889	32	3634	2107160	ETS_5p
4926	G	GGAA	G---	INDEL	chr14	chr14_operon_1	2103527	2116889	32	4894	2108420	18S
5572	G	GCGC	GCGC	INDEL	chr14	chr14_operon_1	2103527	2116889	35	5537	2109063	ITS1_repeat_region
5627	GCGCGT	-	GCGCGT	INDEL	chr14	chr14_operon_1	2103527	2116889	35	5592	2109118	ITS1_repeat_region
5661	T	C	T	SNP	chr14	chr14_operon_1	2103527	2116889	35	5626	2109152	ITS1_repeat_region
5669	C	CTCGT	C----	INDEL	chr14	chr14_operon_1	2103527	2116889	35	5634	2109160	ITS1_repeat_region
5717	A	G	A	SNP	chr14	chr14_operon_1	2103527	2116889	39	5678	2109204	ITS1_repeat_region
5735	G	-	G	INDEL	chr14	chr14_operon_1	2103527	2116889	39	5696	2109222	ITS1_repeat_region
5736	G	/GGA/GGAGA/AGAGA/GGGGA/GGAGAGAGA/GGAGAGA	GGAGA----	INDEL	chr14	chr14_operon_1	2103527	2116889	39	5697	2109223	ITS1_repeat_region
5745	G	-	G	INDEL	chr14	chr14_operon_1	2103527	2116889	43	5702	2109228	ITS1_repeat_region
5746	A	-/G	A	SNP	chr14	chr14_operon_1	2103527	2116889	43	5703	2109229	ITS1_repeat_region
5747	GA	-	GA	INDEL	chr14	chr14_operon_1	2103527	2116889	43	5704	2109230	ITS1_repeat_region
5749	GA	-	GA	INDEL	chr14	chr14_operon_1	2103527	2116889	43	5706	2109232	ITS1_repeat_region
5751	G	-/C	G	SNP	chr14	chr14_operon_1	2103527	2116889	43	5708	2109234	ITS1_repeat_region
5752	A	-	A	INDEL	chr14	chr14_operon_1	2103527	2116889	43	5709	2109235	ITS1_repeat_region
5753	GA	-	GA	INDEL	chr14	chr14_operon_1	2103527	2116889	43	5710	2109236	ITS1_repeat_region
5756	A	T	A	SNP	chr14	chr14_operon_1	2103527	2116889	43	5713	2109239	ITS1_repeat_region
5758	A	G	A	SNP	chr14	chr14_operon_1	2103527	2116889	43	5715	2109241	ITS1_repeat_region
5760	AGA	-	AGA	INDEL	chr14	chr14_operon_1	2103527	2116889	43	5717	2109243	ITS1_repeat_region
5763	G	A/-	G	SNP	chr14	chr14_operon_1	2103527	2116889	43	5720	2109246	ITS1_repeat_region
5764	A	-	A	INDEL	chr14	chr14_operon_1	2103527	2116889	43	5721	2109247	ITS1_repeat_region
5765	A	G/-	G	SNP	chr14	chr14_operon_1	2103527	2116889	43	5722	2109248	ITS1_repeat_region
5837	A	C	C	SNP	chr14	chr14_operon_1	2103527	2116889	43	5794	2109320	ITS1_repeat_region
5850	G	A	A	SNP	chr14	chr14_operon_1	2103527	2116889	43	5807	2109333	ITS1_repeat_region
5902	T	TGG/TG	TG-	INDEL	chr14	chr14_operon_1	2103527	2116889	43	5859	2109385	ITS1_repeat_region
6000	C	T	C	SNP	chr14	chr14_operon_1	2103527	2116889	44	5956	2109482	ITS1_repeat_region
6115	G	GC	G-	INDEL	chr14	chr14_operon_1	2103527	2116889	44	6071	2109597	ITS1_repeat_region
6228	T	TC	T-	INDEL	chr14	chr14_operon_1	2103527	2116889	45	6183	2109709	ITS1_repeat_region
6247	G	A	G	SNP	chr14	chr14_operon_1	2103527	2116889	46	6201	2109727	ITS1_repeat_region
6306	C	A	C	SNP	chr14	chr14_operon_1	2103527	2116889	46	6260	2109786	ITS1_repeat_region
6307	C	CT	C-	INDEL	chr14	chr14_operon_1	2103527	2116889	46	6261	2109787	ITS1_repeat_region
6317	G	C	G	SNP	chr14	chr14_operon_1	2103527	2116889	47	6270	2109796	ITS1_repeat_region
6334	T	G	T	SNP	chr14	chr14_operon_1	2103527	2116889	47	6287	2109813	ITS1_repeat_region
6340	C	T	C	SNP	chr14	chr14_operon_1	2103527	2116889	47	6293	2109819	ITS1_repeat_region
6551	G	-	-	INDEL	chr14	chr14_operon_1	2103527	2116889	47	6504	2110030	ITS1_repeat_region
6552	G	-/C	-	SNP	chr14	chr14_operon_1	2103527	2116889	48	6504	2110030	ITS1_repeat_region
6557	C	TTG/GGC/T/GGG/G	GGC	INDEL	chr14	chr14_operon_1	2103527	2116889	49	6508	2110034	ITS1_repeat_region
6560	G	T	G	SNP	chr14	chr14_operon_1	2103527	2116889	49	6511	2110037	ITS1_repeat_region
6915	T	C	T	SNP	chr14	chr14_operon_1	2103527	2116889	49	6866	2110392	ITS2
6919	G	A	G	SNP	chr14	chr14_operon_1	2103527	2116889	49	6870	2110396	ITS2
6930	C	T	C	SNP	chr14	chr14_operon_1	2103527	2116889	49	6881	2110407	ITS2
6942	C	T	C	SNP	chr14	chr14_operon_1	2103527	2116889	49	6893	2110419	ITS2
6943	T	TC	TC	INDEL	chr14	chr14_operon_1	2103527	2116889	49	6894	2110420	ITS2
7195	C	CCGT	C---	INDEL	chr14	chr14_operon_1	2103527	2116889	49	7146	2110672	ITS2
7289	A	C	A	SNP	chr14	chr14_operon_1	2103527	2116889	52	7237	2110763	ITS2
7406	C	-	-	INDEL	chr14	chr14_operon_1	2103527	2116889	52	7354	2110880	ITS2
7428	G	GC	G-	INDEL	chr14	chr14_operon_1	2103527	2116889	53	7375	2110901	ITS2
7434	G	C	G	SNP	chr14	chr14_operon_1	2103527	2116889	54	7380	2110906	ITS2
7549	T	C	T	SNP	chr14	chr14_operon_1	2103527	2116889	54	7495	2111021	ITS2
7699	C	T	C	SNP	chr14	chr14_operon_1	2103527	2116889	54	7645	2111171	ITS2
7790	T	G	T	SNP	chr14	chr14_operon_1	2103527	2116889	54	7736	2111262	ITS2
7810	C	T	C	SNP	chr14	chr14_operon_1	2103527	2116889	54	7756	2111282	ITS2
7829	T	C	C	SNP	chr14	chr14_operon_1	2103527	2116889	54	7775	2111301	ITS2
7833	C	G	G	SNP	chr14	chr14_operon_1	2103527	2116889	54	7779	2111305	ITS2
7842	G	GC	GC	INDEL	chr14	chr14_operon_1	2103527	2116889	54	7788	2111314	ITS2
8024	A	G	G	SNP	chr14	chr14_operon_1	2103527	2116889	54	7970	2111496	28S
8622	C	G	C	SNP	chr14	chr14_operon_1	2103527	2116889	54	8568	2112094	28S
8728	CCGT	-	CCGT	INDEL	chr14	chr14_operon_1	2103527	2116889	54	8674	2112200	28S
8746	G	/GT	GT	INDEL	chr14	chr14_operon_1	2103527	2116889	54	8692	2112218	28S
8748	T	C/-	C	SNP	chr14	chr14_operon_1	2103527	2116889	54	8694	2112220	28S
8749	C	-	C	INDEL	chr14	chr14_operon_1	2103527	2116889	54	8695	2112221	28S
8750	C	G/-	-	SNP	chr14	chr14_operon_1	2103527	2116889	54	8696	2112222	28S
8813	GGC	-	GGC	INDEL	chr14	chr14_operon_1	2103527	2116889	55	8758	2112284	28S
8816	GGC	-	GGC	INDEL	chr14	chr14_operon_1	2103527	2116889	55	8761	2112287	28S
8827	T	CGGT/C	C---	INDEL	chr14	chr14_operon_1	2103527	2116889	55	8772	2112298	28S
8831	GGC	-	GGC	INDEL	chr14	chr14_operon_1	2103527	2116889	58	8773	2112299	28S
8836	C	CGGT/T/TGGC/CGGC	TGGC	INDEL	chr14	chr14_operon_1	2103527	2116889	58	8778	2112304	28S
8842	C	T	C	SNP	chr14	chr14_operon_1	2103527	2116889	58	8784	2112310	28S
8846	GG	-	GG	INDEL	chr14	chr14_operon_1	2103527	2116889	58	8788	2112314	28S
8848	C	/CGGG/CGGC	CGGC	INDEL	chr14	chr14_operon_1	2103527	2116889	58	8790	2112316	28S
8867	A	AC	AC	INDEL	chr14	chr14_operon_1	2103527	2116889	58	8809	2112335	28S
8886	G	GC	GC	INDEL	chr14	chr14_operon_1	2103527	2116889	58	8828	2112354	28S
9108	G	T	G	SNP	chr14	chr14_operon_1	2103527	2116889	58	9050	2112576	28S
9120	C	T	C	SNP	chr14	chr14_operon_1	2103527	2116889	58	9062	2112588	28S
9186	G	-	-	INDEL	chr14	chr14_operon_1	2103527	2116889	58	9128	2112654	28S
10121	G	GGGC/GGGCGGC	GGGCGGC	INDEL	chr14	chr14_operon_1	2103527	2116889	59	10062	2113588	28S
10128	GGC	-	GGC	INDEL	chr14	chr14_operon_1	2103527	2116889	59	10069	2113595	28S
10137	GGCG	-	GGCG	INDEL	chr14	chr14_operon_1	2103527	2116889	59	10078	2113604	28S
10141	G	GC/	GC	INDEL	chr14	chr14_operon_1	2103527	2116889	59	10082	2113608	28S
10143	C	-/G	G	SNP	chr14	chr14_operon_1	2103527	2116889	59	10084	2113610	28S
10144	G	-	G	INDEL	chr14	chr14_operon_1	2103527	2116889	59	10085	2113611	28S
10145	G	-/C	-	SNP	chr14	chr14_operon_1	2103527	2116889	59	10086	2113612	28S
10149	T	G	T	SNP	chr14	chr14_operon_1	2103527	2116889	60	10089	2113615	28S
10153	T	-	T	INDEL	chr14	chr14_operon_1	2103527	2116889	60	10093	2113619	28S
10155	G	T	G	SNP	chr14	chr14_operon_1	2103527	2116889	60	10095	2113621	28S
10157	G	T	G	SNP	chr14	chr14_operon_1	2103527	2116889	60	10097	2113623	28S
10158	T	G/C	T	SNP	chr14	chr14_operon_1	2103527	2116889	60	10098	2113624	28S
10159	C	-	C	INDEL	chr14	chr14_operon_1	2103527	2116889	60	10099	2113625	28S
10160	C	T/G	C	SNP	chr14	chr14_operon_1	2103527	2116889	60	10100	2113626	28S
10161	T	-	T	INDEL	chr14	chr14_operon_1	2103527	2116889	60	10101	2113627	28S
10162	C	T/-	C	SNP	chr14	chr14_operon_1	2103527	2116889	60	10102	2113628	28S
10163	C	-	C	INDEL	chr14	chr14_operon_1	2103527	2116889	60	10103	2113629	28S
10164	C	TCCC/CCC/CCCG/CCCC	CCCG	INDEL	chr14	chr14_operon_1	2103527	2116889	60	10104	2113630	28S
10168	C	-/G	-	SNP	chr14	chr14_operon_1	2103527	2116889	60	10108	2113634	28S
10169	C	-	-	INDEL	chr14	chr14_operon_1	2103527	2116889	61	10108	2113634	28S
10170	G	CCC/GCC/GC/CC/C	CC-	INDEL	chr14	chr14_operon_1	2103527	2116889	62	10108	2113634	28S
10399	G	GTT	G--	INDEL	chr14	chr14_operon_1	2103527	2116889	63	10336	2113862	28S
10447	T	C	C	SNP	chr14	chr14_operon_1	2103527	2116889	65	10382	2113908	28S
10942	G	GC	G-	INDEL	chr14	chr14_operon_1	2103527	2116889	65	10877	2114403	28S
10979	T	C	T	SNP	chr14	chr14_operon_1	2103527	2116889	66	10913	2114439	28S
11019	A	G	A	SNP	chr14	chr14_operon_1	2103527	2116889	66	10953	2114479	28S
11028	C	CCTCT/CCT	CCT--	INDEL	chr14	chr14_operon_1	2103527	2116889	66	10962	2114488	28S
11108	G	GGA	GGA	INDEL	chr14	chr14_operon_1	2103527	2116889	68	11040	2114566	28S
11126	G	T	G	SNP	chr14	chr14_operon_1	2103527	2116889	68	11058	2114584	28S
11143	G	GC	GC	INDEL	chr14	chr14_operon_1	2103527	2116889	68	11075	2114601	28S
11145	CCGCCGCGGGGCCCCGGCGGCGGGGG	-	CCGCCGCGGGGCCCCGGCGGCGGGGG	INDEL	chr14	chr14_operon_1	2103527	2116889	68	11077	2114603	28S
11316	C	-	C	INDEL	chr14	chr14_operon_1	2103527	2116889	68	11248	2114774	28S
11320	C	CCCC/CCCCCA/CC/CCCCA	CCCCA-	INDEL	chr14	chr14_operon_1	2103527	2116889	68	11252	2114778	28S
11336	A	G	A	SNP	chr14	chr14_operon_1	2103527	2116889	69	11267	2114793	28S
11398	C	T	C	SNP	chr14	chr14_operon_1	2103527	2116889	69	11329	2114855	28S
11476	C	CGCG/CGCGGCGGCG/CGCGGCG	CGCGGCGGCG	INDEL	chr14	chr14_operon_1	2103527	2116889	69	11407	2114933	28S
11492	GCGGCGGC	-	GCGGCGGC	INDEL	chr14	chr14_operon_1	2103527	2116889	69	11423	2114949	28S
11500	G	A/-	A	SNP	chr14	chr14_operon_1	2103527	2116889	69	11431	2114957	28S
11891	G	-	G	INDEL	chr14	chr14_operon_1	2103527	2116889	69	11822	2115348	28S
11979	C	T	C	SNP	chr14	chr14_operon_1	2103527	2116889	69	11910	2115436	28S
12345	T	TTTTGGG	T------	INDEL	chr14	chr14_operon_1	2103527	2116889	69	12276	2115802	28S
12797	G	GC/GCC	GC-	INDEL	chr14	chr14_operon_1	2103527	2116889	75	12722	2116248	28S
12811	A	G	A	SNP	chr14	chr14_operon_1	2103527	2116889	76	12735	2116261	28S
12821	C	T	C	SNP	chr14	chr14_operon_1	2103527	2116889	76	12745	2116271	28S
12907	T	C	C	SNP	chr14	chr14_operon_1	2103527	2116889	76	12831	2116357	28S
13072	CG	-	CG	INDEL	chr14	chr14_operon_1	2103527	2116889	76	12996	2116522	28S
13074	CG	-	CG	INDEL	chr14	chr14_operon_1	2103527	2116889	76	12998	2116524	ETS_3p
13076	CGCG	-	CGCG	INDEL	chr14	chr14_operon_1	2103527	2116889	76	13000	2116526	ETS_3p
13080	C	CGCGC	CGCGC	INDEL	chr14	chr14_operon_1	2103527	2116889	76	13004	2116530	ETS_3p
13085	GCGC	-	GCGC	INDEL	chr14	chr14_operon_1	2103527	2116889	76	13009	2116535	ETS_3p
13089	GCGCGT	-	GCGCGT	INDEL	chr14	chr14_operon_1	2103527	2116889	76	13013	2116539	ETS_3p
13201	T	TGGG/TGG/TGGGGGTGGGG	TGG--------	INDEL	chr14	chr14_operon_1	2103527	2116889	76	13125	2116651	ETS_3p
13415	T	TG	T-	INDEL	chr14	chr14_operon_1	2103527	2116889	84	13331	2116857	ETS_3p
7	A	G	G	SNP	chr14	chr14_operon_2	2147806	2161161	0	7	2147812	ETS_5p
139	T	C	T	SNP	chr14	chr14_operon_2	2147806	2161161	0	139	2147944	ETS_5p
640	G	T	G	SNP	chr14	chr14_operon_2	2147806	2161161	0	640	2148445	ETS_5p
777	C	CGG	C--	INDEL	chr14	chr14_operon_2	2147806	2161161	0	777	2148582	ETS_5p
965	G	A	A	SNP	chr14	chr14_operon_2	2147806	2161161	2	963	2148768	ETS_5p
1293	C	G	C	SNP	chr14	chr14_operon_2	2147806	2161161	2	1291	2149096	ETS_5p
1327	C	T	C	SNP	chr14	chr14_operon_2	2147806	2161161	2	1325	2149130	ETS_5p
1512	G	GT	G-	INDEL	chr14	chr14_operon_2	2147806	2161161	2	1510	2149315	ETS_5p
1641	T	TC	T-	INDEL	chr14	chr14_operon_2	2147806	2161161	3	1638	2149443	ETS_5p
1687	G	GT	G-	INDEL	chr14	chr14_operon_2	2147806	2161161	4	1683	2149488	ETS_5p
1761	T	C	T	SNP	chr14	chr14_operon_2	2147806	2161161	5	1756	2149561	ETS_5p
1949	G	C	G	SNP	chr14	chr14_operon_2	2147806	2161161	5	1944	2149749	ETS_5p
1950	T	G	T	SNP	chr14	chr14_operon_2	2147806	2161161	5	1945	2149750	ETS_5p
2104	C	T	C	SNP	chr14	chr14_operon_2	2147806	2161161	5	2099	2149904	ETS_5p
2149	G	C	C	SNP	chr14	chr14_operon_2	2147806	2161161	5	2144	2149949	ETS_5p
2204	T	TCGCC	T----	INDEL	chr14	chr14_operon_2	2147806	2161161	5	2199	2150004	ETS_5p
2293	T	C	T	SNP	chr14	chr14_operon_2	2147806	2161161	9	2284	2150089	ETS_5p
2347	A	G	A	SNP	chr14	chr14_operon_2	2147806	2161161	9	2338	2150143	ETS_5p
2372	C	G	C	SNP	chr14	chr14_operon_2	2147806	2161161	9	2363	2150168	ETS_5p
2398	CGGTGGCGCCCCGCGTGGGGCC	-	CGGTGGCGCCCCGCGTGGGGCC	INDEL	chr14	chr14_operon_2	2147806	2161161	9	2389	2150194	ETS_5p
2432	C	A	C	SNP	chr14	chr14_operon_2	2147806	2161161	9	2423	2150228	ETS_5p
2501	T	TGCG/C	C---	INDEL	chr14	chr14_operon_2	2147806	2161161	9	2492	2150297	ETS_5p
2605	T	C	C	SNP	chr14	chr14_operon_2	2147806	2161161	12	2593	2150398	ETS_5p
2632	A	C	A	SNP	chr14	chr14_operon_2	2147806	2161161	12	2620	2150425	ETS_5p
2844	C	T	C	SNP	chr14	chr14_operon_2	2147806	2161161	12	2832	2150637	ETS_5p
3035	G	T	G	SNP	chr14	chr14_operon_2	2147806	2161161	12	3023	2150828	ETS_5p
3062	C	CG	C-	INDEL	chr14	chr14_operon_2	2147806	2161161	12	3050	2150855	ETS_5p
3219	C	A	C	SNP	chr14	chr14_operon_2	2147806	2161161	13	3206	2151011	ETS_5p
3313	CG	-	CG	INDEL	chr14	chr14_operon_2	2147806	2161161	13	3300	2151105	ETS_5p
3398	A	G	G	SNP	chr14	chr14_operon_2	2147806	2161161	13	3385	2151190	ETS_5p
3536	CCCGT	-	CCCGT	INDEL	chr14	chr14_operon_2	2147806	2161161	13	3523	2151328	ETS_5p
3541	CCGC	-	CCGC	INDEL	chr14	chr14_operon_2	2147806	2161161	13	3528	2151333	ETS_5p
3545	CCGTCC	-	------	INDEL	chr14	chr14_operon_2	2147806	2161161	13	3532	2151337	ETS_5p
3551	GCGG	-	----	INDEL	chr14	chr14_operon_2	2147806	2161161	19	3532	2151337	ETS_5p
3555	C	-/G	-	SNP	chr14	chr14_operon_2	2147806	2161161	23	3532	2151337	ETS_5p
3556	C	-	-	INDEL	chr14	chr14_operon_2	2147806	2161161	24	3532	2151337	ETS_5p
3557	C	G/-	-	SNP	chr14	chr14_operon_2	2147806	2161161	25	3532	2151337	ETS_5p
3558	G	-	-	INDEL	chr14	chr14_operon_2	2147806	2161161	26	3532	2151337	ETS_5p
3559	T	-/C	-	SNP	chr14	chr14_operon_2	2147806	2161161	27	3532	2151337	ETS_5p
3560	CCG	-	---	INDEL	chr14	chr14_operon_2	2147806	2161161	28	3532	2151337	ETS_5p
3563	T	-/C	-	SNP	chr14	chr14_operon_2	2147806	2161161	31	3532	2151337	ETS_5p
3654	C	A	C	SNP	chr14	chr14_operon_2	2147806	2161161	32	3622	2151427	ETS_5p
3666	T	-	T	INDEL	chr14	chr14_operon_2	2147806	2161161	32	3634	2151439	ETS_5p
4926	G	GGAA	G---	INDEL	chr14	chr14_operon_2	2147806	2161161	32	4894	2152699	18S
5572	G	GCGC	G---	INDEL	chr14	chr14_operon_2	2147806	2161161	35	5537	2153342	ITS1_repeat_region
5627	GCGCGT	-	GCGCGT	INDEL	chr14	chr14_operon_2	2147806	2161161	38	5589	2153394	ITS1_repeat_region
5661	T	C	T	SNP	chr14	chr14_operon_2	2147806	2161161	38	5623	2153428	ITS1_repeat_region
5669	C	CTCGT	C----	INDEL	chr14	chr14_operon_2	2147806	2161161	38	5631	2153436	ITS1_repeat_region
5717	A	G	A	SNP	chr14	chr14_operon_2	2147806	2161161	42	5675	2153480	ITS1_repeat_region
5735	G	-	G	INDEL	chr14	chr14_operon_2	2147806	2161161	42	5693	2153498	ITS1_repeat_region
5736	G	/GGA/GGAGA/AGAGA/GGGGA/GGAGAGAGA/GGAGAGA	G--------	INDEL	chr14	chr14_operon_2	2147806	2161161	42	5694	2153499	ITS1_repeat_region
5745	G	-	G	INDEL	chr14	chr14_operon_2	2147806	2161161	50	5695	2153500	ITS1_repeat_region
5746	A	-/G	G	SNP	chr14	chr14_operon_2	2147806	2161161	50	5696	2153501	ITS1_repeat_region
5747	GA	-	GA	INDEL	chr14	chr14_operon_2	2147806	2161161	50	5697	2153502	ITS1_repeat_region
5749	GA	-	GA	INDEL	chr14	chr14_operon_2	2147806	2161161	50	5699	2153504	ITS1_repeat_region
5751	G	-/C	G	SNP	chr14	chr14_operon_2	2147806	2161161	50	5701	2153506	ITS1_repeat_region
5752	A	-	A	INDEL	chr14	chr14_operon_2	2147806	2161161	50	5702	2153507	ITS1_repeat_region
5753	GA	-	GA	INDEL	chr14	chr14_operon_2	2147806	2161161	50	5703	2153508	ITS1_repeat_region
5756	A	T	A	SNP	chr14	chr14_operon_2	2147806	2161161	50	5706	2153511	ITS1_repeat_region
5758	A	G	A	SNP	chr14	chr14_operon_2	2147806	2161161	50	5708	2153513	ITS1_repeat_region
5760	AGA	-	AGA	INDEL	chr14	chr14_operon_2	2147806	2161161	50	5710	2153515	ITS1_repeat_region
5763	G	A/-	G	SNP	chr14	chr14_operon_2	2147806	2161161	50	5713	2153518	ITS1_repeat_region
5764	A	-	A	INDEL	chr14	chr14_operon_2	2147806	2161161	50	5714	2153519	ITS1_repeat_region
5765	A	G/-	A	SNP	chr14	chr14_operon_2	2147806	2161161	50	5715	2153520	ITS1_repeat_region
5837	A	C	C	SNP	chr14	chr14_operon_2	2147806	2161161	50	5787	2153592	ITS1_repeat_region
5850	G	A	G	SNP	chr14	chr14_operon_2	2147806	2161161	50	5800	2153605	ITS1_repeat_region
5902	T	TGG/TG	T--	INDEL	chr14	chr14_operon_2	2147806	2161161	50	5852	2153657	ITS1_repeat_region
6000	C	T	C	SNP	chr14	chr14_operon_2	2147806	2161161	52	5948	2153753	ITS1_repeat_region
6115	G	GC	GC	INDEL	chr14	chr14_operon_2	2147806	2161161	52	6063	2153868	ITS1_repeat_region
6228	T	TC	T-	INDEL	chr14	chr14_operon_2	2147806	2161161	52	6176	2153981	ITS1_repeat_region
6247	G	A	G	SNP	chr14	chr14_operon_2	2147806	2161161	53	6194	2153999	ITS1_repeat_region
6306	C	A	C	SNP	chr14	chr14_operon_2	2147806	2161161	53	6253	2154058	ITS1_repeat_region
6307	C	CT	C-	INDEL	chr14	chr14_operon_2	2147806	2161161	53	6254	2154059	ITS1_repeat_region
6317	G	C	G	SNP	chr14	chr14_operon_2	2147806	2161161	54	6263	2154068	ITS1_repeat_region
6334	T	G	T	SNP	chr14	chr14_operon_2	2147806	2161161	54	6280	2154085	ITS1_repeat_region
6340	C	T	C	SNP	chr14	chr14_operon_2	2147806	2161161	54	6286	2154091	ITS1_repeat_region
6551	G	-	-	INDEL	chr14	chr14_operon_2	2147806	2161161	54	6497	2154302	ITS1_repeat_region
6552	G	-/C	-	SNP	chr14	chr14_operon_2	2147806	2161161	55	6497	2154302	ITS1_repeat_region
6557	C	TTG/GGC/T/GGG/G	GGC	INDEL	chr14	chr14_operon_2	2147806	2161161	56	6501	2154306	ITS1_repeat_region
6560	G	T	G	SNP	chr14	chr14_operon_2	2147806	2161161	56	6504	2154309	ITS1_repeat_region
6915	T	C	T	SNP	chr14	chr14_operon_2	2147806	2161161	56	6859	2154664	ITS2
6919	G	A	G	SNP	chr14	chr14_operon_2	2147806	2161161	56	6863	2154668	ITS2
6930	C	T	C	SNP	chr14	chr14_operon_2	2147806	2161161	56	6874	2154679	ITS2
6942	C	T	C	SNP	chr14	chr14_operon_2	2147806	2161161	56	6886	2154691	ITS2
6943	T	TC	TC	INDEL	chr14	chr14_operon_2	2147806	2161161	56	6887	2154692	ITS2
7195	C	CCGT	C---	INDEL	chr14	chr14_operon_2	2147806	2161161	56	7139	2154944	ITS2
7289	A	C	A	SNP	chr14	chr14_operon_2	2147806	2161161	59	7230	2155035	ITS2
7406	C	-	-	INDEL	chr14	chr14_operon_2	2147806	2161161	59	7347	2155152	ITS2
7428	G	GC	G-	INDEL	chr14	chr14_operon_2	2147806	2161161	60	7368	2155173	ITS2
7434	G	C	G	SNP	chr14	chr14_operon_2	2147806	2161161	61	7373	2155178	ITS2
7549	T	C	T	SNP	chr14	chr14_operon_2	2147806	2161161	61	7488	2155293	ITS2
7699	C	T	C	SNP	chr14	chr14_operon_2	2147806	2161161	61	7638	2155443	ITS2
7790	T	G	T	SNP	chr14	chr14_operon_2	2147806	2161161	61	7729	2155534	ITS2
7810	C	T	C	SNP	chr14	chr14_operon_2	2147806	2161161	61	7749	2155554	ITS2
7829	T	C	C	SNP	chr14	chr14_operon_2	2147806	2161161	61	7768	2155573	ITS2
7833	C	G	G	SNP	chr14	chr14_operon_2	2147806	2161161	61	7772	2155577	ITS2
7842	G	GC	GC	INDEL	chr14	chr14_operon_2	2147806	2161161	61	7781	2155586	ITS2
8024	A	G	G	SNP	chr14	chr14_operon_2	2147806	2161161	61	7963	2155768	28S
8622	C	G	C	SNP	chr14	chr14_operon_2	2147806	2161161	61	8561	2156366	28S
8728	CCGT	-	CCGT	INDEL	chr14	chr14_operon_2	2147806	2161161	61	8667	2156472	28S
8746	G	/GT	GT	INDEL	chr14	chr14_operon_2	2147806	2161161	61	8685	2156490	28S
8748	T	C/-	C	SNP	chr14	chr14_operon_2	2147806	2161161	61	8687	2156492	28S
8749	C	-	C	INDEL	chr14	chr14_operon_2	2147806	2161161	61	8688	2156493	28S
8750	C	G/-	-	SNP	chr14	chr14_operon_2	2147806	2161161	61	8689	2156494	28S
8813	GGC	-	GGC	INDEL	chr14	chr14_operon_2	2147806	2161161	62	8751	2156556	28S
8816	GGC	-	GGC	INDEL	chr14	chr14_operon_2	2147806	2161161	62	8754	2156559	28S
8827	T	CGGT/C	C---	INDEL	chr14	chr14_operon_2	2147806	2161161	62	8765	2156570	28S
8831	GGC	-	GGC	INDEL	chr14	chr14_operon_2	2147806	2161161	65	8766	2156571	28S
8836	C	CGGT/T/TGGC/CGGC	TGGC	INDEL	chr14	chr14_operon_2	2147806	2161161	65	8771	2156576	28S
8842	C	T	C	SNP	chr14	chr14_operon_2	2147806	2161161	65	8777	2156582	28S
8846	GG	-	GG	INDEL	chr14	chr14_operon_2	2147806	2161161	65	8781	2156586	28S
8848	C	/CGGG/CGGC	CGGC	INDEL	chr14	chr14_operon_2	2147806	2161161	65	8783	2156588	28S
8867	A	AC	AC	INDEL	chr14	chr14_operon_2	2147806	2161161	65	8802	2156607	28S
8886	G	GC	GC	INDEL	chr14	chr14_operon_2	2147806	2161161	65	8821	2156626	28S
9108	G	T	G	SNP	chr14	chr14_operon_2	2147806	2161161	65	9043	2156848	28S
9120	C	T	C	SNP	chr14	chr14_operon_2	2147806	2161161	65	9055	2156860	28S
9186	G	-	-	INDEL	chr14	chr14_operon_2	2147806	2161161	65	9121	2156926	28S
10121	G	GGGC/GGGCGGC	GGGCGGC	INDEL	chr14	chr14_operon_2	2147806	2161161	66	10055	2157860	28S
10128	GGC	-	GGC	INDEL	chr14	chr14_operon_2	2147806	2161161	66	10062	2157867	28S
10137	GGCG	-	GGCG	INDEL	chr14	chr14_operon_2	2147806	2161161	66	10071	2157876	28S
10141	G	GC/	GC	INDEL	chr14	chr14_operon_2	2147806	2161161	66	10075	2157880	28S
10143	C	-/G	G	SNP	chr14	chr14_operon_2	2147806	2161161	66	10077	2157882	28S
10144	G	-	G	INDEL	chr14	chr14_operon_2	2147806	2161161	66	10078	2157883	28S
10145	G	-/C	-	SNP	chr14	chr14_operon_2	2147806	2161161	66	10079	2157884	28S
10149	T	G	T	SNP	chr14	chr14_operon_2	2147806	2161161	67	10082	2157887	28S
10153	T	-	T	INDEL	chr14	chr14_operon_2	2147806	2161161	67	10086	2157891	28S
10155	G	T	G	SNP	chr14	chr14_operon_2	2147806	2161161	67	10088	2157893	28S
10157	G	T	G	SNP	chr14	chr14_operon_2	2147806	2161161	67	10090	2157895	28S
10158	T	G/C	T	SNP	chr14	chr14_operon_2	2147806	2161161	67	10091	2157896	28S
10159	C	-	C	INDEL	chr14	chr14_operon_2	2147806	2161161	67	10092	2157897	28S
10160	C	T/G	C	SNP	chr14	chr14_operon_2	2147806	2161161	67	10093	2157898	28S
10161	T	-	T	INDEL	chr14	chr14_operon_2	2147806	2161161	67	10094	2157899	28S
10162	C	T/-	C	SNP	chr14	chr14_operon_2	2147806	2161161	67	10095	2157900	28S
10163	C	-	C	INDEL	chr14	chr14_operon_2	2147806	2161161	67	10096	2157901	28S
10164	C	TCCC/CCC/CCCG/CCCC	CCCG	INDEL	chr14	chr14_operon_2	2147806	2161161	67	10097	2157902	28S
10168	C	-/G	-	SNP	chr14	chr14_operon_2	2147806	2161161	67	10101	2157906	28S
10169	C	-	-	INDEL	chr14	chr14_operon_2	2147806	2161161	68	10101	2157906	28S
10170	G	CCC/GCC/GC/CC/C	CC-	INDEL	chr14	chr14_operon_2	2147806	2161161	69	10101	2157906	28S
10399	G	GTT	G--	INDEL	chr14	chr14_operon_2	2147806	2161161	70	10329	2158134	28S
10447	T	C	C	SNP	chr14	chr14_operon_2	2147806	2161161	72	10375	2158180	28S
10942	G	GC	G-	INDEL	chr14	chr14_operon_2	2147806	2161161	72	10870	2158675	28S
10979	T	C	T	SNP	chr14	chr14_operon_2	2147806	2161161	73	10906	2158711	28S
11019	A	G	A	SNP	chr14	chr14_operon_2	2147806	2161161	73	10946	2158751	28S
11028	C	CCTCT/CCT	CCT--	INDEL	chr14	chr14_operon_2	2147806	2161161	73	10955	2158760	28S
11108	G	GGA	GGA	INDEL	chr14	chr14_operon_2	2147806	2161161	75	11033	2158838	28S
11126	G	T	G	SNP	chr14	chr14_operon_2	2147806	2161161	75	11051	2158856	28S
11143	G	GC	GC	INDEL	chr14	chr14_operon_2	2147806	2161161	75	11068	2158873	28S
11145	CCGCCGCGGGGCCCCGGCGGCGGGGG	-	CCGCCGCGGGGCCCCGGCGGCGGGGG	INDEL	chr14	chr14_operon_2	2147806	2161161	75	11070	2158875	28S
11316	C	-	C	INDEL	chr14	chr14_operon_2	2147806	2161161	75	11241	2159046	28S
11320	C	CCCC/CCCCCA/CC/CCCCA	CCCCA-	INDEL	chr14	chr14_operon_2	2147806	2161161	75	11245	2159050	28S
11336	A	G	A	SNP	chr14	chr14_operon_2	2147806	2161161	76	11260	2159065	28S
11398	C	T	C	SNP	chr14	chr14_operon_2	2147806	2161161	76	11322	2159127	28S
11476	C	CGCG/CGCGGCGGCG/CGCGGCG	CGCGGCGGCG	INDEL	chr14	chr14_operon_2	2147806	2161161	76	11400	2159205	28S
11492	GCGGCGGC	-	GCGGCGGC	INDEL	chr14	chr14_operon_2	2147806	2161161	76	11416	2159221	28S
11500	G	A/-	A	SNP	chr14	chr14_operon_2	2147806	2161161	76	11424	2159229	28S
11891	G	-	G	INDEL	chr14	chr14_operon_2	2147806	2161161	76	11815	2159620	28S
11979	C	T	C	SNP	chr14	chr14_operon_2	2147806	2161161	76	11903	2159708	28S
12345	T	TTTTGGG	T------	INDEL	chr14	chr14_operon_2	2147806	2161161	76	12269	2160074	28S
12797	G	GC/GCC	GC-	INDEL	chr14	chr14_operon_2	2147806	2161161	82	12715	2160520	28S
12811	A	G	A	SNP	chr14	chr14_operon_2	2147806	2161161	83	12728	2160533	28S
12821	C	T	C	SNP	chr14	chr14_operon_2	2147806	2161161	83	12738	2160543	28S
12907	T	C	C	SNP	chr14	chr14_operon_2	2147806	2161161	83	12824	2160629	28S
13072	CG	-	CG	INDEL	chr14	chr14_operon_2	2147806	2161161	83	12989	2160794	28S
13074	CG	-	CG	INDEL	chr14	chr14_operon_2	2147806	2161161	83	12991	2160796	ETS_3p
13076	CGCG	-	CGCG	INDEL	chr14	chr14_operon_2	2147806	2161161	83	12993	2160798	ETS_3p
13080	C	CGCGC	CGCGC	INDEL	chr14	chr14_operon_2	2147806	2161161	83	12997	2160802	ETS_3p
13085	GCGC	-	GCGC	INDEL	chr14	chr14_operon_2	2147806	2161161	83	13002	2160807	ETS_3p
13089	GCGCGT	-	GCGCGT	INDEL	chr14	chr14_operon_2	2147806	2161161	83	13006	2160811	ETS_3p
13201	T	TGGG/TGG/TGGGGGTGGGG	TGG--------	INDEL	chr14	chr14_operon_2	2147806	2161161	83	13118	2160923	ETS_3p
13415	T	TG	T-	INDEL	chr14	chr14_operon_2	2147806	2161161	91	13324	2161129	ETS_3p
7	A	G	A	SNP	chr14	chr14_operon_16	2767484	2780864	0	7	2767490	ETS_5p
139	T	C	C	SNP	chr14	chr14_operon_16	2767484	2780864	0	139	2767622	ETS_5p
640	G	T	G	SNP	chr14	chr14_operon_16	2767484	2780864	0	640	2768123	ETS_5p
777	C	CGG	C--	INDEL	chr14	chr14_operon_16	2767484	2780864	0	777	2768260	ETS_5p
965	G	A	A	SNP	chr14	chr14_operon_16	2767484	2780864	2	963	2768446	ETS_5p
1293	C	G	C	SNP	chr14	chr14_operon_16	2767484	2780864	2	1291	2768774	ETS_5p
1327	C	T	C	SNP	chr14	chr14_operon_16	2767484	2780864	2	1325	2768808	ETS_5p
1512	G	GT	G-	INDEL	chr14	chr14_operon_16	2767484	2780864	2	1510	2768993	ETS_5p
1641	T	TC	T-	INDEL	chr14	chr14_operon_16	2767484	2780864	3	1638	2769121	ETS_5p
1687	G	GT	G-	INDEL	chr14	chr14_operon_16	2767484	2780864	4	1683	2769166	ETS_5p
1761	T	C	T	SNP	chr14	chr14_operon_16	2767484	2780864	5	1756	2769239	ETS_5p
1949	G	C	G	SNP	chr14	chr14_operon_16	2767484	2780864	5	1944	2769427	ETS_5p
1950	T	G	T	SNP	chr14	chr14_operon_16	2767484	2780864	5	1945	2769428	ETS_5p
2104	C	T	C	SNP	chr14	chr14_operon_16	2767484	2780864	5	2099	2769582	ETS_5p
2149	G	C	G	SNP	chr14	chr14_operon_16	2767484	2780864	5	2144	2769627	ETS_5p
2204	T	TCGCC	T----	INDEL	chr14	chr14_operon_16	2767484	2780864	5	2199	2769682	ETS_5p
2293	T	C	T	SNP	chr14	chr14_operon_16	2767484	2780864	9	2284	2769767	ETS_5p
2347	A	G	A	SNP	chr14	chr14_operon_16	2767484	2780864	9	2338	2769821	ETS_5p
2372	C	G	C	SNP	chr14	chr14_operon_16	2767484	2780864	9	2363	2769846	ETS_5p
2398	CGGTGGCGCCCCGCGTGGGGCC	-	CGGTGGCGCCCCGCGTGGGGCC	INDEL	chr14	chr14_operon_16	2767484	2780864	9	2389	2769872	ETS_5p
2432	C	A	C	SNP	chr14	chr14_operon_16	2767484	2780864	9	2423	2769906	ETS_5p
2501	T	TGCG/C	T---	INDEL	chr14	chr14_operon_16	2767484	2780864	9	2492	2769975	ETS_5p
2605	T	C	T	SNP	chr14	chr14_operon_16	2767484	2780864	12	2593	2770076	ETS_5p
2632	A	C	A	SNP	chr14	chr14_operon_16	2767484	2780864	12	2620	2770103	ETS_5p
2844	C	T	T	SNP	chr14	chr14_operon_16	2767484	2780864	12	2832	2770315	ETS_5p
3035	G	T	G	SNP	chr14	chr14_operon_16	2767484	2780864	12	3023	2770506	ETS_5p
3062	C	CG	C-	INDEL	chr14	chr14_operon_16	2767484	2780864	12	3050	2770533	ETS_5p
3219	C	A	C	SNP	chr14	chr14_operon_16	2767484	2780864	13	3206	2770689	ETS_5p
3313	CG	-	CG	INDEL	chr14	chr14_operon_16	2767484	2780864	13	3300	2770783	ETS_5p
3398	A	G	A	SNP	chr14	chr14_operon_16	2767484	2780864	13	3385	2770868	ETS_5p
3536	CCCGT	-	CCCGT	INDEL	chr14	chr14_operon_16	2767484	2780864	13	3523	2771006	ETS_5p
3541	CCGC	-	CCGC	INDEL	chr14	chr14_operon_16	2767484	2780864	13	3528	2771011	ETS_5p
3545	CCGTCC	-	CCGTCC	INDEL	chr14	chr14_operon_16	2767484	2780864	13	3532	2771015	ETS_5p
3551	GCGG	-	GCGG	INDEL	chr14	chr14_operon_16	2767484	2780864	13	3538	2771021	ETS_5p
3555	C	-/G	C	SNP	chr14	chr14_operon_16	2767484	2780864	13	3542	2771025	ETS_5p
3556	C	-	C	INDEL	chr14	chr14_operon_16	2767484	2780864	13	3543	2771026	ETS_5p
3557	C	G/-	C	SNP	chr14	chr14_operon_16	2767484	2780864	13	3544	2771027	ETS_5p
3558	G	-	G	INDEL	chr14	chr14_operon_16	2767484	2780864	13	3545	2771028	ETS_5p
3559	T	-/C	T	SNP	chr14	chr14_operon_16	2767484	2780864	13	3546	2771029	ETS_5p
3560	CCG	-	CCG	INDEL	chr14	chr14_operon_16	2767484	2780864	13	3547	2771030	ETS_5p
3563	T	-/C	T	SNP	chr14	chr14_operon_16	2767484	2780864	13	3550	2771033	ETS_5p
3654	C	A	C	SNP	chr14	chr14_operon_16	2767484	2780864	13	3641	2771124	ETS_5p
3666	T	-	-	INDEL	chr14	chr14_operon_16	2767484	2780864	13	3653	2771136	ETS_5p
4926	G	GGAA	G---	INDEL	chr14	chr14_operon_16	2767484	2780864	14	4912	2772395	18S
5572	G	GCGC	G---	INDEL	chr14	chr14_operon_16	2767484	2780864	17	5555	2773038	ITS1_repeat_region
5627	GCGCGT	-	GCGCGT	INDEL	chr14	chr14_operon_16	2767484	2780864	20	5607	2773090	ITS1_repeat_region
5661	T	C	T	SNP	chr14	chr14_operon_16	2767484	2780864	20	5641	2773124	ITS1_repeat_region
5669	C	CTCGT	C----	INDEL	chr14	chr14_operon_16	2767484	2780864	20	5649	2773132	ITS1_repeat_region
5717	A	G	A	SNP	chr14	chr14_operon_16	2767484	2780864	24	5693	2773176	ITS1_repeat_region
5735	G	-	G	INDEL	chr14	chr14_operon_16	2767484	2780864	24	5711	2773194	ITS1_repeat_region
5736	G	/GGA/GGAGA/AGAGA/GGGGA/GGAGAGAGA/GGAGAGA	GGGGA----	INDEL	chr14	chr14_operon_16	2767484	2780864	24	5712	2773195	ITS1_repeat_region
5745	G	-	G	INDEL	chr14	chr14_operon_16	2767484	2780864	28	5717	2773200	ITS1_repeat_region
5746	A	-/G	A	SNP	chr14	chr14_operon_16	2767484	2780864	28	5718	2773201	ITS1_repeat_region
5747	GA	-	GA	INDEL	chr14	chr14_operon_16	2767484	2780864	28	5719	2773202	ITS1_repeat_region
5749	GA	-	GA	INDEL	chr14	chr14_operon_16	2767484	2780864	28	5721	2773204	ITS1_repeat_region
5751	G	-/C	G	SNP	chr14	chr14_operon_16	2767484	2780864	28	5723	2773206	ITS1_repeat_region
5752	A	-	A	INDEL	chr14	chr14_operon_16	2767484	2780864	28	5724	2773207	ITS1_repeat_region
5753	GA	-	GA	INDEL	chr14	chr14_operon_16	2767484	2780864	28	5725	2773208	ITS1_repeat_region
5756	A	T	A	SNP	chr14	chr14_operon_16	2767484	2780864	28	5728	2773211	ITS1_repeat_region
5758	A	G	A	SNP	chr14	chr14_operon_16	2767484	2780864	28	5730	2773213	ITS1_repeat_region
5760	AGA	-	AGA	INDEL	chr14	chr14_operon_16	2767484	2780864	28	5732	2773215	ITS1_repeat_region
5763	G	A/-	G	SNP	chr14	chr14_operon_16	2767484	2780864	28	5735	2773218	ITS1_repeat_region
5764	A	-	A	INDEL	chr14	chr14_operon_16	2767484	2780864	28	5736	2773219	ITS1_repeat_region
5765	A	G/-	A	SNP	chr14	chr14_operon_16	2767484	2780864	28	5737	2773220	ITS1_repeat_region
5837	A	C	C	SNP	chr14	chr14_operon_16	2767484	2780864	28	5809	2773292	ITS1_repeat_region
5850	G	A	G	SNP	chr14	chr14_operon_16	2767484	2780864	28	5822	2773305	ITS1_repeat_region
5902	T	TGG/TG	T--	INDEL	chr14	chr14_operon_16	2767484	2780864	28	5874	2773357	ITS1_repeat_region
6000	C	T	C	SNP	chr14	chr14_operon_16	2767484	2780864	30	5970	2773453	ITS1_repeat_region
6115	G	GC	GC	INDEL	chr14	chr14_operon_16	2767484	2780864	30	6085	2773568	ITS1_repeat_region
6228	T	TC	T-	INDEL	chr14	chr14_operon_16	2767484	2780864	30	6198	2773681	ITS1_repeat_region
6247	G	A	A	SNP	chr14	chr14_operon_16	2767484	2780864	31	6216	2773699	ITS1_repeat_region
6306	C	A	C	SNP	chr14	chr14_operon_16	2767484	2780864	31	6275	2773758	ITS1_repeat_region
6307	C	CT	C-	INDEL	chr14	chr14_operon_16	2767484	2780864	31	6276	2773759	ITS1_repeat_region
6317	G	C	G	SNP	chr14	chr14_operon_16	2767484	2780864	32	6285	2773768	ITS1_repeat_region
6334	T	G	T	SNP	chr14	chr14_operon_16	2767484	2780864	32	6302	2773785	ITS1_repeat_region
6340	C	T	C	SNP	chr14	chr14_operon_16	2767484	2780864	32	6308	2773791	ITS1_repeat_region
6551	G	-	G	INDEL	chr14	chr14_operon_16	2767484	2780864	32	6519	2774002	ITS1_repeat_region
6552	G	-/C	G	SNP	chr14	chr14_operon_16	2767484	2780864	32	6520	2774003	ITS1_repeat_region
6557	C	TTG/GGC/T/GGG/G	C--	INDEL	chr14	chr14_operon_16	2767484	2780864	32	6525	2774008	ITS1_repeat_region
6560	G	T	G	SNP	chr14	chr14_operon_16	2767484	2780864	34	6526	2774009	ITS1_repeat_region
6915	T	C	T	SNP	chr14	chr14_operon_16	2767484	2780864	34	6881	2774364	ITS2
6919	G	A	G	SNP	chr14	chr14_operon_16	2767484	2780864	34	6885	2774368	ITS2
6930	C	T	C	SNP	chr14	chr14_operon_16	2767484	2780864	34	6896	2774379	ITS2
6942	C	T	C	SNP	chr14	chr14_operon_16	2767484	2780864	34	6908	2774391	ITS2
6943	T	TC	TC	INDEL	chr14	chr14_operon_16	2767484	2780864	34	6909	2774392	ITS2
7195	C	CCGT	C---	INDEL	chr14	chr14_operon_16	2767484	2780864	34	7161	2774644	ITS2
7289	A	C	A	SNP	chr14	chr14_operon_16	2767484	2780864	37	7252	2774735	ITS2
7406	C	-	-	INDEL	chr14	chr14_operon_16	2767484	2780864	37	7369	2774852	ITS2
7428	G	GC	G-	INDEL	chr14	chr14_operon_16	2767484	2780864	38	7390	2774873	ITS2
7434	G	C	G	SNP	chr14	chr14_operon_16	2767484	2780864	39	7395	2774878	ITS2
7549	T	C	T	SNP	chr14	chr14_operon_16	2767484	2780864	39	7510	2774993	ITS2
7699	C	T	C	SNP	chr14	chr14_operon_16	2767484	2780864	39	7660	2775143	ITS2
7790	T	G	T	SNP	chr14	chr14_operon_16	2767484	2780864	39	7751	2775234	ITS2
7810	C	T	C	SNP	chr14	chr14_operon_16	2767484	2780864	39	7771	2775254	ITS2
7829	T	C	C	SNP	chr14	chr14_operon_16	2767484	2780864	39	7790	2775273	ITS2
7833	C	G	G	SNP	chr14	chr14_operon_16	2767484	2780864	39	7794	2775277	ITS2
7842	G	GC	GC	INDEL	chr14	chr14_operon_16	2767484	2780864	39	7803	2775286	ITS2
8024	A	G	G	SNP	chr14	chr14_operon_16	2767484	2780864	39	7985	2775468	28S
8622	C	G	C	SNP	chr14	chr14_operon_16	2767484	2780864	39	8583	2776066	28S
8728	CCGT	-	CCGT	INDEL	chr14	chr14_operon_16	2767484	2780864	39	8689	2776172	28S
8746	G	/GT	GT	INDEL	chr14	chr14_operon_16	2767484	2780864	39	8707	2776190	28S
8748	T	C/-	C	SNP	chr14	chr14_operon_16	2767484	2780864	39	8709	2776192	28S
8749	C	-	C	INDEL	chr14	chr14_operon_16	2767484	2780864	39	8710	2776193	28S
8750	C	G/-	-	SNP	chr14	chr14_operon_16	2767484	2780864	39	8711	2776194	28S
8813	GGC	-	GGC	INDEL	chr14	chr14_operon_16	2767484	2780864	40	8773	2776256	28S
8816	GGC	-	GGC	INDEL	chr14	chr14_operon_16	2767484	2780864	40	8776	2776259	28S
8827	T	CGGT/C	C---	INDEL	chr14	chr14_operon_16	2767484	2780864	40	8787	2776270	28S
8831	GGC	-	GGC	INDEL	chr14	chr14_operon_16	2767484	2780864	43	8788	2776271	28S
8836	C	CGGT/T/TGGC/CGGC	TGGC	INDEL	chr14	chr14_operon_16	2767484	2780864	43	8793	2776276	28S
8842	C	T	C	SNP	chr14	chr14_operon_16	2767484	2780864	43	8799	2776282	28S
8846	GG	-	GG	INDEL	chr14	chr14_operon_16	2767484	2780864	43	8803	2776286	28S
8848	C	/CGGG/CGGC	CGGC	INDEL	chr14	chr14_operon_16	2767484	2780864	43	8805	2776288	28S
8867	A	AC	AC	INDEL	chr14	chr14_operon_16	2767484	2780864	43	8824	2776307	28S
8886	G	GC	GC	INDEL	chr14	chr14_operon_16	2767484	2780864	43	8843	2776326	28S
9108	G	T	G	SNP	chr14	chr14_operon_16	2767484	2780864	43	9065	2776548	28S
9120	C	T	C	SNP	chr14	chr14_operon_16	2767484	2780864	43	9077	2776560	28S
9186	G	-	-	INDEL	chr14	chr14_operon_16	2767484	2780864	43	9143	2776626	28S
10121	G	GGGC/GGGCGGC	GGGCGGC	INDEL	chr14	chr14_operon_16	2767484	2780864	44	10077	2777560	28S
10128	GGC	-	GGC	INDEL	chr14	chr14_operon_16	2767484	2780864	44	10084	2777567	28S
10137	GGCG	-	GGCG	INDEL	chr14	chr14_operon_16	2767484	2780864	44	10093	2777576	28S
10141	G	GC/	GC	INDEL	chr14	chr14_operon_16	2767484	2780864	44	10097	2777580	28S
10143	C	-/G	G	SNP	chr14	chr14_operon_16	2767484	2780864	44	10099	2777582	28S
10144	G	-	G	INDEL	chr14	chr14_operon_16	2767484	2780864	44	10100	2777583	28S
10145	G	-/C	-	SNP	chr14	chr14_operon_16	2767484	2780864	44	10101	2777584	28S
10149	T	G	T	SNP	chr14	chr14_operon_16	2767484	2780864	45	10104	2777587	28S
10153	T	-	T	INDEL	chr14	chr14_operon_16	2767484	2780864	45	10108	2777591	28S
10155	G	T	G	SNP	chr14	chr14_operon_16	2767484	2780864	45	10110	2777593	28S
10157	G	T	G	SNP	chr14	chr14_operon_16	2767484	2780864	45	10112	2777595	28S
10158	T	G/C	T	SNP	chr14	chr14_operon_16	2767484	2780864	45	10113	2777596	28S
10159	C	-	C	INDEL	chr14	chr14_operon_16	2767484	2780864	45	10114	2777597	28S
10160	C	T/G	C	SNP	chr14	chr14_operon_16	2767484	2780864	45	10115	2777598	28S
10161	T	-	-	INDEL	chr14	chr14_operon_16	2767484	2780864	45	10116	2777599	28S
10162	C	T/-	T	SNP	chr14	chr14_operon_16	2767484	2780864	46	10116	2777599	28S
10163	C	-	C	INDEL	chr14	chr14_operon_16	2767484	2780864	46	10117	2777600	28S
10164	C	TCCC/CCC/CCCG/CCCC	CCCC	INDEL	chr14	chr14_operon_16	2767484	2780864	46	10118	2777601	28S
10168	C	-/G	G	SNP	chr14	chr14_operon_16	2767484	2780864	46	10122	2777605	28S
10169	C	-	C	INDEL	chr14	chr14_operon_16	2767484	2780864	46	10123	2777606	28S
10170	G	CCC/GCC/GC/CC/C	CC-	INDEL	chr14	chr14_operon_16	2767484	2780864	46	10124	2777607	28S
10399	G	GTT	GTT	INDEL	chr14	chr14_operon_16	2767484	2780864	47	10352	2777835	28S
10447	T	C	C	SNP	chr14	chr14_operon_16	2767484	2780864	47	10400	2777883	28S
10942	G	GC	G-	INDEL	chr14	chr14_operon_16	2767484	2780864	47	10895	2778378	28S
10979	T	C	T	SNP	chr14	chr14_operon_16	2767484	2780864	48	10931	2778414	28S
11019	A	G	A	SNP	chr14	chr14_operon_16	2767484	2780864	48	10971	2778454	28S
11028	C	CCTCT/CCT	CCT--	INDEL	chr14	chr14_operon_16	2767484	2780864	48	10980	2778463	28S
11108	G	GGA	GGA	INDEL	chr14	chr14_operon_16	2767484	2780864	50	11058	2778541	28S
11126	G	T	G	SNP	chr14	chr14_operon_16	2767484	2780864	50	11076	2778559	28S
11143	G	GC	GC	INDEL	chr14	chr14_operon_16	2767484	2780864	50	11093	2778576	28S
11145	CCGCCGCGGGGCCCCGGCGGCGGGGG	-	CCGCCGCGGGGCCCCGGCGGCGGGGG	INDEL	chr14	chr14_operon_16	2767484	2780864	50	11095	2778578	28S
11316	C	-	-	INDEL	chr14	chr14_operon_16	2767484	2780864	50	11266	2778749	28S
11320	C	CCCC/CCCCCA/CC/CCCCA	CCCCCA	INDEL	chr14	chr14_operon_16	2767484	2780864	51	11269	2778752	28S
11336	A	G	A	SNP	chr14	chr14_operon_16	2767484	2780864	51	11285	2778768	28S
11398	C	T	C	SNP	chr14	chr14_operon_16	2767484	2780864	51	11347	2778830	28S
11476	C	CGCG/CGCGGCGGCG/CGCGGCG	CGCGGCGGCG	INDEL	chr14	chr14_operon_16	2767484	2780864	51	11425	2778908	28S
11492	GCGGCGGC	-	GCGGCGGC	INDEL	chr14	chr14_operon_16	2767484	2780864	51	11441	2778924	28S
11500	G	A/-	A	SNP	chr14	chr14_operon_16	2767484	2780864	51	11449	2778932	28S
11891	G	-	G	INDEL	chr14	chr14_operon_16	2767484	2780864	51	11840	2779323	28S
11979	C	T	C	SNP	chr14	chr14_operon_16	2767484	2780864	51	11928	2779411	28S
12345	T	TTTTGGG	T------	INDEL	chr14	chr14_operon_16	2767484	2780864	51	12294	2779777	28S
12797	G	GC/GCC	GC-	INDEL	chr14	chr14_operon_16	2767484	2780864	57	12740	2780223	28S
12811	A	G	A	SNP	chr14	chr14_operon_16	2767484	2780864	58	12753	2780236	28S
12821	C	T	C	SNP	chr14	chr14_operon_16	2767484	2780864	58	12763	2780246	28S
12907	T	C	C	SNP	chr14	chr14_operon_16	2767484	2780864	58	12849	2780332	28S
13072	CG	-	CG	INDEL	chr14	chr14_operon_16	2767484	2780864	58	13014	2780497	28S
13074	CG	-	CG	INDEL	chr14	chr14_operon_16	2767484	2780864	58	13016	2780499	ETS_3p
13076	CGCG	-	CGCG	INDEL	chr14	chr14_operon_16	2767484	2780864	58	13018	2780501	ETS_3p
13080	C	CGCGC	CGCGC	INDEL	chr14	chr14_operon_16	2767484	2780864	58	13022	2780505	ETS_3p
13085	GCGC	-	GCGC	INDEL	chr14	chr14_operon_16	2767484	2780864	58	13027	2780510	ETS_3p
13089	GCGCGT	-	GCGCGT	INDEL	chr14	chr14_operon_16	2767484	2780864	58	13031	2780514	ETS_3p
13201	T	TGGG/TGG/TGGGGGTGGGG	TGG--------	INDEL	chr14	chr14_operon_16	2767484	2780864	58	13143	2780626	ETS_3p
13415	T	TG	T-	INDEL	chr14	chr14_operon_16	2767484	2780864	66	13349	2780832	ETS_3p
7	A	G	A	SNP	chr15	chr15_operon_1	2510165	2523524	0	7	2510171	ETS_5p
139	T	C	C	SNP	chr15	chr15_operon_1	2510165	2523524	0	139	2510303	ETS_5p
640	G	T	G	SNP	chr15	chr15_operon_1	2510165	2523524	0	640	2510804	ETS_5p
777	C	CGG	C--	INDEL	chr15	chr15_operon_1	2510165	2523524	0	777	2510941	ETS_5p
965	G	A	A	SNP	chr15	chr15_operon_1	2510165	2523524	2	963	2511127	ETS_5p
1293	C	G	C	SNP	chr15	chr15_operon_1	2510165	2523524	2	1291	2511455	ETS_5p
1327	C	T	C	SNP	chr15	chr15_operon_1	2510165	2523524	2	1325	2511489	ETS_5p
1512	G	GT	GT	INDEL	chr15	chr15_operon_1	2510165	2523524	2	1510	2511674	ETS_5p
1641	T	TC	TC	INDEL	chr15	chr15_operon_1	2510165	2523524	2	1639	2511803	ETS_5p
1687	G	GT	GT	INDEL	chr15	chr15_operon_1	2510165	2523524	2	1685	2511849	ETS_5p
1761	T	C	C	SNP	chr15	chr15_operon_1	2510165	2523524	2	1759	2511923	ETS_5p
1949	G	C	C	SNP	chr15	chr15_operon_1	2510165	2523524	2	1947	2512111	ETS_5p
1950	T	G	G	SNP	chr15	chr15_operon_1	2510165	2523524	2	1948	2512112	ETS_5p
2104	C	T	C	SNP	chr15	chr15_operon_1	2510165	2523524	2	2102	2512266	ETS_5p
2149	G	C	C	SNP	chr15	chr15_operon_1	2510165	2523524	2	2147	2512311	ETS_5p
2204	T	TCGCC	T----	INDEL	chr15	chr15_operon_1	2510165	2523524	2	2202	2512366	ETS_5p
2293	T	C	T	SNP	chr15	chr15_operon_1	2510165	2523524	6	2287	2512451	ETS_5p
2347	A	G	G	SNP	chr15	chr15_operon_1	2510165	2523524	6	2341	2512505	ETS_5p
2372	C	G	C	SNP	chr15	chr15_operon_1	2510165	2523524	6	2366	2512530	ETS_5p
2398	CGGTGGCGCCCCGCGTGGGGCC	-	CGGTGGCGCCCCGCGTGGGGCC	INDEL	chr15	chr15_operon_1	2510165	2523524	6	2392	2512556	ETS_5p
2432	C	A	C	SNP	chr15	chr15_operon_1	2510165	2523524	6	2426	2512590	ETS_5p
2501	T	TGCG/C	T---	INDEL	chr15	chr15_operon_1	2510165	2523524	6	2495	2512659	ETS_5p
2605	T	C	T	SNP	chr15	chr15_operon_1	2510165	2523524	9	2596	2512760	ETS_5p
2632	A	C	C	SNP	chr15	chr15_operon_1	2510165	2523524	9	2623	2512787	ETS_5p
2844	C	T	C	SNP	chr15	chr15_operon_1	2510165	2523524	9	2835	2512999	ETS_5p
3035	G	T	G	SNP	chr15	chr15_operon_1	2510165	2523524	9	3026	2513190	ETS_5p
3062	C	CG	CG	INDEL	chr15	chr15_operon_1	2510165	2523524	9	3053	2513217	ETS_5p
3219	C	A	A	SNP	chr15	chr15_operon_1	2510165	2523524	9	3210	2513374	ETS_5p
3313	CG	-	--	INDEL	chr15	chr15_operon_1	2510165	2523524	9	3304	2513468	ETS_5p
3398	A	G	A	SNP	chr15	chr15_operon_1	2510165	2523524	11	3387	2513551	ETS_5p
3536	CCCGT	-	CCCGT	INDEL	chr15	chr15_operon_1	2510165	2523524	11	3525	2513689	ETS_5p
3541	CCGC	-	CCGC	INDEL	chr15	chr15_operon_1	2510165	2523524	11	3530	2513694	ETS_5p
3545	CCGTCC	-	CCGTCC	INDEL	chr15	chr15_operon_1	2510165	2523524	11	3534	2513698	ETS_5p
3551	GCGG	-	GCGG	INDEL	chr15	chr15_operon_1	2510165	2523524	11	3540	2513704	ETS_5p
3555	C	-/G	C	SNP	chr15	chr15_operon_1	2510165	2523524	11	3544	2513708	ETS_5p
3556	C	-	-	INDEL	chr15	chr15_operon_1	2510165	2523524	11	3545	2513709	ETS_5p
3557	C	G/-	-	SNP	chr15	chr15_operon_1	2510165	2523524	12	3545	2513709	ETS_5p
3558	G	-	-	INDEL	chr15	chr15_operon_1	2510165	2523524	13	3545	2513709	ETS_5p
3559	T	-/C	-	SNP	chr15	chr15_operon_1	2510165	2523524	14	3545	2513709	ETS_5p
3560	CCG	-	CCG	INDEL	chr15	chr15_operon_1	2510165	2523524	15	3545	2513709	ETS_5p
3563	T	-/C	T	SNP	chr15	chr15_operon_1	2510165	2523524	15	3548	2513712	ETS_5p
3654	C	A	C	SNP	chr15	chr15_operon_1	2510165	2523524	15	3639	2513803	ETS_5p
3666	T	-	T	INDEL	chr15	chr15_operon_1	2510165	2523524	15	3651	2513815	ETS_5p
4926	G	GGAA	G---	INDEL	chr15	chr15_operon_1	2510165	2523524	15	4911	2515075	18S
5572	G	GCGC	GCGC	INDEL	chr15	chr15_operon_1	2510165	2523524	18	5554	2515718	ITS1_repeat_region
5627	GCGCGT	-	GCGCGT	INDEL	chr15	chr15_operon_1	2510165	2523524	18	5609	2515773	ITS1_repeat_region
5661	T	C	T	SNP	chr15	chr15_operon_1	2510165	2523524	18	5643	2515807	ITS1_repeat_region
5669	C	CTCGT	C----	INDEL	chr15	chr15_operon_1	2510165	2523524	18	5651	2515815	ITS1_repeat_region
5717	A	G	A	SNP	chr15	chr15_operon_1	2510165	2523524	22	5695	2515859	ITS1_repeat_region
5735	G	-	G	INDEL	chr15	chr15_operon_1	2510165	2523524	22	5713	2515877	ITS1_repeat_region
5736	G	/GGA/GGAGA/AGAGA/GGGGA/GGAGAGAGA/GGAGAGA	G--------	INDEL	chr15	chr15_operon_1	2510165	2523524	22	5714	2515878	ITS1_repeat_region
5745	G	-	G	INDEL	chr15	chr15_operon_1	2510165	2523524	30	5715	2515879	ITS1_repeat_region
5746	A	-/G	A	SNP	chr15	chr15_operon_1	2510165	2523524	30	5716	2515880	ITS1_repeat_region
5747	GA	-	GA	INDEL	chr15	chr15_operon_1	2510165	2523524	30	5717	2515881	ITS1_repeat_region
5749	GA	-	GA	INDEL	chr15	chr15_operon_1	2510165	2523524	30	5719	2515883	ITS1_repeat_region
5751	G	-/C	G	SNP	chr15	chr15_operon_1	2510165	2523524	30	5721	2515885	ITS1_repeat_region
5752	A	-	A	INDEL	chr15	chr15_operon_1	2510165	2523524	30	5722	2515886	ITS1_repeat_region
5753	GA	-	GA	INDEL	chr15	chr15_operon_1	2510165	2523524	30	5723	2515887	ITS1_repeat_region
5756	A	T	A	SNP	chr15	chr15_operon_1	2510165	2523524	30	5726	2515890	ITS1_repeat_region
5758	A	G	A	SNP	chr15	chr15_operon_1	2510165	2523524	30	5728	2515892	ITS1_repeat_region
5760	AGA	-	AGA	INDEL	chr15	chr15_operon_1	2510165	2523524	30	5730	2515894	ITS1_repeat_region
5763	G	A/-	G	SNP	chr15	chr15_operon_1	2510165	2523524	30	5733	2515897	ITS1_repeat_region
5764	A	-	A	INDEL	chr15	chr15_operon_1	2510165	2523524	30	5734	2515898	ITS1_repeat_region
5765	A	G/-	G	SNP	chr15	chr15_operon_1	2510165	2523524	30	5735	2515899	ITS1_repeat_region
5837	A	C	C	SNP	chr15	chr15_operon_1	2510165	2523524	30	5807	2515971	ITS1_repeat_region
5850	G	A	G	SNP	chr15	chr15_operon_1	2510165	2523524	30	5820	2515984	ITS1_repeat_region
5902	T	TGG/TG	TG-	INDEL	chr15	chr15_operon_1	2510165	2523524	30	5872	2516036	ITS1_repeat_region
6000	C	T	C	SNP	chr15	chr15_operon_1	2510165	2523524	31	5969	2516133	ITS1_repeat_region
6115	G	GC	G-	INDEL	chr15	chr15_operon_1	2510165	2523524	31	6084	2516248	ITS1_repeat_region
6228	T	TC	T-	INDEL	chr15	chr15_operon_1	2510165	2523524	32	6196	2516360	ITS1_repeat_region
6247	G	A	G	SNP	chr15	chr15_operon_1	2510165	2523524	33	6214	2516378	ITS1_repeat_region
6306	C	A	C	SNP	chr15	chr15_operon_1	2510165	2523524	33	6273	2516437	ITS1_repeat_region
6307	C	CT	C-	INDEL	chr15	chr15_operon_1	2510165	2523524	33	6274	2516438	ITS1_repeat_region
6317	G	C	G	SNP	chr15	chr15_operon_1	2510165	2523524	34	6283	2516447	ITS1_repeat_region
6334	T	G	G	SNP	chr15	chr15_operon_1	2510165	2523524	34	6300	2516464	ITS1_repeat_region
6340	C	T	C	SNP	chr15	chr15_operon_1	2510165	2523524	34	6306	2516470	ITS1_repeat_region
6551	G	-	G	INDEL	chr15	chr15_operon_1	2510165	2523524	34	6517	2516681	ITS1_repeat_region
6552	G	-/C	G	SNP	chr15	chr15_operon_1	2510165	2523524	34	6518	2516682	ITS1_repeat_region
6557	C	TTG/GGC/T/GGG/G	C--	INDEL	chr15	chr15_operon_1	2510165	2523524	34	6523	2516687	ITS1_repeat_region
6560	G	T	G	SNP	chr15	chr15_operon_1	2510165	2523524	36	6524	2516688	ITS1_repeat_region
6915	T	C	T	SNP	chr15	chr15_operon_1	2510165	2523524	36	6879	2517043	ITS2
6919	G	A	G	SNP	chr15	chr15_operon_1	2510165	2523524	36	6883	2517047	ITS2
6930	C	T	C	SNP	chr15	chr15_operon_1	2510165	2523524	36	6894	2517058	ITS2
6942	C	T	C	SNP	chr15	chr15_operon_1	2510165	2523524	36	6906	2517070	ITS2
6943	T	TC	TC	INDEL	chr15	chr15_operon_1	2510165	2523524	36	6907	2517071	ITS2
7195	C	CCGT	C---	INDEL	chr15	chr15_operon_1	2510165	2523524	36	7159	2517323	ITS2
7289	A	C	C	SNP	chr15	chr15_operon_1	2510165	2523524	39	7250	2517414	ITS2
7406	C	-	-	INDEL	chr15	chr15_operon_1	2510165	2523524	39	7367	2517531	ITS2
7428	G	GC	G-	INDEL	chr15	chr15_operon_1	2510165	2523524	40	7388	2517552	ITS2
7434	G	C	G	SNP	chr15	chr15_operon_1	2510165	2523524	41	7393	2517557	ITS2
7549	T	C	T	SNP	chr15	chr15_operon_1	2510165	2523524	41	7508	2517672	ITS2
7699	C	T	C	SNP	chr15	chr15_operon_1	2510165	2523524	41	7658	2517822	ITS2
7790	T	G	T	SNP	chr15	chr15_operon_1	2510165	2523524	41	7749	2517913	ITS2
7810	C	T	C	SNP	chr15	chr15_operon_1	2510165	2523524	41	7769	2517933	ITS2
7829	T	C	C	SNP	chr15	chr15_operon_1	2510165	2523524	41	7788	2517952	ITS2
7833	C	G	G	SNP	chr15	chr15_operon_1	2510165	2523524	41	7792	2517956	ITS2
7842	G	GC	GC	INDEL	chr15	chr15_operon_1	2510165	2523524	41	7801	2517965	ITS2
8024	A	G	G	SNP	chr15	chr15_operon_1	2510165	2523524	41	7983	2518147	28S
8622	C	G	C	SNP	chr15	chr15_operon_1	2510165	2523524	41	8581	2518745	28S
8728	CCGT	-	CCGT	INDEL	chr15	chr15_operon_1	2510165	2523524	41	8687	2518851	28S
8746	G	/GT	GT	INDEL	chr15	chr15_operon_1	2510165	2523524	41	8705	2518869	28S
8748	T	C/-	C	SNP	chr15	chr15_operon_1	2510165	2523524	41	8707	2518871	28S
8749	C	-	C	INDEL	chr15	chr15_operon_1	2510165	2523524	41	8708	2518872	28S
8750	C	G/-	G	SNP	chr15	chr15_operon_1	2510165	2523524	41	8709	2518873	28S
8813	GGC	-	GGC	INDEL	chr15	chr15_operon_1	2510165	2523524	41	8772	2518936	28S
8816	GGC	-	GGC	INDEL	chr15	chr15_operon_1	2510165	2523524	41	8775	2518939	28S
8827	T	CGGT/C	C---	INDEL	chr15	chr15_operon_1	2510165	2523524	41	8786	2518950	28S
8831	GGC	-	GGC	INDEL	chr15	chr15_operon_1	2510165	2523524	44	8787	2518951	28S
8836	C	CGGT/T/TGGC/CGGC	TGGC	INDEL	chr15	chr15_operon_1	2510165	2523524	44	8792	2518956	28S
8842	C	T	C	SNP	chr15	chr15_operon_1	2510165	2523524	44	8798	2518962	28S
8846	GG	-	GG	INDEL	chr15	chr15_operon_1	2510165	2523524	44	8802	2518966	28S
8848	C	/CGGG/CGGC	CGGG	INDEL	chr15	chr15_operon_1	2510165	2523524	44	8804	2518968	28S
8867	A	AC	AC	INDEL	chr15	chr15_operon_1	2510165	2523524	44	8823	2518987	28S
8886	G	GC	G-	INDEL	chr15	chr15_operon_1	2510165	2523524	44	8842	2519006	28S
9108	G	T	G	SNP	chr15	chr15_operon_1	2510165	2523524	45	9063	2519227	28S
9120	C	T	C	SNP	chr15	chr15_operon_1	2510165	2523524	45	9075	2519239	28S
9186	G	-	-	INDEL	chr15	chr15_operon_1	2510165	2523524	45	9141	2519305	28S
10121	G	GGGC/GGGCGGC	GGGC---	INDEL	chr15	chr15_operon_1	2510165	2523524	46	10075	2520239	28S
10128	GGC	-	GGC	INDEL	chr15	chr15_operon_1	2510165	2523524	49	10079	2520243	28S
10137	GGCG	-	GGCG	INDEL	chr15	chr15_operon_1	2510165	2523524	49	10088	2520252	28S
10141	G	GC/	GC	INDEL	chr15	chr15_operon_1	2510165	2523524	49	10092	2520256	28S
10143	C	-/G	G	SNP	chr15	chr15_operon_1	2510165	2523524	49	10094	2520258	28S
10144	G	-	G	INDEL	chr15	chr15_operon_1	2510165	2523524	49	10095	2520259	28S
10145	G	-/C	C	SNP	chr15	chr15_operon_1	2510165	2523524	49	10096	2520260	28S
10149	T	G	G	SNP	chr15	chr15_operon_1	2510165	2523524	49	10100	2520264	28S
10153	T	-	T	INDEL	chr15	chr15_operon_1	2510165	2523524	49	10104	2520268	28S
10155	G	T	T	SNP	chr15	chr15_operon_1	2510165	2523524	49	10106	2520270	28S
10157	G	T	G	SNP	chr15	chr15_operon_1	2510165	2523524	49	10108	2520272	28S
10158	T	G/C	G	SNP	chr15	chr15_operon_1	2510165	2523524	49	10109	2520273	28S
10159	C	-	-	INDEL	chr15	chr15_operon_1	2510165	2523524	49	10110	2520274	28S
10160	C	T/G	G	SNP	chr15	chr15_operon_1	2510165	2523524	50	10110	2520274	28S
10161	T	-	T	INDEL	chr15	chr15_operon_1	2510165	2523524	50	10111	2520275	28S
10162	C	T/-	C	SNP	chr15	chr15_operon_1	2510165	2523524	50	10112	2520276	28S
10163	C	-	C	INDEL	chr15	chr15_operon_1	2510165	2523524	50	10113	2520277	28S
10164	C	TCCC/CCC/CCCG/CCCC	TCCC	INDEL	chr15	chr15_operon_1	2510165	2523524	50	10114	2520278	28S
10168	C	-/G	C	SNP	chr15	chr15_operon_1	2510165	2523524	50	10118	2520282	28S
10169	C	-	C	INDEL	chr15	chr15_operon_1	2510165	2523524	50	10119	2520283	28S
10170	G	CCC/GCC/GC/CC/C	GC-	INDEL	chr15	chr15_operon_1	2510165	2523524	50	10120	2520284	28S
10399	G	GTT	G--	INDEL	chr15	chr15_operon_1	2510165	2523524	51	10348	2520512	28S
10447	T	C	C	SNP	chr15	chr15_operon_1	2510165	2523524	53	10394	2520558	28S
10942	G	GC	G-	INDEL	chr15	chr15_operon_1	2510165	2523524	53	10889	2521053	28S
10979	T	C	T	SNP	chr15	chr15_operon_1	2510165	2523524	54	10925	2521089	28S
11019	A	G	A	SNP	chr15	chr15_operon_1	2510165	2523524	54	10965	2521129	28S
11028	C	CCTCT/CCT	C----	INDEL	chr15	chr15_operon_1	2510165	2523524	54	10974	2521138	28S
11108	G	GGA	G--	INDEL	chr15	chr15_operon_1	2510165	2523524	58	11050	2521214	28S
11126	G	T	G	SNP	chr15	chr15_operon_1	2510165	2523524	60	11066	2521230	28S
11143	G	GC	GC	INDEL	chr15	chr15_operon_1	2510165	2523524	60	11083	2521247	28S
11145	CCGCCGCGGGGCCCCGGCGGCGGGGG	-	CCGCCGCGGGGCCCCGGCGGCGGGGG	INDEL	chr15	chr15_operon_1	2510165	2523524	60	11085	2521249	28S
11316	C	-	-	INDEL	chr15	chr15_operon_1	2510165	2523524	60	11256	2521420	28S
11320	C	CCCC/CCCCCA/CC/CCCCA	CCCCCA	INDEL	chr15	chr15_operon_1	2510165	2523524	61	11259	2521423	28S
11336	A	G	A	SNP	chr15	chr15_operon_1	2510165	2523524	61	11275	2521439	28S
11398	C	T	C	SNP	chr15	chr15_operon_1	2510165	2523524	61	11337	2521501	28S
11476	C	CGCG/CGCGGCGGCG/CGCGGCG	CGCGGCGGCG	INDEL	chr15	chr15_operon_1	2510165	2523524	61	11415	2521579	28S
11492	GCGGCGGC	-	GCGGCGGC	INDEL	chr15	chr15_operon_1	2510165	2523524	61	11431	2521595	28S
11500	G	A/-	A	SNP	chr15	chr15_operon_1	2510165	2523524	61	11439	2521603	28S
11891	G	-	G	INDEL	chr15	chr15_operon_1	2510165	2523524	61	11830	2521994	28S
11979	C	T	C	SNP	chr15	chr15_operon_1	2510165	2523524	61	11918	2522082	28S
12345	T	TTTTGGG	T------	INDEL	chr15	chr15_operon_1	2510165	2523524	61	12284	2522448	28S
12797	G	GC/GCC	G--	INDEL	chr15	chr15_operon_1	2510165	2523524	67	12730	2522894	28S
12811	A	G	A	SNP	chr15	chr15_operon_1	2510165	2523524	69	12742	2522906	28S
12821	C	T	C	SNP	chr15	chr15_operon_1	2510165	2523524	69	12752	2522916	28S
12907	T	C	T	SNP	chr15	chr15_operon_1	2510165	2523524	69	12838	2523002	28S
13072	CG	-	--	INDEL	chr15	chr15_operon_1	2510165	2523524	69	13003	2523167	28S
13074	CG	-	--	INDEL	chr15	chr15_operon_1	2510165	2523524	71	13003	2523167	28S
13076	CGCG	-	----	INDEL	chr15	chr15_operon_1	2510165	2523524	73	13003	2523167	28S
13080	C	CGCGC	CGCGC	INDEL	chr15	chr15_operon_1	2510165	2523524	77	13003	2523167	28S
13085	GCGC	-	GCGC	INDEL	chr15	chr15_operon_1	2510165	2523524	77	13008	2523172	ETS_3p
13089	GCGCGT	-	GCGCGT	INDEL	chr15	chr15_operon_1	2510165	2523524	77	13012	2523176	ETS_3p
13201	T	TGGG/TGG/TGGGGGTGGGG	T----------	INDEL	chr15	chr15_operon_1	2510165	2523524	77	13124	2523288	ETS_3p
13415	T	TG	T-	INDEL	chr15	chr15_operon_1	2510165	2523524	87	13328	2523492	ETS_3p
7	A	G	A	SNP	chr15	chr15_operon_2	2552720	2566051	0	7	2552726	ETS_5p
139	T	C	C	SNP	chr15	chr15_operon_2	2552720	2566051	0	139	2552858	ETS_5p
640	G	T	G	SNP	chr15	chr15_operon_2	2552720	2566051	0	640	2553359	ETS_5p
777	C	CGG	CGG	INDEL	chr15	chr15_operon_2	2552720	2566051	0	777	2553496	ETS_5p
965	G	A	A	SNP	chr15	chr15_operon_2	2552720	2566051	0	965	2553684	ETS_5p
1293	C	G	C	SNP	chr15	chr15_operon_2	2552720	2566051	0	1293	2554012	ETS_5p
1327	C	T	C	SNP	chr15	chr15_operon_2	2552720	2566051	0	1327	2554046	ETS_5p
1512	G	GT	G-	INDEL	chr15	chr15_operon_2	2552720	2566051	0	1512	2554231	ETS_5p
1641	T	TC	T-	INDEL	chr15	chr15_operon_2	2552720	2566051	1	1640	2554359	ETS_5p
1687	G	GT	G-	INDEL	chr15	chr15_operon_2	2552720	2566051	2	1685	2554404	ETS_5p
1761	T	C	T	SNP	chr15	chr15_operon_2	2552720	2566051	3	1758	2554477	ETS_5p
1949	G	C	G	SNP	chr15	chr15_operon_2	2552720	2566051	3	1946	2554665	ETS_5p
1950	T	G	T	SNP	chr15	chr15_operon_2	2552720	2566051	3	1947	2554666	ETS_5p
2104	C	T	C	SNP	chr15	chr15_operon_2	2552720	2566051	3	2101	2554820	ETS_5p
2149	G	C	C	SNP	chr15	chr15_operon_2	2552720	2566051	3	2146	2554865	ETS_5p
2204	T	TCGCC	T----	INDEL	chr15	chr15_operon_2	2552720	2566051	3	2201	2554920	ETS_5p
2293	T	C	T	SNP	chr15	chr15_operon_2	2552720	2566051	7	2286	2555005	ETS_5p
2347	A	G	A	SNP	chr15	chr15_operon_2	2552720	2566051	7	2340	2555059	ETS_5p
2372	C	G	C	SNP	chr15	chr15_operon_2	2552720	2566051	7	2365	2555084	ETS_5p
2398	CGGTGGCGCCCCGCGTGGGGCC	-	CGGTGGCGCCCCGCGTGGGGCC	INDEL	chr15	chr15_operon_2	2552720	2566051	7	2391	2555110	ETS_5p
2432	C	A	C	SNP	chr15	chr15_operon_2	2552720	2566051	7	2425	2555144	ETS_5p
2501	T	TGCG/C	TGCG	INDEL	chr15	chr15_operon_2	2552720	2566051	7	2494	2555213	ETS_5p
2605	T	C	T	SNP	chr15	chr15_operon_2	2552720	2566051	7	2598	2555317	ETS_5p
2632	A	C	A	SNP	chr15	chr15_operon_2	2552720	2566051	7	2625	2555344	ETS_5p
2844	C	T	C	SNP	chr15	chr15_operon_2	2552720	2566051	7	2837	2555556	ETS_5p
3035	G	T	G	SNP	chr15	chr15_operon_2	2552720	2566051	7	3028	2555747	ETS_5p
3062	C	CG	C-	INDEL	chr15	chr15_operon_2	2552720	2566051	7	3055	2555774	ETS_5p
3219	C	A	C	SNP	chr15	chr15_operon_2	2552720	2566051	8	3211	2555930	ETS_5p
3313	CG	-	CG	INDEL	chr15	chr15_operon_2	2552720	2566051	8	3305	2556024	ETS_5p
3398	A	G	A	SNP	chr15	chr15_operon_2	2552720	2566051	8	3390	2556109	ETS_5p
3536	CCCGT	-	-----	INDEL	chr15	chr15_operon_2	2552720	2566051	8	3528	2556247	ETS_5p
3541	CCGC	-	----	INDEL	chr15	chr15_operon_2	2552720	2566051	13	3528	2556247	ETS_5p
3545	CCGTCC	-	------	INDEL	chr15	chr15_operon_2	2552720	2566051	17	3528	2556247	ETS_5p
3551	GCGG	-	----	INDEL	chr15	chr15_operon_2	2552720	2566051	23	3528	2556247	ETS_5p
3555	C	-/G	C	SNP	chr15	chr15_operon_2	2552720	2566051	27	3528	2556247	ETS_5p
3556	C	-	-	INDEL	chr15	chr15_operon_2	2552720	2566051	27	3529	2556248	ETS_5p
3557	C	G/-	-	SNP	chr15	chr15_operon_2	2552720	2566051	28	3529	2556248	ETS_5p
3558	G	-	-	INDEL	chr15	chr15_operon_2	2552720	2566051	29	3529	2556248	ETS_5p
3559	T	-/C	-	SNP	chr15	chr15_operon_2	2552720	2566051	30	3529	2556248	ETS_5p
3560	CCG	-	CCG	INDEL	chr15	chr15_operon_2	2552720	2566051	31	3529	2556248	ETS_5p
3563	T	-/C	T	SNP	chr15	chr15_operon_2	2552720	2566051	31	3532	2556251	ETS_5p
3654	C	A	A	SNP	chr15	chr15_operon_2	2552720	2566051	31	3623	2556342	ETS_5p
3666	T	-	T	INDEL	chr15	chr15_operon_2	2552720	2566051	31	3635	2556354	ETS_5p
4926	G	GGAA	G---	INDEL	chr15	chr15_operon_2	2552720	2566051	31	4895	2557614	18S
5572	G	GCGC	GCGC	INDEL	chr15	chr15_operon_2	2552720	2566051	34	5538	2558257	ITS1_repeat_region
5627	GCGCGT	-	GCGCGT	INDEL	chr15	chr15_operon_2	2552720	2566051	34	5593	2558312	ITS1_repeat_region
5661	T	C	T	SNP	chr15	chr15_operon_2	2552720	2566051	34	5627	2558346	ITS1_repeat_region
5669	C	CTCGT	C----	INDEL	chr15	chr15_operon_2	2552720	2566051	34	5635	2558354	ITS1_repeat_region
5717	A	G	A	SNP	chr15	chr15_operon_2	2552720	2566051	38	5679	2558398	ITS1_repeat_region
5735	G	-	G	INDEL	chr15	chr15_operon_2	2552720	2566051	38	5697	2558416	ITS1_repeat_region
5736	G	/GGA/GGAGA/AGAGA/GGGGA/GGAGAGAGA/GGAGAGA	GGA------	INDEL	chr15	chr15_operon_2	2552720	2566051	38	5698	2558417	ITS1_repeat_region
5745	G	-	G	INDEL	chr15	chr15_operon_2	2552720	2566051	44	5701	2558420	ITS1_repeat_region
5746	A	-/G	A	SNP	chr15	chr15_operon_2	2552720	2566051	44	5702	2558421	ITS1_repeat_region
5747	GA	-	GA	INDEL	chr15	chr15_operon_2	2552720	2566051	44	5703	2558422	ITS1_repeat_region
5749	GA	-	GA	INDEL	chr15	chr15_operon_2	2552720	2566051	44	5705	2558424	ITS1_repeat_region
5751	G	-/C	G	SNP	chr15	chr15_operon_2	2552720	2566051	44	5707	2558426	ITS1_repeat_region
5752	A	-	A	INDEL	chr15	chr15_operon_2	2552720	2566051	44	5708	2558427	ITS1_repeat_region
5753	GA	-	GA	INDEL	chr15	chr15_operon_2	2552720	2566051	44	5709	2558428	ITS1_repeat_region
5756	A	T	A	SNP	chr15	chr15_operon_2	2552720	2566051	44	5712	2558431	ITS1_repeat_region
5758	A	G	A	SNP	chr15	chr15_operon_2	2552720	2566051	44	5714	2558433	ITS1_repeat_region
5760	AGA	-	AGA	INDEL	chr15	chr15_operon_2	2552720	2566051	44	5716	2558435	ITS1_repeat_region
5763	G	A/-	G	SNP	chr15	chr15_operon_2	2552720	2566051	44	5719	2558438	ITS1_repeat_region
5764	A	-	A	INDEL	chr15	chr15_operon_2	2552720	2566051	44	5720	2558439	ITS1_repeat_region
5765	A	G/-	G	SNP	chr15	chr15_operon_2	2552720	2566051	44	5721	2558440	ITS1_repeat_region
5837	A	C	C	SNP	chr15	chr15_operon_2	2552720	2566051	44	5793	2558512	ITS1_repeat_region
5850	G	A	G	SNP	chr15	chr15_operon_2	2552720	2566051	44	5806	2558525	ITS1_repeat_region
5902	T	TGG/TG	TG-	INDEL	chr15	chr15_operon_2	2552720	2566051	44	5858	2558577	ITS1_repeat_region
6000	C	T	C	SNP	chr15	chr15_operon_2	2552720	2566051	45	5955	2558674	ITS1_repeat_region
6115	G	GC	G-	INDEL	chr15	chr15_operon_2	2552720	2566051	45	6070	2558789	ITS1_repeat_region
6228	T	TC	T-	INDEL	chr15	chr15_operon_2	2552720	2566051	46	6182	2558901	ITS1_repeat_region
6247	G	A	G	SNP	chr15	chr15_operon_2	2552720	2566051	47	6200	2558919	ITS1_repeat_region
6306	C	A	C	SNP	chr15	chr15_operon_2	2552720	2566051	47	6259	2558978	ITS1_repeat_region
6307	C	CT	C-	INDEL	chr15	chr15_operon_2	2552720	2566051	47	6260	2558979	ITS1_repeat_region
6317	G	C	G	SNP	chr15	chr15_operon_2	2552720	2566051	48	6269	2558988	ITS1_repeat_region
6334	T	G	T	SNP	chr15	chr15_operon_2	2552720	2566051	48	6286	2559005	ITS1_repeat_region
6340	C	T	C	SNP	chr15	chr15_operon_2	2552720	2566051	48	6292	2559011	ITS1_repeat_region
6551	G	-	G	INDEL	chr15	chr15_operon_2	2552720	2566051	48	6503	2559222	ITS1_repeat_region
6552	G	-/C	G	SNP	chr15	chr15_operon_2	2552720	2566051	48	6504	2559223	ITS1_repeat_region
6557	C	TTG/GGC/T/GGG/G	C--	INDEL	chr15	chr15_operon_2	2552720	2566051	48	6509	2559228	ITS1_repeat_region
6560	G	T	G	SNP	chr15	chr15_operon_2	2552720	2566051	50	6510	2559229	ITS1_repeat_region
6915	T	C	T	SNP	chr15	chr15_operon_2	2552720	2566051	50	6865	2559584	ITS2
6919	G	A	G	SNP	chr15	chr15_operon_2	2552720	2566051	50	6869	2559588	ITS2
6930	C	T	C	SNP	chr15	chr15_operon_2	2552720	2566051	50	6880	2559599	ITS2
6942	C	T	C	SNP	chr15	chr15_operon_2	2552720	2566051	50	6892	2559611	ITS2
6943	T	TC	TC	INDEL	chr15	chr15_operon_2	2552720	2566051	50	6893	2559612	ITS2
7195	C	CCGT	C---	INDEL	chr15	chr15_operon_2	2552720	2566051	50	7145	2559864	ITS2
7289	A	C	A	SNP	chr15	chr15_operon_2	2552720	2566051	53	7236	2559955	ITS2
7406	C	-	-	INDEL	chr15	chr15_operon_2	2552720	2566051	53	7353	2560072	ITS2
7428	G	GC	G-	INDEL	chr15	chr15_operon_2	2552720	2566051	54	7374	2560093	ITS2
7434	G	C	G	SNP	chr15	chr15_operon_2	2552720	2566051	55	7379	2560098	ITS2
7549	T	C	T	SNP	chr15	chr15_operon_2	2552720	2566051	55	7494	2560213	ITS2
7699	C	T	C	SNP	chr15	chr15_operon_2	2552720	2566051	55	7644	2560363	ITS2
7790	T	G	T	SNP	chr15	chr15_operon_2	2552720	2566051	55	7735	2560454	ITS2
7810	C	T	C	SNP	chr15	chr15_operon_2	2552720	2566051	55	7755	2560474	ITS2
7829	T	C	C	SNP	chr15	chr15_operon_2	2552720	2566051	55	7774	2560493	ITS2
7833	C	G	G	SNP	chr15	chr15_operon_2	2552720	2566051	55	7778	2560497	ITS2
7842	G	GC	GC	INDEL	chr15	chr15_operon_2	2552720	2566051	55	7787	2560506	ITS2
8024	A	G	A	SNP	chr15	chr15_operon_2	2552720	2566051	55	7969	2560688	28S
8622	C	G	C	SNP	chr15	chr15_operon_2	2552720	2566051	55	8567	2561286	28S
8728	CCGT	-	----	INDEL	chr15	chr15_operon_2	2552720	2566051	55	8673	2561392	28S
8746	G	/GT	G-	INDEL	chr15	chr15_operon_2	2552720	2566051	59	8687	2561406	28S
8748	T	C/-	T	SNP	chr15	chr15_operon_2	2552720	2566051	60	8688	2561407	28S
8749	C	-	C	INDEL	chr15	chr15_operon_2	2552720	2566051	60	8689	2561408	28S
8750	C	G/-	C	SNP	chr15	chr15_operon_2	2552720	2566051	60	8690	2561409	28S
8813	GGC	-	GGC	INDEL	chr15	chr15_operon_2	2552720	2566051	60	8753	2561472	28S
8816	GGC	-	GGC	INDEL	chr15	chr15_operon_2	2552720	2566051	60	8756	2561475	28S
8827	T	CGGT/C	T---	INDEL	chr15	chr15_operon_2	2552720	2566051	60	8767	2561486	28S
8831	GGC	-	---	INDEL	chr15	chr15_operon_2	2552720	2566051	63	8768	2561487	28S
8836	C	CGGT/T/TGGC/CGGC	C---	INDEL	chr15	chr15_operon_2	2552720	2566051	66	8770	2561489	28S
8842	C	T	C	SNP	chr15	chr15_operon_2	2552720	2566051	69	8773	2561492	28S
8846	GG	-	GG	INDEL	chr15	chr15_operon_2	2552720	2566051	69	8777	2561496	28S
8848	C	/CGGG/CGGC	C---	INDEL	chr15	chr15_operon_2	2552720	2566051	69	8779	2561498	28S
8867	A	AC	AC	INDEL	chr15	chr15_operon_2	2552720	2566051	72	8795	2561514	28S
8886	G	GC	G-	INDEL	chr15	chr15_operon_2	2552720	2566051	72	8814	2561533	28S
9108	G	T	G	SNP	chr15	chr15_operon_2	2552720	2566051	73	9035	2561754	28S
9120	C	T	C	SNP	chr15	chr15_operon_2	2552720	2566051	73	9047	2561766	28S
9186	G	-	-	INDEL	chr15	chr15_operon_2	2552720	2566051	73	9113	2561832	28S
10121	G	GGGC/GGGCGGC	GGGCGGC	INDEL	chr15	chr15_operon_2	2552720	2566051	74	10047	2562766	28S
10128	GGC	-	GGC	INDEL	chr15	chr15_operon_2	2552720	2566051	74	10054	2562773	28S
10137	GGCG	-	GGCG	INDEL	chr15	chr15_operon_2	2552720	2566051	74	10063	2562782	28S
10141	G	GC/	G-	INDEL	chr15	chr15_operon_2	2552720	2566051	74	10067	2562786	28S
10143	C	-/G	C	SNP	chr15	chr15_operon_2	2552720	2566051	75	10068	2562787	28S
10144	G	-	G	INDEL	chr15	chr15_operon_2	2552720	2566051	75	10069	2562788	28S
10145	G	-/C	G	SNP	chr15	chr15_operon_2	2552720	2566051	75	10070	2562789	28S
10149	T	G	T	SNP	chr15	chr15_operon_2	2552720	2566051	75	10074	2562793	28S
10153	T	-	T	INDEL	chr15	chr15_operon_2	2552720	2566051	75	10078	2562797	28S
10155	G	T	G	SNP	chr15	chr15_operon_2	2552720	2566051	75	10080	2562799	28S
10157	G	T	G	SNP	chr15	chr15_operon_2	2552720	2566051	75	10082	2562801	28S
10158	T	G/C	T	SNP	chr15	chr15_operon_2	2552720	2566051	75	10083	2562802	28S
10159	C	-	C	INDEL	chr15	chr15_operon_2	2552720	2566051	75	10084	2562803	28S
10160	C	T/G	C	SNP	chr15	chr15_operon_2	2552720	2566051	75	10085	2562804	28S
10161	T	-	T	INDEL	chr15	chr15_operon_2	2552720	2566051	75	10086	2562805	28S
10162	C	T/-	C	SNP	chr15	chr15_operon_2	2552720	2566051	75	10087	2562806	28S
10163	C	-	C	INDEL	chr15	chr15_operon_2	2552720	2566051	75	10088	2562807	28S
10164	C	TCCC/CCC/CCCG/CCCC	C---	INDEL	chr15	chr15_operon_2	2552720	2566051	75	10089	2562808	28S
10168	C	-/G	C	SNP	chr15	chr15_operon_2	2552720	2566051	78	10090	2562809	28S
10169	C	-	C	INDEL	chr15	chr15_operon_2	2552720	2566051	78	10091	2562810	28S
10170	G	CCC/GCC/GC/CC/C	GC-	INDEL	chr15	chr15_operon_2	2552720	2566051	78	10092	2562811	28S
10399	G	GTT	G--	INDEL	chr15	chr15_operon_2	2552720	2566051	79	10320	2563039	28S
10447	T	C	C	SNP	chr15	chr15_operon_2	2552720	2566051	81	10366	2563085	28S
10942	G	GC	G-	INDEL	chr15	chr15_operon_2	2552720	2566051	81	10861	2563580	28S
10979	T	C	T	SNP	chr15	chr15_operon_2	2552720	2566051	82	10897	2563616	28S
11019	A	G	A	SNP	chr15	chr15_operon_2	2552720	2566051	82	10937	2563656	28S
11028	C	CCTCT/CCT	C----	INDEL	chr15	chr15_operon_2	2552720	2566051	82	10946	2563665	28S
11108	G	GGA	G--	INDEL	chr15	chr15_operon_2	2552720	2566051	86	11022	2563741	28S
11126	G	T	G	SNP	chr15	chr15_operon_2	2552720	2566051	88	11038	2563757	28S
11143	G	GC	GC	INDEL	chr15	chr15_operon_2	2552720	2566051	88	11055	2563774	28S
11145	CCGCCGCGGGGCCCCGGCGGCGGGGG	-	CCGCCGCGGGGCCCCGGCGGCGGGGG	INDEL	chr15	chr15_operon_2	2552720	2566051	88	11057	2563776	28S
11316	C	-	-	INDEL	chr15	chr15_operon_2	2552720	2566051	88	11228	2563947	28S
11320	C	CCCC/CCCCCA/CC/CCCCA	CCCCCA	INDEL	chr15	chr15_operon_2	2552720	2566051	89	11231	2563950	28S
11336	A	G	A	SNP	chr15	chr15_operon_2	2552720	2566051	89	11247	2563966	28S
11398	C	T	C	SNP	chr15	chr15_operon_2	2552720	2566051	89	11309	2564028	28S
11476	C	CGCG/CGCGGCGGCG/CGCGGCG	CGCGGCGGCG	INDEL	chr15	chr15_operon_2	2552720	2566051	89	11387	2564106	28S
11492	GCGGCGGC	-	GCGGCGGC	INDEL	chr15	chr15_operon_2	2552720	2566051	89	11403	2564122	28S
11500	G	A/-	A	SNP	chr15	chr15_operon_2	2552720	2566051	89	11411	2564130	28S
11891	G	-	G	INDEL	chr15	chr15_operon_2	2552720	2566051	89	11802	2564521	28S
11979	C	T	C	SNP	chr15	chr15_operon_2	2552720	2566051	89	11890	2564609	28S
12345	T	TTTTGGG	T------	INDEL	chr15	chr15_operon_2	2552720	2566051	89	12256	2564975	28S
12797	G	GC/GCC	G--	INDEL	chr15	chr15_operon_2	2552720	2566051	95	12702	2565421	28S
12811	A	G	A	SNP	chr15	chr15_operon_2	2552720	2566051	97	12714	2565433	28S
12821	C	T	C	SNP	chr15	chr15_operon_2	2552720	2566051	97	12724	2565443	28S
12907	T	C	T	SNP	chr15	chr15_operon_2	2552720	2566051	97	12810	2565529	28S
13072	CG	-	--	INDEL	chr15	chr15_operon_2	2552720	2566051	97	12975	2565694	28S
13074	CG	-	--	INDEL	chr15	chr15_operon_2	2552720	2566051	99	12975	2565694	28S
13076	CGCG	-	CGCG	INDEL	chr15	chr15_operon_2	2552720	2566051	101	12975	2565694	28S
13080	C	CGCGC	C----	INDEL	chr15	chr15_operon_2	2552720	2566051	101	12979	2565698	ETS_3p
13085	GCGC	-	GCGC	INDEL	chr15	chr15_operon_2	2552720	2566051	105	12980	2565699	ETS_3p
13089	GCGCGT	-	GCGCGT	INDEL	chr15	chr15_operon_2	2552720	2566051	105	12984	2565703	ETS_3p
13201	T	TGGG/TGG/TGGGGGTGGGG	T----------	INDEL	chr15	chr15_operon_2	2552720	2566051	105	13096	2565815	ETS_3p
13415	T	TG	T-	INDEL	chr15	chr15_operon_2	2552720	2566051	115	13300	2566019	ETS_3p
7	A	G	A	SNP	chr15	chr15_operon_18	3233149	3246478	0	7	3233155	ETS_5p
139	T	C	C	SNP	chr15	chr15_operon_18	3233149	3246478	0	139	3233287	ETS_5p
640	G	T	G	SNP	chr15	chr15_operon_18	3233149	3246478	0	640	3233788	ETS_5p
777	C	CGG	CGG	INDEL	chr15	chr15_operon_18	3233149	3246478	0	777	3233925	ETS_5p
965	G	A	A	SNP	chr15	chr15_operon_18	3233149	3246478	0	965	3234113	ETS_5p
1293	C	G	C	SNP	chr15	chr15_operon_18	3233149	3246478	0	1293	3234441	ETS_5p
1327	C	T	C	SNP	chr15	chr15_operon_18	3233149	3246478	0	1327	3234475	ETS_5p
1512	G	GT	G-	INDEL	chr15	chr15_operon_18	3233149	3246478	0	1512	3234660	ETS_5p
1641	T	TC	T-	INDEL	chr15	chr15_operon_18	3233149	3246478	1	1640	3234788	ETS_5p
1687	G	GT	G-	INDEL	chr15	chr15_operon_18	3233149	3246478	2	1685	3234833	ETS_5p
1761	T	C	T	SNP	chr15	chr15_operon_18	3233149	3246478	3	1758	3234906	ETS_5p
1949	G	C	G	SNP	chr15	chr15_operon_18	3233149	3246478	3	1946	3235094	ETS_5p
1950	T	G	T	SNP	chr15	chr15_operon_18	3233149	3246478	3	1947	3235095	ETS_5p
2104	C	T	C	SNP	chr15	chr15_operon_18	3233149	3246478	3	2101	3235249	ETS_5p
2149	G	C	C	SNP	chr15	chr15_operon_18	3233149	3246478	3	2146	3235294	ETS_5p
2204	T	TCGCC	T----	INDEL	chr15	chr15_operon_18	3233149	3246478	3	2201	3235349	ETS_5p
2293	T	C	T	SNP	chr15	chr15_operon_18	3233149	3246478	7	2286	3235434	ETS_5p
2347	A	G	A	SNP	chr15	chr15_operon_18	3233149	3246478	7	2340	3235488	ETS_5p
2372	C	G	C	SNP	chr15	chr15_operon_18	3233149	3246478	7	2365	3235513	ETS_5p
2398	CGGTGGCGCCCCGCGTGGGGCC	-	CGGTGGCGCCCCGCGTGGGGCC	INDEL	chr15	chr15_operon_18	3233149	3246478	7	2391	3235539	ETS_5p
2432	C	A	C	SNP	chr15	chr15_operon_18	3233149	3246478	7	2425	3235573	ETS_5p
2501	T	TGCG/C	TGCG	INDEL	chr15	chr15_operon_18	3233149	3246478	7	2494	3235642	ETS_5p
2605	T	C	T	SNP	chr15	chr15_operon_18	3233149	3246478	7	2598	3235746	ETS_5p
2632	A	C	A	SNP	chr15	chr15_operon_18	3233149	3246478	7	2625	3235773	ETS_5p
2844	C	T	C	SNP	chr15	chr15_operon_18	3233149	3246478	7	2837	3235985	ETS_5p
3035	G	T	G	SNP	chr15	chr15_operon_18	3233149	3246478	7	3028	3236176	ETS_5p
3062	C	CG	C-	INDEL	chr15	chr15_operon_18	3233149	3246478	7	3055	3236203	ETS_5p
3219	C	A	C	SNP	chr15	chr15_operon_18	3233149	3246478	8	3211	3236359	ETS_5p
3313	CG	-	CG	INDEL	chr15	chr15_operon_18	3233149	3246478	8	3305	3236453	ETS_5p
3398	A	G	A	SNP	chr15	chr15_operon_18	3233149	3246478	8	3390	3236538	ETS_5p
3536	CCCGT	-	-----	INDEL	chr15	chr15_operon_18	3233149	3246478	8	3528	3236676	ETS_5p
3541	CCGC	-	----	INDEL	chr15	chr15_operon_18	3233149	3246478	13	3528	3236676	ETS_5p
3545	CCGTCC	-	------	INDEL	chr15	chr15_operon_18	3233149	3246478	17	3528	3236676	ETS_5p
3551	GCGG	-	----	INDEL	chr15	chr15_operon_18	3233149	3246478	23	3528	3236676	ETS_5p
3555	C	-/G	C	SNP	chr15	chr15_operon_18	3233149	3246478	27	3528	3236676	ETS_5p
3556	C	-	-	INDEL	chr15	chr15_operon_18	3233149	3246478	27	3529	3236677	ETS_5p
3557	C	G/-	-	SNP	chr15	chr15_operon_18	3233149	3246478	28	3529	3236677	ETS_5p
3558	G	-	-	INDEL	chr15	chr15_operon_18	3233149	3246478	29	3529	3236677	ETS_5p
3559	T	-/C	-	SNP	chr15	chr15_operon_18	3233149	3246478	30	3529	3236677	ETS_5p
3560	CCG	-	CCG	INDEL	chr15	chr15_operon_18	3233149	3246478	31	3529	3236677	ETS_5p
3563	T	-/C	T	SNP	chr15	chr15_operon_18	3233149	3246478	31	3532	3236680	ETS_5p
3654	C	A	A	SNP	chr15	chr15_operon_18	3233149	3246478	31	3623	3236771	ETS_5p
3666	T	-	T	INDEL	chr15	chr15_operon_18	3233149	3246478	31	3635	3236783	ETS_5p
4926	G	GGAA	G---	INDEL	chr15	chr15_operon_18	3233149	3246478	31	4895	3238043	18S
5572	G	GCGC	GCGC	INDEL	chr15	chr15_operon_18	3233149	3246478	34	5538	3238686	ITS1_repeat_region
5627	GCGCGT	-	GCGCGT	INDEL	chr15	chr15_operon_18	3233149	3246478	34	5593	3238741	ITS1_repeat_region
5661	T	C	T	SNP	chr15	chr15_operon_18	3233149	3246478	34	5627	3238775	ITS1_repeat_region
5669	C	CTCGT	C----	INDEL	chr15	chr15_operon_18	3233149	3246478	34	5635	3238783	ITS1_repeat_region
5717	A	G	A	SNP	chr15	chr15_operon_18	3233149	3246478	38	5679	3238827	ITS1_repeat_region
5735	G	-	G	INDEL	chr15	chr15_operon_18	3233149	3246478	38	5697	3238845	ITS1_repeat_region
5736	G	/GGA/GGAGA/AGAGA/GGGGA/GGAGAGAGA/GGAGAGA	G--------	INDEL	chr15	chr15_operon_18	3233149	3246478	38	5698	3238846	ITS1_repeat_region
5745	G	-	G	INDEL	chr15	chr15_operon_18	3233149	3246478	46	5699	3238847	ITS1_repeat_region
5746	A	-/G	A	SNP	chr15	chr15_operon_18	3233149	3246478	46	5700	3238848	ITS1_repeat_region
5747	GA	-	GA	INDEL	chr15	chr15_operon_18	3233149	3246478	46	5701	3238849	ITS1_repeat_region
5749	GA	-	GA	INDEL	chr15	chr15_operon_18	3233149	3246478	46	5703	3238851	ITS1_repeat_region
5751	G	-/C	G	SNP	chr15	chr15_operon_18	3233149	3246478	46	5705	3238853	ITS1_repeat_region
5752	A	-	A	INDEL	chr15	chr15_operon_18	3233149	3246478	46	5706	3238854	ITS1_repeat_region
5753	GA	-	GA	INDEL	chr15	chr15_operon_18	3233149	3246478	46	5707	3238855	ITS1_repeat_region
5756	A	T	A	SNP	chr15	chr15_operon_18	3233149	3246478	46	5710	3238858	ITS1_repeat_region
5758	A	G	A	SNP	chr15	chr15_operon_18	3233149	3246478	46	5712	3238860	ITS1_repeat_region
5760	AGA	-	AGA	INDEL	chr15	chr15_operon_18	3233149	3246478	46	5714	3238862	ITS1_repeat_region
5763	G	A/-	G	SNP	chr15	chr15_operon_18	3233149	3246478	46	5717	3238865	ITS1_repeat_region
5764	A	-	A	INDEL	chr15	chr15_operon_18	3233149	3246478	46	5718	3238866	ITS1_repeat_region
5765	A	G/-	G	SNP	chr15	chr15_operon_18	3233149	3246478	46	5719	3238867	ITS1_repeat_region
5837	A	C	C	SNP	chr15	chr15_operon_18	3233149	3246478	46	5791	3238939	ITS1_repeat_region
5850	G	A	G	SNP	chr15	chr15_operon_18	3233149	3246478	46	5804	3238952	ITS1_repeat_region
5902	T	TGG/TG	TG-	INDEL	chr15	chr15_operon_18	3233149	3246478	46	5856	3239004	ITS1_repeat_region
6000	C	T	C	SNP	chr15	chr15_operon_18	3233149	3246478	47	5953	3239101	ITS1_repeat_region
6115	G	GC	G-	INDEL	chr15	chr15_operon_18	3233149	3246478	47	6068	3239216	ITS1_repeat_region
6228	T	TC	T-	INDEL	chr15	chr15_operon_18	3233149	3246478	48	6180	3239328	ITS1_repeat_region
6247	G	A	G	SNP	chr15	chr15_operon_18	3233149	3246478	49	6198	3239346	ITS1_repeat_region
6306	C	A	C	SNP	chr15	chr15_operon_18	3233149	3246478	49	6257	3239405	ITS1_repeat_region
6307	C	CT	C-	INDEL	chr15	chr15_operon_18	3233149	3246478	49	6258	3239406	ITS1_repeat_region
6317	G	C	G	SNP	chr15	chr15_operon_18	3233149	3246478	50	6267	3239415	ITS1_repeat_region
6334	T	G	T	SNP	chr15	chr15_operon_18	3233149	3246478	50	6284	3239432	ITS1_repeat_region
6340	C	T	C	SNP	chr15	chr15_operon_18	3233149	3246478	50	6290	3239438	ITS1_repeat_region
6551	G	-	G	INDEL	chr15	chr15_operon_18	3233149	3246478	50	6501	3239649	ITS1_repeat_region
6552	G	-/C	G	SNP	chr15	chr15_operon_18	3233149	3246478	50	6502	3239650	ITS1_repeat_region
6557	C	TTG/GGC/T/GGG/G	C--	INDEL	chr15	chr15_operon_18	3233149	3246478	50	6507	3239655	ITS1_repeat_region
6560	G	T	G	SNP	chr15	chr15_operon_18	3233149	3246478	52	6508	3239656	ITS1_repeat_region
6915	T	C	T	SNP	chr15	chr15_operon_18	3233149	3246478	52	6863	3240011	ITS2
6919	G	A	G	SNP	chr15	chr15_operon_18	3233149	3246478	52	6867	3240015	ITS2
6930	C	T	C	SNP	chr15	chr15_operon_18	3233149	3246478	52	6878	3240026	ITS2
6942	C	T	C	SNP	chr15	chr15_operon_18	3233149	3246478	52	6890	3240038	ITS2
6943	T	TC	TC	INDEL	chr15	chr15_operon_18	3233149	3246478	52	6891	3240039	ITS2
7195	C	CCGT	C---	INDEL	chr15	chr15_operon_18	3233149	3246478	52	7143	3240291	ITS2
7289	A	C	A	SNP	chr15	chr15_operon_18	3233149	3246478	55	7234	3240382	ITS2
7406	C	-	-	INDEL	chr15	chr15_operon_18	3233149	3246478	55	7351	3240499	ITS2
7428	G	GC	G-	INDEL	chr15	chr15_operon_18	3233149	3246478	56	7372	3240520	ITS2
7434	G	C	G	SNP	chr15	chr15_operon_18	3233149	3246478	57	7377	3240525	ITS2
7549	T	C	T	SNP	chr15	chr15_operon_18	3233149	3246478	57	7492	3240640	ITS2
7699	C	T	C	SNP	chr15	chr15_operon_18	3233149	3246478	57	7642	3240790	ITS2
7790	T	G	T	SNP	chr15	chr15_operon_18	3233149	3246478	57	7733	3240881	ITS2
7810	C	T	C	SNP	chr15	chr15_operon_18	3233149	3246478	57	7753	3240901	ITS2
7829	T	C	C	SNP	chr15	chr15_operon_18	3233149	3246478	57	7772	3240920	ITS2
7833	C	G	G	SNP	chr15	chr15_operon_18	3233149	3246478	57	7776	3240924	ITS2
7842	G	GC	GC	INDEL	chr15	chr15_operon_18	3233149	3246478	57	7785	3240933	ITS2
8024	A	G	A	SNP	chr15	chr15_operon_18	3233149	3246478	57	7967	3241115	28S
8622	C	G	C	SNP	chr15	chr15_operon_18	3233149	3246478	57	8565	3241713	28S
8728	CCGT	-	----	INDEL	chr15	chr15_operon_18	3233149	3246478	57	8671	3241819	28S
8746	G	/GT	G-	INDEL	chr15	chr15_operon_18	3233149	3246478	61	8685	3241833	28S
8748	T	C/-	T	SNP	chr15	chr15_operon_18	3233149	3246478	62	8686	3241834	28S
8749	C	-	C	INDEL	chr15	chr15_operon_18	3233149	3246478	62	8687	3241835	28S
8750	C	G/-	C	SNP	chr15	chr15_operon_18	3233149	3246478	62	8688	3241836	28S
8813	GGC	-	GGC	INDEL	chr15	chr15_operon_18	3233149	3246478	62	8751	3241899	28S
8816	GGC	-	GGC	INDEL	chr15	chr15_operon_18	3233149	3246478	62	8754	3241902	28S
8827	T	CGGT/C	T---	INDEL	chr15	chr15_operon_18	3233149	3246478	62	8765	3241913	28S
8831	GGC	-	---	INDEL	chr15	chr15_operon_18	3233149	3246478	65	8766	3241914	28S
8836	C	CGGT/T/TGGC/CGGC	C---	INDEL	chr15	chr15_operon_18	3233149	3246478	68	8768	3241916	28S
8842	C	T	C	SNP	chr15	chr15_operon_18	3233149	3246478	71	8771	3241919	28S
8846	GG	-	GG	INDEL	chr15	chr15_operon_18	3233149	3246478	71	8775	3241923	28S
8848	C	/CGGG/CGGC	C---	INDEL	chr15	chr15_operon_18	3233149	3246478	71	8777	3241925	28S
8867	A	AC	AC	INDEL	chr15	chr15_operon_18	3233149	3246478	74	8793	3241941	28S
8886	G	GC	G-	INDEL	chr15	chr15_operon_18	3233149	3246478	74	8812	3241960	28S
9108	G	T	G	SNP	chr15	chr15_operon_18	3233149	3246478	75	9033	3242181	28S
9120	C	T	C	SNP	chr15	chr15_operon_18	3233149	3246478	75	9045	3242193	28S
9186	G	-	-	INDEL	chr15	chr15_operon_18	3233149	3246478	75	9111	3242259	28S
10121	G	GGGC/GGGCGGC	GGGCGGC	INDEL	chr15	chr15_operon_18	3233149	3246478	76	10045	3243193	28S
10128	GGC	-	GGC	INDEL	chr15	chr15_operon_18	3233149	3246478	76	10052	3243200	28S
10137	GGCG	-	GGCG	INDEL	chr15	chr15_operon_18	3233149	3246478	76	10061	3243209	28S
10141	G	GC/	G-	INDEL	chr15	chr15_operon_18	3233149	3246478	76	10065	3243213	28S
10143	C	-/G	C	SNP	chr15	chr15_operon_18	3233149	3246478	77	10066	3243214	28S
10144	G	-	G	INDEL	chr15	chr15_operon_18	3233149	3246478	77	10067	3243215	28S
10145	G	-/C	G	SNP	chr15	chr15_operon_18	3233149	3246478	77	10068	3243216	28S
10149	T	G	T	SNP	chr15	chr15_operon_18	3233149	3246478	77	10072	3243220	28S
10153	T	-	T	INDEL	chr15	chr15_operon_18	3233149	3246478	77	10076	3243224	28S
10155	G	T	G	SNP	chr15	chr15_operon_18	3233149	3246478	77	10078	3243226	28S
10157	G	T	G	SNP	chr15	chr15_operon_18	3233149	3246478	77	10080	3243228	28S
10158	T	G/C	T	SNP	chr15	chr15_operon_18	3233149	3246478	77	10081	3243229	28S
10159	C	-	C	INDEL	chr15	chr15_operon_18	3233149	3246478	77	10082	3243230	28S
10160	C	T/G	C	SNP	chr15	chr15_operon_18	3233149	3246478	77	10083	3243231	28S
10161	T	-	T	INDEL	chr15	chr15_operon_18	3233149	3246478	77	10084	3243232	28S
10162	C	T/-	C	SNP	chr15	chr15_operon_18	3233149	3246478	77	10085	3243233	28S
10163	C	-	C	INDEL	chr15	chr15_operon_18	3233149	3246478	77	10086	3243234	28S
10164	C	TCCC/CCC/CCCG/CCCC	C---	INDEL	chr15	chr15_operon_18	3233149	3246478	77	10087	3243235	28S
10168	C	-/G	C	SNP	chr15	chr15_operon_18	3233149	3246478	80	10088	3243236	28S
10169	C	-	C	INDEL	chr15	chr15_operon_18	3233149	3246478	80	10089	3243237	28S
10170	G	CCC/GCC/GC/CC/C	GC-	INDEL	chr15	chr15_operon_18	3233149	3246478	80	10090	3243238	28S
10399	G	GTT	G--	INDEL	chr15	chr15_operon_18	3233149	3246478	81	10318	3243466	28S
10447	T	C	C	SNP	chr15	chr15_operon_18	3233149	3246478	83	10364	3243512	28S
10942	G	GC	G-	INDEL	chr15	chr15_operon_18	3233149	3246478	83	10859	3244007	28S
10979	T	C	T	SNP	chr15	chr15_operon_18	3233149	3246478	84	10895	3244043	28S
11019	A	G	A	SNP	chr15	chr15_operon_18	3233149	3246478	84	10935	3244083	28S
11028	C	CCTCT/CCT	C----	INDEL	chr15	chr15_operon_18	3233149	3246478	84	10944	3244092	28S
11108	G	GGA	G--	INDEL	chr15	chr15_operon_18	3233149	3246478	88	11020	3244168	28S
11126	G	T	G	SNP	chr15	chr15_operon_18	3233149	3246478	90	11036	3244184	28S
11143	G	GC	GC	INDEL	chr15	chr15_operon_18	3233149	3246478	90	11053	3244201	28S
11145	CCGCCGCGGGGCCCCGGCGGCGGGGG	-	CCGCCGCGGGGCCCCGGCGGCGGGGG	INDEL	chr15	chr15_operon_18	3233149	3246478	90	11055	3244203	28S
11316	C	-	-	INDEL	chr15	chr15_operon_18	3233149	3246478	90	11226	3244374	28S
11320	C	CCCC/CCCCCA/CC/CCCCA	CC----	INDEL	chr15	chr15_operon_18	3233149	3246478	91	11229	3244377	28S
11336	A	G	A	SNP	chr15	chr15_operon_18	3233149	3246478	95	11241	3244389	28S
11398	C	T	C	SNP	chr15	chr15_operon_18	3233149	3246478	95	11303	3244451	28S
11476	C	CGCG/CGCGGCGGCG/CGCGGCG	CGCGGCG---	INDEL	chr15	chr15_operon_18	3233149	3246478	95	11381	3244529	28S
11492	GCGGCGGC	-	GCGGCGGC	INDEL	chr15	chr15_operon_18	3233149	3246478	98	11394	3244542	28S
11500	G	A/-	A	SNP	chr15	chr15_operon_18	3233149	3246478	98	11402	3244550	28S
11891	G	-	G	INDEL	chr15	chr15_operon_18	3233149	3246478	98	11793	3244941	28S
11979	C	T	C	SNP	chr15	chr15_operon_18	3233149	3246478	98	11881	3245029	28S
12345	T	TTTTGGG	T------	INDEL	chr15	chr15_operon_18	3233149	3246478	98	12247	3245395	28S
12797	G	GC/GCC	GC-	INDEL	chr15	chr15_operon_18	3233149	3246478	104	12693	3245841	28S
12811	A	G	G	SNP	chr15	chr15_operon_18	3233149	3246478	105	12706	3245854	28S
12821	C	T	C	SNP	chr15	chr15_operon_18	3233149	3246478	105	12716	3245864	28S
12907	T	C	C	SNP	chr15	chr15_operon_18	3233149	3246478	105	12802	3245950	28S
13072	CG	-	CG	INDEL	chr15	chr15_operon_18	3233149	3246478	105	12967	3246115	28S
13074	CG	-	CG	INDEL	chr15	chr15_operon_18	3233149	3246478	105	12969	3246117	ETS_3p
13076	CGCG	-	CGCG	INDEL	chr15	chr15_operon_18	3233149	3246478	105	12971	3246119	ETS_3p
13080	C	CGCGC	C----	INDEL	chr15	chr15_operon_18	3233149	3246478	105	12975	3246123	ETS_3p
13085	GCGC	-	GCGC	INDEL	chr15	chr15_operon_18	3233149	3246478	109	12976	3246124	ETS_3p
13089	GCGCGT	-	GCGCGT	INDEL	chr15	chr15_operon_18	3233149	3246478	109	12980	3246128	ETS_3p
13201	T	TGGG/TGG/TGGGGGTGGGG	TGG--------	INDEL	chr15	chr15_operon_18	3233149	3246478	109	13092	3246240	ETS_3p
13415	T	TG	T-	INDEL	chr15	chr15_operon_18	3233149	3246478	117	13298	3246446	ETS_3p
7	A	G	A	SNP	chr15	chr15_operon_34	3936333	3949676	0	7	3936339	ETS_5p
139	T	C	C	SNP	chr15	chr15_operon_34	3936333	3949676	0	139	3936471	ETS_5p
640	G	T	G	SNP	chr15	chr15_operon_34	3936333	3949676	0	640	3936972	ETS_5p
777	C	CGG	CGG	INDEL	chr15	chr15_operon_34	3936333	3949676	0	777	3937109	ETS_5p
965	G	A	A	SNP	chr15	chr15_operon_34	3936333	3949676	0	965	3937297	ETS_5p
1293	C	G	C	SNP	chr15	chr15_operon_34	3936333	3949676	0	1293	3937625	ETS_5p
1327	C	T	C	SNP	chr15	chr15_operon_34	3936333	3949676	0	1327	3937659	ETS_5p
1512	G	GT	G-	INDEL	chr15	chr15_operon_34	3936333	3949676	0	1512	3937844	ETS_5p
1641	T	TC	T-	INDEL	chr15	chr15_operon_34	3936333	3949676	1	1640	3937972	ETS_5p
1687	G	GT	G-	INDEL	chr15	chr15_operon_34	3936333	3949676	2	1685	3938017	ETS_5p
1761	T	C	T	SNP	chr15	chr15_operon_34	3936333	3949676	3	1758	3938090	ETS_5p
1949	G	C	G	SNP	chr15	chr15_operon_34	3936333	3949676	3	1946	3938278	ETS_5p
1950	T	G	T	SNP	chr15	chr15_operon_34	3936333	3949676	3	1947	3938279	ETS_5p
2104	C	T	C	SNP	chr15	chr15_operon_34	3936333	3949676	3	2101	3938433	ETS_5p
2149	G	C	C	SNP	chr15	chr15_operon_34	3936333	3949676	3	2146	3938478	ETS_5p
2204	T	TCGCC	T----	INDEL	chr15	chr15_operon_34	3936333	3949676	3	2201	3938533	ETS_5p
2293	T	C	T	SNP	chr15	chr15_operon_34	3936333	3949676	7	2286	3938618	ETS_5p
2347	A	G	A	SNP	chr15	chr15_operon_34	3936333	3949676	7	2340	3938672	ETS_5p
2372	C	G	C	SNP	chr15	chr15_operon_34	3936333	3949676	7	2365	3938697	ETS_5p
2398	CGGTGGCGCCCCGCGTGGGGCC	-	CGGTGGCGCCCCGCGTGGGGCC	INDEL	chr15	chr15_operon_34	3936333	3949676	7	2391	3938723	ETS_5p
2432	C	A	C	SNP	chr15	chr15_operon_34	3936333	3949676	7	2425	3938757	ETS_5p
2501	T	TGCG/C	TGCG	INDEL	chr15	chr15_operon_34	3936333	3949676	7	2494	3938826	ETS_5p
2605	T	C	T	SNP	chr15	chr15_operon_34	3936333	3949676	7	2598	3938930	ETS_5p
2632	A	C	A	SNP	chr15	chr15_operon_34	3936333	3949676	7	2625	3938957	ETS_5p
2844	C	T	C	SNP	chr15	chr15_operon_34	3936333	3949676	7	2837	3939169	ETS_5p
3035	G	T	G	SNP	chr15	chr15_operon_34	3936333	3949676	7	3028	3939360	ETS_5p
3062	C	CG	C-	INDEL	chr15	chr15_operon_34	3936333	3949676	7	3055	3939387	ETS_5p
3219	C	A	C	SNP	chr15	chr15_operon_34	3936333	3949676	8	3211	3939543	ETS_5p
3313	CG	-	CG	INDEL	chr15	chr15_operon_34	3936333	3949676	8	3305	3939637	ETS_5p
3398	A	G	A	SNP	chr15	chr15_operon_34	3936333	3949676	8	3390	3939722	ETS_5p
3536	CCCGT	-	CCCGT	INDEL	chr15	chr15_operon_34	3936333	3949676	8	3528	3939860	ETS_5p
3541	CCGC	-	----	INDEL	chr15	chr15_operon_34	3936333	3949676	8	3533	3939865	ETS_5p
3545	CCGTCC	-	------	INDEL	chr15	chr15_operon_34	3936333	3949676	12	3533	3939865	ETS_5p
3551	GCGG	-	----	INDEL	chr15	chr15_operon_34	3936333	3949676	18	3533	3939865	ETS_5p
3555	C	-/G	-	SNP	chr15	chr15_operon_34	3936333	3949676	22	3533	3939865	ETS_5p
3556	C	-	-	INDEL	chr15	chr15_operon_34	3936333	3949676	23	3533	3939865	ETS_5p
3557	C	G/-	-	SNP	chr15	chr15_operon_34	3936333	3949676	24	3533	3939865	ETS_5p
3558	G	-	-	INDEL	chr15	chr15_operon_34	3936333	3949676	25	3533	3939865	ETS_5p
3559	T	-/C	-	SNP	chr15	chr15_operon_34	3936333	3949676	26	3533	3939865	ETS_5p
3560	CCG	-	---	INDEL	chr15	chr15_operon_34	3936333	3949676	27	3533	3939865	ETS_5p
3563	T	-/C	-	SNP	chr15	chr15_operon_34	3936333	3949676	30	3533	3939865	ETS_5p
3654	C	A	A	SNP	chr15	chr15_operon_34	3936333	3949676	31	3623	3939955	ETS_5p
3666	T	-	T	INDEL	chr15	chr15_operon_34	3936333	3949676	31	3635	3939967	ETS_5p
4926	G	GGAA	GGAA	INDEL	chr15	chr15_operon_34	3936333	3949676	31	4895	3941227	18S
5572	G	GCGC	G---	INDEL	chr15	chr15_operon_34	3936333	3949676	31	5541	3941873	ITS1_repeat_region
5627	GCGCGT	-	GCGCGT	INDEL	chr15	chr15_operon_34	3936333	3949676	34	5593	3941925	ITS1_repeat_region
5661	T	C	T	SNP	chr15	chr15_operon_34	3936333	3949676	34	5627	3941959	ITS1_repeat_region
5669	C	CTCGT	C----	INDEL	chr15	chr15_operon_34	3936333	3949676	34	5635	3941967	ITS1_repeat_region
5717	A	G	A	SNP	chr15	chr15_operon_34	3936333	3949676	38	5679	3942011	ITS1_repeat_region
5735	G	-	G	INDEL	chr15	chr15_operon_34	3936333	3949676	38	5697	3942029	ITS1_repeat_region
5736	G	/GGA/GGAGA/AGAGA/GGGGA/GGAGAGAGA/GGAGAGA	AGAGA----	INDEL	chr15	chr15_operon_34	3936333	3949676	38	5698	3942030	ITS1_repeat_region
5745	G	-	-	INDEL	chr15	chr15_operon_34	3936333	3949676	42	5703	3942035	ITS1_repeat_region
5746	A	-/G	-	SNP	chr15	chr15_operon_34	3936333	3949676	43	5703	3942035	ITS1_repeat_region
5747	GA	-	GA	INDEL	chr15	chr15_operon_34	3936333	3949676	44	5703	3942035	ITS1_repeat_region
5749	GA	-	GA	INDEL	chr15	chr15_operon_34	3936333	3949676	44	5705	3942037	ITS1_repeat_region
5751	G	-/C	G	SNP	chr15	chr15_operon_34	3936333	3949676	44	5707	3942039	ITS1_repeat_region
5752	A	-	A	INDEL	chr15	chr15_operon_34	3936333	3949676	44	5708	3942040	ITS1_repeat_region
5753	GA	-	GA	INDEL	chr15	chr15_operon_34	3936333	3949676	44	5709	3942041	ITS1_repeat_region
5756	A	T	A	SNP	chr15	chr15_operon_34	3936333	3949676	44	5712	3942044	ITS1_repeat_region
5758	A	G	A	SNP	chr15	chr15_operon_34	3936333	3949676	44	5714	3942046	ITS1_repeat_region
5760	AGA	-	AGA	INDEL	chr15	chr15_operon_34	3936333	3949676	44	5716	3942048	ITS1_repeat_region
5763	G	A/-	G	SNP	chr15	chr15_operon_34	3936333	3949676	44	5719	3942051	ITS1_repeat_region
5764	A	-	A	INDEL	chr15	chr15_operon_34	3936333	3949676	44	5720	3942052	ITS1_repeat_region
5765	A	G/-	A	SNP	chr15	chr15_operon_34	3936333	3949676	44	5721	3942053	ITS1_repeat_region
5837	A	C	C	SNP	chr15	chr15_operon_34	3936333	3949676	44	5793	3942125	ITS1_repeat_region
5850	G	A	G	SNP	chr15	chr15_operon_34	3936333	3949676	44	5806	3942138	ITS1_repeat_region
5902	T	TGG/TG	T--	INDEL	chr15	chr15_operon_34	3936333	3949676	44	5858	3942190	ITS1_repeat_region
6000	C	T	C	SNP	chr15	chr15_operon_34	3936333	3949676	46	5954	3942286	ITS1_repeat_region
6115	G	GC	G-	INDEL	chr15	chr15_operon_34	3936333	3949676	46	6069	3942401	ITS1_repeat_region
6228	T	TC	T-	INDEL	chr15	chr15_operon_34	3936333	3949676	47	6181	3942513	ITS1_repeat_region
6247	G	A	G	SNP	chr15	chr15_operon_34	3936333	3949676	48	6199	3942531	ITS1_repeat_region
6306	C	A	C	SNP	chr15	chr15_operon_34	3936333	3949676	48	6258	3942590	ITS1_repeat_region
6307	C	CT	C-	INDEL	chr15	chr15_operon_34	3936333	3949676	48	6259	3942591	ITS1_repeat_region
6317	G	C	C	SNP	chr15	chr15_operon_34	3936333	3949676	49	6268	3942600	ITS1_repeat_region
6334	T	G	T	SNP	chr15	chr15_operon_34	3936333	3949676	49	6285	3942617	ITS1_repeat_region
6340	C	T	T	SNP	chr15	chr15_operon_34	3936333	3949676	49	6291	3942623	ITS1_repeat_region
6551	G	-	-	INDEL	chr15	chr15_operon_34	3936333	3949676	49	6502	3942834	ITS1_repeat_region
6552	G	-/C	-	SNP	chr15	chr15_operon_34	3936333	3949676	50	6502	3942834	ITS1_repeat_region
6557	C	TTG/GGC/T/GGG/G	GGC	INDEL	chr15	chr15_operon_34	3936333	3949676	51	6506	3942838	ITS1_repeat_region
6560	G	T	G	SNP	chr15	chr15_operon_34	3936333	3949676	51	6509	3942841	ITS1_repeat_region
6915	T	C	T	SNP	chr15	chr15_operon_34	3936333	3949676	51	6864	3943196	ITS2
6919	G	A	G	SNP	chr15	chr15_operon_34	3936333	3949676	51	6868	3943200	ITS2
6930	C	T	C	SNP	chr15	chr15_operon_34	3936333	3949676	51	6879	3943211	ITS2
6942	C	T	C	SNP	chr15	chr15_operon_34	3936333	3949676	51	6891	3943223	ITS2
6943	T	TC	TC	INDEL	chr15	chr15_operon_34	3936333	3949676	51	6892	3943224	ITS2
7195	C	CCGT	C---	INDEL	chr15	chr15_operon_34	3936333	3949676	51	7144	3943476	ITS2
7289	A	C	A	SNP	chr15	chr15_operon_34	3936333	3949676	54	7235	3943567	ITS2
7406	C	-	C	INDEL	chr15	chr15_operon_34	3936333	3949676	54	7352	3943684	ITS2
7428	G	GC	G-	INDEL	chr15	chr15_operon_34	3936333	3949676	54	7374	3943706	ITS2
7434	G	C	G	SNP	chr15	chr15_operon_34	3936333	3949676	55	7379	3943711	ITS2
7549	T	C	T	SNP	chr15	chr15_operon_34	3936333	3949676	55	7494	3943826	ITS2
7699	C	T	C	SNP	chr15	chr15_operon_34	3936333	3949676	55	7644	3943976	ITS2
7790	T	G	T	SNP	chr15	chr15_operon_34	3936333	3949676	55	7735	3944067	ITS2
7810	C	T	C	SNP	chr15	chr15_operon_34	3936333	3949676	55	7755	3944087	ITS2
7829	T	C	T	SNP	chr15	chr15_operon_34	3936333	3949676	55	7774	3944106	ITS2
7833	C	G	C	SNP	chr15	chr15_operon_34	3936333	3949676	55	7778	3944110	ITS2
7842	G	GC	G-	INDEL	chr15	chr15_operon_34	3936333	3949676	55	7787	3944119	ITS2
8024	A	G	A	SNP	chr15	chr15_operon_34	3936333	3949676	56	7968	3944300	28S
8622	C	G	C	SNP	chr15	chr15_operon_34	3936333	3949676	56	8566	3944898	28S
8728	CCGT	-	CCGT	INDEL	chr15	chr15_operon_34	3936333	3949676	56	8672	3945004	28S
8746	G	/GT	GT	INDEL	chr15	chr15_operon_34	3936333	3949676	56	8690	3945022	28S
8748	T	C/-	C	SNP	chr15	chr15_operon_34	3936333	3949676	56	8692	3945024	28S
8749	C	-	C	INDEL	chr15	chr15_operon_34	3936333	3949676	56	8693	3945025	28S
8750	C	G/-	-	SNP	chr15	chr15_operon_34	3936333	3949676	56	8694	3945026	28S
8813	GGC	-	GGC	INDEL	chr15	chr15_operon_34	3936333	3949676	57	8756	3945088	28S
8816	GGC	-	GGC	INDEL	chr15	chr15_operon_34	3936333	3949676	57	8759	3945091	28S
8827	T	CGGT/C	C---	INDEL	chr15	chr15_operon_34	3936333	3949676	57	8770	3945102	28S
8831	GGC	-	GGC	INDEL	chr15	chr15_operon_34	3936333	3949676	60	8771	3945103	28S
8836	C	CGGT/T/TGGC/CGGC	TGGC	INDEL	chr15	chr15_operon_34	3936333	3949676	60	8776	3945108	28S
8842	C	T	C	SNP	chr15	chr15_operon_34	3936333	3949676	60	8782	3945114	28S
8846	GG	-	GG	INDEL	chr15	chr15_operon_34	3936333	3949676	60	8786	3945118	28S
8848	C	/CGGG/CGGC	CGGC	INDEL	chr15	chr15_operon_34	3936333	3949676	60	8788	3945120	28S
8867	A	AC	AC	INDEL	chr15	chr15_operon_34	3936333	3949676	60	8807	3945139	28S
8886	G	GC	G-	INDEL	chr15	chr15_operon_34	3936333	3949676	60	8826	3945158	28S
9108	G	T	G	SNP	chr15	chr15_operon_34	3936333	3949676	61	9047	3945379	28S
9120	C	T	C	SNP	chr15	chr15_operon_34	3936333	3949676	61	9059	3945391	28S
9186	G	-	-	INDEL	chr15	chr15_operon_34	3936333	3949676	61	9125	3945457	28S
10121	G	GGGC/GGGCGGC	GGGCGGC	INDEL	chr15	chr15_operon_34	3936333	3949676	62	10059	3946391	28S
10128	GGC	-	GGC	INDEL	chr15	chr15_operon_34	3936333	3949676	62	10066	3946398	28S
10137	GGCG	-	GGCG	INDEL	chr15	chr15_operon_34	3936333	3949676	62	10075	3946407	28S
10141	G	GC/	GC	INDEL	chr15	chr15_operon_34	3936333	3949676	62	10079	3946411	28S
10143	C	-/G	G	SNP	chr15	chr15_operon_34	3936333	3949676	62	10081	3946413	28S
10144	G	-	G	INDEL	chr15	chr15_operon_34	3936333	3949676	62	10082	3946414	28S
10145	G	-/C	-	SNP	chr15	chr15_operon_34	3936333	3949676	62	10083	3946415	28S
10149	T	G	T	SNP	chr15	chr15_operon_34	3936333	3949676	63	10086	3946418	28S
10153	T	-	T	INDEL	chr15	chr15_operon_34	3936333	3949676	63	10090	3946422	28S
10155	G	T	G	SNP	chr15	chr15_operon_34	3936333	3949676	63	10092	3946424	28S
10157	G	T	G	SNP	chr15	chr15_operon_34	3936333	3949676	63	10094	3946426	28S
10158	T	G/C	T	SNP	chr15	chr15_operon_34	3936333	3949676	63	10095	3946427	28S
10159	C	-	C	INDEL	chr15	chr15_operon_34	3936333	3949676	63	10096	3946428	28S
10160	C	T/G	C	SNP	chr15	chr15_operon_34	3936333	3949676	63	10097	3946429	28S
10161	T	-	T	INDEL	chr15	chr15_operon_34	3936333	3949676	63	10098	3946430	28S
10162	C	T/-	C	SNP	chr15	chr15_operon_34	3936333	3949676	63	10099	3946431	28S
10163	C	-	C	INDEL	chr15	chr15_operon_34	3936333	3949676	63	10100	3946432	28S
10164	C	TCCC/CCC/CCCG/CCCC	CCC-	INDEL	chr15	chr15_operon_34	3936333	3949676	63	10101	3946433	28S
10168	C	-/G	-	SNP	chr15	chr15_operon_34	3936333	3949676	64	10104	3946436	28S
10169	C	-	-	INDEL	chr15	chr15_operon_34	3936333	3949676	65	10104	3946436	28S
10170	G	CCC/GCC/GC/CC/C	GC-	INDEL	chr15	chr15_operon_34	3936333	3949676	66	10104	3946436	28S
10399	G	GTT	G--	INDEL	chr15	chr15_operon_34	3936333	3949676	67	10332	3946664	28S
10447	T	C	C	SNP	chr15	chr15_operon_34	3936333	3949676	69	10378	3946710	28S
10942	G	GC	G-	INDEL	chr15	chr15_operon_34	3936333	3949676	69	10873	3947205	28S
10979	T	C	T	SNP	chr15	chr15_operon_34	3936333	3949676	70	10909	3947241	28S
11019	A	G	A	SNP	chr15	chr15_operon_34	3936333	3949676	70	10949	3947281	28S
11028	C	CCTCT/CCT	C----	INDEL	chr15	chr15_operon_34	3936333	3949676	70	10958	3947290	28S
11108	G	GGA	G--	INDEL	chr15	chr15_operon_34	3936333	3949676	74	11034	3947366	28S
11126	G	T	G	SNP	chr15	chr15_operon_34	3936333	3949676	76	11050	3947382	28S
11143	G	GC	GC	INDEL	chr15	chr15_operon_34	3936333	3949676	76	11067	3947399	28S
11145	CCGCCGCGGGGCCCCGGCGGCGGGGG	-	CCGCCGCGGGGCCCCGGCGGCGGGGG	INDEL	chr15	chr15_operon_34	3936333	3949676	76	11069	3947401	28S
11316	C	-	C	INDEL	chr15	chr15_operon_34	3936333	3949676	76	11240	3947572	28S
11320	C	CCCC/CCCCCA/CC/CCCCA	C-----	INDEL	chr15	chr15_operon_34	3936333	3949676	76	11244	3947576	28S
11336	A	G	A	SNP	chr15	chr15_operon_34	3936333	3949676	81	11255	3947587	28S
11398	C	T	C	SNP	chr15	chr15_operon_34	3936333	3949676	81	11317	3947649	28S
11476	C	CGCG/CGCGGCGGCG/CGCGGCG	CGCGGCG---	INDEL	chr15	chr15_operon_34	3936333	3949676	81	11395	3947727	28S
11492	GCGGCGGC	-	GCGGCGGC	INDEL	chr15	chr15_operon_34	3936333	3949676	84	11408	3947740	28S
11500	G	A/-	A	SNP	chr15	chr15_operon_34	3936333	3949676	84	11416	3947748	28S
11891	G	-	G	INDEL	chr15	chr15_operon_34	3936333	3949676	84	11807	3948139	28S
11979	C	T	C	SNP	chr15	chr15_operon_34	3936333	3949676	84	11895	3948227	28S
12345	T	TTTTGGG	T------	INDEL	chr15	chr15_operon_34	3936333	3949676	84	12261	3948593	28S
12797	G	GC/GCC	GC-	INDEL	chr15	chr15_operon_34	3936333	3949676	90	12707	3949039	28S
12811	A	G	G	SNP	chr15	chr15_operon_34	3936333	3949676	91	12720	3949052	28S
12821	C	T	C	SNP	chr15	chr15_operon_34	3936333	3949676	91	12730	3949062	28S
12907	T	C	C	SNP	chr15	chr15_operon_34	3936333	3949676	91	12816	3949148	28S
13072	CG	-	CG	INDEL	chr15	chr15_operon_34	3936333	3949676	91	12981	3949313	28S
13074	CG	-	CG	INDEL	chr15	chr15_operon_34	3936333	3949676	91	12983	3949315	ETS_3p
13076	CGCG	-	CGCG	INDEL	chr15	chr15_operon_34	3936333	3949676	91	12985	3949317	ETS_3p
13080	C	CGCGC	CGCGC	INDEL	chr15	chr15_operon_34	3936333	3949676	91	12989	3949321	ETS_3p
13085	GCGC	-	----	INDEL	chr15	chr15_operon_34	3936333	3949676	91	12994	3949326	ETS_3p
13089	GCGCGT	-	GCGCGT	INDEL	chr15	chr15_operon_34	3936333	3949676	95	12994	3949326	ETS_3p
13201	T	TGGG/TGG/TGGGGGTGGGG	TGG--------	INDEL	chr15	chr15_operon_34	3936333	3949676	95	13106	3949438	ETS_3p
13415	T	TG	T-	INDEL	chr15	chr15_operon_34	3936333	3949676	103	13312	3949644	ETS_3p
7	A	G	A	SNP	chr15	chr15_operon_35	3981265	3994605	0	7	3981271	ETS_5p
139	T	C	T	SNP	chr15	chr15_operon_35	3981265	3994605	0	139	3981403	ETS_5p
640	G	T	G	SNP	chr15	chr15_operon_35	3981265	3994605	0	640	3981904	ETS_5p
777	C	CGG	CGG	INDEL	chr15	chr15_operon_35	3981265	3994605	0	777	3982041	ETS_5p
965	G	A	A	SNP	chr15	chr15_operon_35	3981265	3994605	0	965	3982229	ETS_5p
1293	C	G	C	SNP	chr15	chr15_operon_35	3981265	3994605	0	1293	3982557	ETS_5p
1327	C	T	C	SNP	chr15	chr15_operon_35	3981265	3994605	0	1327	3982591	ETS_5p
1512	G	GT	G-	INDEL	chr15	chr15_operon_35	3981265	3994605	0	1512	3982776	ETS_5p
1641	T	TC	T-	INDEL	chr15	chr15_operon_35	3981265	3994605	1	1640	3982904	ETS_5p
1687	G	GT	G-	INDEL	chr15	chr15_operon_35	3981265	3994605	2	1685	3982949	ETS_5p
1761	T	C	T	SNP	chr15	chr15_operon_35	3981265	3994605	3	1758	3983022	ETS_5p
1949	G	C	G	SNP	chr15	chr15_operon_35	3981265	3994605	3	1946	3983210	ETS_5p
1950	T	G	T	SNP	chr15	chr15_operon_35	3981265	3994605	3	1947	3983211	ETS_5p
2104	C	T	C	SNP	chr15	chr15_operon_35	3981265	3994605	3	2101	3983365	ETS_5p
2149	G	C	C	SNP	chr15	chr15_operon_35	3981265	3994605	3	2146	3983410	ETS_5p
2204	T	TCGCC	T----	INDEL	chr15	chr15_operon_35	3981265	3994605	3	2201	3983465	ETS_5p
2293	T	C	T	SNP	chr15	chr15_operon_35	3981265	3994605	7	2286	3983550	ETS_5p
2347	A	G	A	SNP	chr15	chr15_operon_35	3981265	3994605	7	2340	3983604	ETS_5p
2372	C	G	C	SNP	chr15	chr15_operon_35	3981265	3994605	7	2365	3983629	ETS_5p
2398	CGGTGGCGCCCCGCGTGGGGCC	-	CGGTGGCGCCCCGCGTGGGGCC	INDEL	chr15	chr15_operon_35	3981265	3994605	7	2391	3983655	ETS_5p
2432	C	A	C	SNP	chr15	chr15_operon_35	3981265	3994605	7	2425	3983689	ETS_5p
2501	T	TGCG/C	TGCG	INDEL	chr15	chr15_operon_35	3981265	3994605	7	2494	3983758	ETS_5p
2605	T	C	T	SNP	chr15	chr15_operon_35	3981265	3994605	7	2598	3983862	ETS_5p
2632	A	C	A	SNP	chr15	chr15_operon_35	3981265	3994605	7	2625	3983889	ETS_5p
2844	C	T	C	SNP	chr15	chr15_operon_35	3981265	3994605	7	2837	3984101	ETS_5p
3035	G	T	G	SNP	chr15	chr15_operon_35	3981265	3994605	7	3028	3984292	ETS_5p
3062	C	CG	C-	INDEL	chr15	chr15_operon_35	3981265	3994605	7	3055	3984319	ETS_5p
3219	C	A	C	SNP	chr15	chr15_operon_35	3981265	3994605	8	3211	3984475	ETS_5p
3313	CG	-	CG	INDEL	chr15	chr15_operon_35	3981265	3994605	8	3305	3984569	ETS_5p
3398	A	G	A	SNP	chr15	chr15_operon_35	3981265	3994605	8	3390	3984654	ETS_5p
3536	CCCGT	-	CCCGT	INDEL	chr15	chr15_operon_35	3981265	3994605	8	3528	3984792	ETS_5p
3541	CCGC	-	----	INDEL	chr15	chr15_operon_35	3981265	3994605	8	3533	3984797	ETS_5p
3545	CCGTCC	-	------	INDEL	chr15	chr15_operon_35	3981265	3994605	12	3533	3984797	ETS_5p
3551	GCGG	-	----	INDEL	chr15	chr15_operon_35	3981265	3994605	18	3533	3984797	ETS_5p
3555	C	-/G	-	SNP	chr15	chr15_operon_35	3981265	3994605	22	3533	3984797	ETS_5p
3556	C	-	-	INDEL	chr15	chr15_operon_35	3981265	3994605	23	3533	3984797	ETS_5p
3557	C	G/-	-	SNP	chr15	chr15_operon_35	3981265	3994605	24	3533	3984797	ETS_5p
3558	G	-	-	INDEL	chr15	chr15_operon_35	3981265	3994605	25	3533	3984797	ETS_5p
3559	T	-/C	-	SNP	chr15	chr15_operon_35	3981265	3994605	26	3533	3984797	ETS_5p
3560	CCG	-	---	INDEL	chr15	chr15_operon_35	3981265	3994605	27	3533	3984797	ETS_5p
3563	T	-/C	-	SNP	chr15	chr15_operon_35	3981265	3994605	30	3533	3984797	ETS_5p
3654	C	A	A	SNP	chr15	chr15_operon_35	3981265	3994605	31	3623	3984887	ETS_5p
3666	T	-	T	INDEL	chr15	chr15_operon_35	3981265	3994605	31	3635	3984899	ETS_5p
4926	G	GGAA	G---	INDEL	chr15	chr15_operon_35	3981265	3994605	31	4895	3986159	18S
5572	G	GCGC	G---	INDEL	chr15	chr15_operon_35	3981265	3994605	34	5538	3986802	ITS1_repeat_region
5627	GCGCGT	-	GCGCGT	INDEL	chr15	chr15_operon_35	3981265	3994605	37	5590	3986854	ITS1_repeat_region
5661	T	C	T	SNP	chr15	chr15_operon_35	3981265	3994605	37	5624	3986888	ITS1_repeat_region
5669	C	CTCGT	C----	INDEL	chr15	chr15_operon_35	3981265	3994605	37	5632	3986896	ITS1_repeat_region
5717	A	G	A	SNP	chr15	chr15_operon_35	3981265	3994605	41	5676	3986940	ITS1_repeat_region
5735	G	-	G	INDEL	chr15	chr15_operon_35	3981265	3994605	41	5694	3986958	ITS1_repeat_region
5736	G	/GGA/GGAGA/AGAGA/GGGGA/GGAGAGAGA/GGAGAGA	AGAGA----	INDEL	chr15	chr15_operon_35	3981265	3994605	41	5695	3986959	ITS1_repeat_region
5745	G	-	-	INDEL	chr15	chr15_operon_35	3981265	3994605	45	5700	3986964	ITS1_repeat_region
5746	A	-/G	-	SNP	chr15	chr15_operon_35	3981265	3994605	46	5700	3986964	ITS1_repeat_region
5747	GA	-	GA	INDEL	chr15	chr15_operon_35	3981265	3994605	47	5700	3986964	ITS1_repeat_region
5749	GA	-	GA	INDEL	chr15	chr15_operon_35	3981265	3994605	47	5702	3986966	ITS1_repeat_region
5751	G	-/C	G	SNP	chr15	chr15_operon_35	3981265	3994605	47	5704	3986968	ITS1_repeat_region
5752	A	-	A	INDEL	chr15	chr15_operon_35	3981265	3994605	47	5705	3986969	ITS1_repeat_region
5753	GA	-	GA	INDEL	chr15	chr15_operon_35	3981265	3994605	47	5706	3986970	ITS1_repeat_region
5756	A	T	A	SNP	chr15	chr15_operon_35	3981265	3994605	47	5709	3986973	ITS1_repeat_region
5758	A	G	A	SNP	chr15	chr15_operon_35	3981265	3994605	47	5711	3986975	ITS1_repeat_region
5760	AGA	-	AGA	INDEL	chr15	chr15_operon_35	3981265	3994605	47	5713	3986977	ITS1_repeat_region
5763	G	A/-	G	SNP	chr15	chr15_operon_35	3981265	3994605	47	5716	3986980	ITS1_repeat_region
5764	A	-	A	INDEL	chr15	chr15_operon_35	3981265	3994605	47	5717	3986981	ITS1_repeat_region
5765	A	G/-	A	SNP	chr15	chr15_operon_35	3981265	3994605	47	5718	3986982	ITS1_repeat_region
5837	A	C	C	SNP	chr15	chr15_operon_35	3981265	3994605	47	5790	3987054	ITS1_repeat_region
5850	G	A	G	SNP	chr15	chr15_operon_35	3981265	3994605	47	5803	3987067	ITS1_repeat_region
5902	T	TGG/TG	T--	INDEL	chr15	chr15_operon_35	3981265	3994605	47	5855	3987119	ITS1_repeat_region
6000	C	T	C	SNP	chr15	chr15_operon_35	3981265	3994605	49	5951	3987215	ITS1_repeat_region
6115	G	GC	G-	INDEL	chr15	chr15_operon_35	3981265	3994605	49	6066	3987330	ITS1_repeat_region
6228	T	TC	T-	INDEL	chr15	chr15_operon_35	3981265	3994605	50	6178	3987442	ITS1_repeat_region
6247	G	A	G	SNP	chr15	chr15_operon_35	3981265	3994605	51	6196	3987460	ITS1_repeat_region
6306	C	A	C	SNP	chr15	chr15_operon_35	3981265	3994605	51	6255	3987519	ITS1_repeat_region
6307	C	CT	C-	INDEL	chr15	chr15_operon_35	3981265	3994605	51	6256	3987520	ITS1_repeat_region
6317	G	C	C	SNP	chr15	chr15_operon_35	3981265	3994605	52	6265	3987529	ITS1_repeat_region
6334	T	G	T	SNP	chr15	chr15_operon_35	3981265	3994605	52	6282	3987546	ITS1_repeat_region
6340	C	T	T	SNP	chr15	chr15_operon_35	3981265	3994605	52	6288	3987552	ITS1_repeat_region
6551	G	-	-	INDEL	chr15	chr15_operon_35	3981265	3994605	52	6499	3987763	ITS1_repeat_region
6552	G	-/C	-	SNP	chr15	chr15_operon_35	3981265	3994605	53	6499	3987763	ITS1_repeat_region
6557	C	TTG/GGC/T/GGG/G	GGC	INDEL	chr15	chr15_operon_35	3981265	3994605	54	6503	3987767	ITS1_repeat_region
6560	G	T	G	SNP	chr15	chr15_operon_35	3981265	3994605	54	6506	3987770	ITS1_repeat_region
6915	T	C	T	SNP	chr15	chr15_operon_35	3981265	3994605	54	6861	3988125	ITS2
6919	G	A	G	SNP	chr15	chr15_operon_35	3981265	3994605	54	6865	3988129	ITS2
6930	C	T	C	SNP	chr15	chr15_operon_35	3981265	3994605	54	6876	3988140	ITS2
6942	C	T	C	SNP	chr15	chr15_operon_35	3981265	3994605	54	6888	3988152	ITS2
6943	T	TC	TC	INDEL	chr15	chr15_operon_35	3981265	3994605	54	6889	3988153	ITS2
7195	C	CCGT	C---	INDEL	chr15	chr15_operon_35	3981265	3994605	54	7141	3988405	ITS2
7289	A	C	A	SNP	chr15	chr15_operon_35	3981265	3994605	57	7232	3988496	ITS2
7406	C	-	C	INDEL	chr15	chr15_operon_35	3981265	3994605	57	7349	3988613	ITS2
7428	G	GC	G-	INDEL	chr15	chr15_operon_35	3981265	3994605	57	7371	3988635	ITS2
7434	G	C	G	SNP	chr15	chr15_operon_35	3981265	3994605	58	7376	3988640	ITS2
7549	T	C	T	SNP	chr15	chr15_operon_35	3981265	3994605	58	7491	3988755	ITS2
7699	C	T	C	SNP	chr15	chr15_operon_35	3981265	3994605	58	7641	3988905	ITS2
7790	T	G	T	SNP	chr15	chr15_operon_35	3981265	3994605	58	7732	3988996	ITS2
7810	C	T	C	SNP	chr15	chr15_operon_35	3981265	3994605	58	7752	3989016	ITS2
7829	T	C	T	SNP	chr15	chr15_operon_35	3981265	3994605	58	7771	3989035	ITS2
7833	C	G	C	SNP	chr15	chr15_operon_35	3981265	3994605	58	7775	3989039	ITS2
7842	G	GC	G-	INDEL	chr15	chr15_operon_35	3981265	3994605	58	7784	3989048	ITS2
8024	A	G	A	SNP	chr15	chr15_operon_35	3981265	3994605	59	7965	3989229	28S
8622	C	G	C	SNP	chr15	chr15_operon_35	3981265	3994605	59	8563	3989827	28S
8728	CCGT	-	CCGT	INDEL	chr15	chr15_operon_35	3981265	3994605	59	8669	3989933	28S
8746	G	/GT	GT	INDEL	chr15	chr15_operon_35	3981265	3994605	59	8687	3989951	28S
8748	T	C/-	C	SNP	chr15	chr15_operon_35	3981265	3994605	59	8689	3989953	28S
8749	C	-	C	INDEL	chr15	chr15_operon_35	3981265	3994605	59	8690	3989954	28S
8750	C	G/-	-	SNP	chr15	chr15_operon_35	3981265	3994605	59	8691	3989955	28S
8813	GGC	-	GGC	INDEL	chr15	chr15_operon_35	3981265	3994605	60	8753	3990017	28S
8816	GGC	-	GGC	INDEL	chr15	chr15_operon_35	3981265	3994605	60	8756	3990020	28S
8827	T	CGGT/C	C---	INDEL	chr15	chr15_operon_35	3981265	3994605	60	8767	3990031	28S
8831	GGC	-	GGC	INDEL	chr15	chr15_operon_35	3981265	3994605	63	8768	3990032	28S
8836	C	CGGT/T/TGGC/CGGC	TGGC	INDEL	chr15	chr15_operon_35	3981265	3994605	63	8773	3990037	28S
8842	C	T	C	SNP	chr15	chr15_operon_35	3981265	3994605	63	8779	3990043	28S
8846	GG	-	GG	INDEL	chr15	chr15_operon_35	3981265	3994605	63	8783	3990047	28S
8848	C	/CGGG/CGGC	CGGC	INDEL	chr15	chr15_operon_35	3981265	3994605	63	8785	3990049	28S
8867	A	AC	AC	INDEL	chr15	chr15_operon_35	3981265	3994605	63	8804	3990068	28S
8886	G	GC	G-	INDEL	chr15	chr15_operon_35	3981265	3994605	63	8823	3990087	28S
9108	G	T	G	SNP	chr15	chr15_operon_35	3981265	3994605	64	9044	3990308	28S
9120	C	T	C	SNP	chr15	chr15_operon_35	3981265	3994605	64	9056	3990320	28S
9186	G	-	-	INDEL	chr15	chr15_operon_35	3981265	3994605	64	9122	3990386	28S
10121	G	GGGC/GGGCGGC	GGGCGGC	INDEL	chr15	chr15_operon_35	3981265	3994605	65	10056	3991320	28S
10128	GGC	-	GGC	INDEL	chr15	chr15_operon_35	3981265	3994605	65	10063	3991327	28S
10137	GGCG	-	GGCG	INDEL	chr15	chr15_operon_35	3981265	3994605	65	10072	3991336	28S
10141	G	GC/	GC	INDEL	chr15	chr15_operon_35	3981265	3994605	65	10076	3991340	28S
10143	C	-/G	G	SNP	chr15	chr15_operon_35	3981265	3994605	65	10078	3991342	28S
10144	G	-	G	INDEL	chr15	chr15_operon_35	3981265	3994605	65	10079	3991343	28S
10145	G	-/C	-	SNP	chr15	chr15_operon_35	3981265	3994605	65	10080	3991344	28S
10149	T	G	T	SNP	chr15	chr15_operon_35	3981265	3994605	66	10083	3991347	28S
10153	T	-	T	INDEL	chr15	chr15_operon_35	3981265	3994605	66	10087	3991351	28S
10155	G	T	G	SNP	chr15	chr15_operon_35	3981265	3994605	66	10089	3991353	28S
10157	G	T	G	SNP	chr15	chr15_operon_35	3981265	3994605	66	10091	3991355	28S
10158	T	G/C	T	SNP	chr15	chr15_operon_35	3981265	3994605	66	10092	3991356	28S
10159	C	-	C	INDEL	chr15	chr15_operon_35	3981265	3994605	66	10093	3991357	28S
10160	C	T/G	C	SNP	chr15	chr15_operon_35	3981265	3994605	66	10094	3991358	28S
10161	T	-	T	INDEL	chr15	chr15_operon_35	3981265	3994605	66	10095	3991359	28S
10162	C	T/-	C	SNP	chr15	chr15_operon_35	3981265	3994605	66	10096	3991360	28S
10163	C	-	C	INDEL	chr15	chr15_operon_35	3981265	3994605	66	10097	3991361	28S
10164	C	TCCC/CCC/CCCG/CCCC	CCC-	INDEL	chr15	chr15_operon_35	3981265	3994605	66	10098	3991362	28S
10168	C	-/G	-	SNP	chr15	chr15_operon_35	3981265	3994605	67	10101	3991365	28S
10169	C	-	-	INDEL	chr15	chr15_operon_35	3981265	3994605	68	10101	3991365	28S
10170	G	CCC/GCC/GC/CC/C	GC-	INDEL	chr15	chr15_operon_35	3981265	3994605	69	10101	3991365	28S
10399	G	GTT	G--	INDEL	chr15	chr15_operon_35	3981265	3994605	70	10329	3991593	28S
10447	T	C	C	SNP	chr15	chr15_operon_35	3981265	3994605	72	10375	3991639	28S
10942	G	GC	G-	INDEL	chr15	chr15_operon_35	3981265	3994605	72	10870	3992134	28S
10979	T	C	T	SNP	chr15	chr15_operon_35	3981265	3994605	73	10906	3992170	28S
11019	A	G	A	SNP	chr15	chr15_operon_35	3981265	3994605	73	10946	3992210	28S
11028	C	CCTCT/CCT	C----	INDEL	chr15	chr15_operon_35	3981265	3994605	73	10955	3992219	28S
11108	G	GGA	G--	INDEL	chr15	chr15_operon_35	3981265	3994605	77	11031	3992295	28S
11126	G	T	G	SNP	chr15	chr15_operon_35	3981265	3994605	79	11047	3992311	28S
11143	G	GC	GC	INDEL	chr15	chr15_operon_35	3981265	3994605	79	11064	3992328	28S
11145	CCGCCGCGGGGCCCCGGCGGCGGGGG	-	CCGCCGCGGGGCCCCGGCGGCGGGGG	INDEL	chr15	chr15_operon_35	3981265	3994605	79	11066	3992330	28S
11316	C	-	C	INDEL	chr15	chr15_operon_35	3981265	3994605	79	11237	3992501	28S
11320	C	CCCC/CCCCCA/CC/CCCCA	C-----	INDEL	chr15	chr15_operon_35	3981265	3994605	79	11241	3992505	28S
11336	A	G	A	SNP	chr15	chr15_operon_35	3981265	3994605	84	11252	3992516	28S
11398	C	T	C	SNP	chr15	chr15_operon_35	3981265	3994605	84	11314	3992578	28S
11476	C	CGCG/CGCGGCGGCG/CGCGGCG	CGCGGCG---	INDEL	chr15	chr15_operon_35	3981265	3994605	84	11392	3992656	28S
11492	GCGGCGGC	-	GCGGCGGC	INDEL	chr15	chr15_operon_35	3981265	3994605	87	11405	3992669	28S
11500	G	A/-	A	SNP	chr15	chr15_operon_35	3981265	3994605	87	11413	3992677	28S
11891	G	-	G	INDEL	chr15	chr15_operon_35	3981265	3994605	87	11804	3993068	28S
11979	C	T	C	SNP	chr15	chr15_operon_35	3981265	3994605	87	11892	3993156	28S
12345	T	TTTTGGG	T------	INDEL	chr15	chr15_operon_35	3981265	3994605	87	12258	3993522	28S
12797	G	GC/GCC	GC-	INDEL	chr15	chr15_operon_35	3981265	3994605	93	12704	3993968	28S
12811	A	G	G	SNP	chr15	chr15_operon_35	3981265	3994605	94	12717	3993981	28S
12821	C	T	C	SNP	chr15	chr15_operon_35	3981265	3994605	94	12727	3993991	28S
12907	T	C	C	SNP	chr15	chr15_operon_35	3981265	3994605	94	12813	3994077	28S
13072	CG	-	CG	INDEL	chr15	chr15_operon_35	3981265	3994605	94	12978	3994242	28S
13074	CG	-	CG	INDEL	chr15	chr15_operon_35	3981265	3994605	94	12980	3994244	ETS_3p
13076	CGCG	-	CGCG	INDEL	chr15	chr15_operon_35	3981265	3994605	94	12982	3994246	ETS_3p
13080	C	CGCGC	CGCGC	INDEL	chr15	chr15_operon_35	3981265	3994605	94	12986	3994250	ETS_3p
13085	GCGC	-	----	INDEL	chr15	chr15_operon_35	3981265	3994605	94	12991	3994255	ETS_3p
13089	GCGCGT	-	GCGCGT	INDEL	chr15	chr15_operon_35	3981265	3994605	98	12991	3994255	ETS_3p
13201	T	TGGG/TGG/TGGGGGTGGGG	TGG--------	INDEL	chr15	chr15_operon_35	3981265	3994605	98	13103	3994367	ETS_3p
13415	T	TG	T-	INDEL	chr15	chr15_operon_35	3981265	3994605	106	13309	3994573	ETS_3p
7	A	G	A	SNP	chr15	chr15_operon_50	4655200	4668554	0	7	4655206	ETS_5p
139	T	C	C	SNP	chr15	chr15_operon_50	4655200	4668554	0	139	4655338	ETS_5p
640	G	T	G	SNP	chr15	chr15_operon_50	4655200	4668554	0	640	4655839	ETS_5p
777	C	CGG	CGG	INDEL	chr15	chr15_operon_50	4655200	4668554	0	777	4655976	ETS_5p
965	G	A	A	SNP	chr15	chr15_operon_50	4655200	4668554	0	965	4656164	ETS_5p
1293	C	G	C	SNP	chr15	chr15_operon_50	4655200	4668554	0	1293	4656492	ETS_5p
1327	C	T	C	SNP	chr15	chr15_operon_50	4655200	4668554	0	1327	4656526	ETS_5p
1512	G	GT	G-	INDEL	chr15	chr15_operon_50	4655200	4668554	0	1512	4656711	ETS_5p
1641	T	TC	T-	INDEL	chr15	chr15_operon_50	4655200	4668554	1	1640	4656839	ETS_5p
1687	G	GT	G-	INDEL	chr15	chr15_operon_50	4655200	4668554	2	1685	4656884	ETS_5p
1761	T	C	T	SNP	chr15	chr15_operon_50	4655200	4668554	3	1758	4656957	ETS_5p
1949	G	C	G	SNP	chr15	chr15_operon_50	4655200	4668554	3	1946	4657145	ETS_5p
1950	T	G	T	SNP	chr15	chr15_operon_50	4655200	4668554	3	1947	4657146	ETS_5p
2104	C	T	C	SNP	chr15	chr15_operon_50	4655200	4668554	3	2101	4657300	ETS_5p
2149	G	C	C	SNP	chr15	chr15_operon_50	4655200	4668554	3	2146	4657345	ETS_5p
2204	T	TCGCC	T----	INDEL	chr15	chr15_operon_50	4655200	4668554	3	2201	4657400	ETS_5p
2293	T	C	T	SNP	chr15	chr15_operon_50	4655200	4668554	7	2286	4657485	ETS_5p
2347	A	G	A	SNP	chr15	chr15_operon_50	4655200	4668554	7	2340	4657539	ETS_5p
2372	C	G	C	SNP	chr15	chr15_operon_50	4655200	4668554	7	2365	4657564	ETS_5p
2398	CGGTGGCGCCCCGCGTGGGGCC	-	CGGTGGCGCCCCGCGTGGGGCC	INDEL	chr15	chr15_operon_50	4655200	4668554	7	2391	4657590	ETS_5p
2432	C	A	C	SNP	chr15	chr15_operon_50	4655200	4668554	7	2425	4657624	ETS_5p
2501	T	TGCG/C	TGCG	INDEL	chr15	chr15_operon_50	4655200	4668554	7	2494	4657693	ETS_5p
2605	T	C	T	SNP	chr15	chr15_operon_50	4655200	4668554	7	2598	4657797	ETS_5p
2632	A	C	A	SNP	chr15	chr15_operon_50	4655200	4668554	7	2625	4657824	ETS_5p
2844	C	T	C	SNP	chr15	chr15_operon_50	4655200	4668554	7	2837	4658036	ETS_5p
3035	G	T	G	SNP	chr15	chr15_operon_50	4655200	4668554	7	3028	4658227	ETS_5p
3062	C	CG	C-	INDEL	chr15	chr15_operon_50	4655200	4668554	7	3055	4658254	ETS_5p
3219	C	A	C	SNP	chr15	chr15_operon_50	4655200	4668554	8	3211	4658410	ETS_5p
3313	CG	-	CG	INDEL	chr15	chr15_operon_50	4655200	4668554	8	3305	4658504	ETS_5p
3398	A	G	A	SNP	chr15	chr15_operon_50	4655200	4668554	8	3390	4658589	ETS_5p
3536	CCCGT	-	CCCGT	INDEL	chr15	chr15_operon_50	4655200	4668554	8	3528	4658727	ETS_5p
3541	CCGC	-	----	INDEL	chr15	chr15_operon_50	4655200	4668554	8	3533	4658732	ETS_5p
3545	CCGTCC	-	------	INDEL	chr15	chr15_operon_50	4655200	4668554	12	3533	4658732	ETS_5p
3551	GCGG	-	----	INDEL	chr15	chr15_operon_50	4655200	4668554	18	3533	4658732	ETS_5p
3555	C	-/G	-	SNP	chr15	chr15_operon_50	4655200	4668554	22	3533	4658732	ETS_5p
3556	C	-	-	INDEL	chr15	chr15_operon_50	4655200	4668554	23	3533	4658732	ETS_5p
3557	C	G/-	-	SNP	chr15	chr15_operon_50	4655200	4668554	24	3533	4658732	ETS_5p
3558	G	-	-	INDEL	chr15	chr15_operon_50	4655200	4668554	25	3533	4658732	ETS_5p
3559	T	-/C	-	SNP	chr15	chr15_operon_50	4655200	4668554	26	3533	4658732	ETS_5p
3560	CCG	-	---	INDEL	chr15	chr15_operon_50	4655200	4668554	27	3533	4658732	ETS_5p
3563	T	-/C	-	SNP	chr15	chr15_operon_50	4655200	4668554	30	3533	4658732	ETS_5p
3654	C	A	A	SNP	chr15	chr15_operon_50	4655200	4668554	31	3623	4658822	ETS_5p
3666	T	-	T	INDEL	chr15	chr15_operon_50	4655200	4668554	31	3635	4658834	ETS_5p
4926	G	GGAA	G---	INDEL	chr15	chr15_operon_50	4655200	4668554	31	4895	4660094	18S
5572	G	GCGC	GCGC	INDEL	chr15	chr15_operon_50	4655200	4668554	34	5538	4660737	ITS1_repeat_region
5627	GCGCGT	-	GCGCGT	INDEL	chr15	chr15_operon_50	4655200	4668554	34	5593	4660792	ITS1_repeat_region
5661	T	C	T	SNP	chr15	chr15_operon_50	4655200	4668554	34	5627	4660826	ITS1_repeat_region
5669	C	CTCGT	C----	INDEL	chr15	chr15_operon_50	4655200	4668554	34	5635	4660834	ITS1_repeat_region
5717	A	G	A	SNP	chr15	chr15_operon_50	4655200	4668554	38	5679	4660878	ITS1_repeat_region
5735	G	-	G	INDEL	chr15	chr15_operon_50	4655200	4668554	38	5697	4660896	ITS1_repeat_region
5736	G	/GGA/GGAGA/AGAGA/GGGGA/GGAGAGAGA/GGAGAGA	GGAGA----	INDEL	chr15	chr15_operon_50	4655200	4668554	38	5698	4660897	ITS1_repeat_region
5745	G	-	-	INDEL	chr15	chr15_operon_50	4655200	4668554	42	5703	4660902	ITS1_repeat_region
5746	A	-/G	-	SNP	chr15	chr15_operon_50	4655200	4668554	43	5703	4660902	ITS1_repeat_region
5747	GA	-	GA	INDEL	chr15	chr15_operon_50	4655200	4668554	44	5703	4660902	ITS1_repeat_region
5749	GA	-	GA	INDEL	chr15	chr15_operon_50	4655200	4668554	44	5705	4660904	ITS1_repeat_region
5751	G	-/C	G	SNP	chr15	chr15_operon_50	4655200	4668554	44	5707	4660906	ITS1_repeat_region
5752	A	-	A	INDEL	chr15	chr15_operon_50	4655200	4668554	44	5708	4660907	ITS1_repeat_region
5753	GA	-	GA	INDEL	chr15	chr15_operon_50	4655200	4668554	44	5709	4660908	ITS1_repeat_region
5756	A	T	A	SNP	chr15	chr15_operon_50	4655200	4668554	44	5712	4660911	ITS1_repeat_region
5758	A	G	A	SNP	chr15	chr15_operon_50	4655200	4668554	44	5714	4660913	ITS1_repeat_region
5760	AGA	-	AGA	INDEL	chr15	chr15_operon_50	4655200	4668554	44	5716	4660915	ITS1_repeat_region
5763	G	A/-	G	SNP	chr15	chr15_operon_50	4655200	4668554	44	5719	4660918	ITS1_repeat_region
5764	A	-	A	INDEL	chr15	chr15_operon_50	4655200	4668554	44	5720	4660919	ITS1_repeat_region
5765	A	G/-	G	SNP	chr15	chr15_operon_50	4655200	4668554	44	5721	4660920	ITS1_repeat_region
5837	A	C	C	SNP	chr15	chr15_operon_50	4655200	4668554	44	5793	4660992	ITS1_repeat_region
5850	G	A	G	SNP	chr15	chr15_operon_50	4655200	4668554	44	5806	4661005	ITS1_repeat_region
5902	T	TGG/TG	TG-	INDEL	chr15	chr15_operon_50	4655200	4668554	44	5858	4661057	ITS1_repeat_region
6000	C	T	C	SNP	chr15	chr15_operon_50	4655200	4668554	45	5955	4661154	ITS1_repeat_region
6115	G	GC	G-	INDEL	chr15	chr15_operon_50	4655200	4668554	45	6070	4661269	ITS1_repeat_region
6228	T	TC	T-	INDEL	chr15	chr15_operon_50	4655200	4668554	46	6182	4661381	ITS1_repeat_region
6247	G	A	G	SNP	chr15	chr15_operon_50	4655200	4668554	47	6200	4661399	ITS1_repeat_region
6306	C	A	C	SNP	chr15	chr15_operon_50	4655200	4668554	47	6259	4661458	ITS1_repeat_region
6307	C	CT	C-	INDEL	chr15	chr15_operon_50	4655200	4668554	47	6260	4661459	ITS1_repeat_region
6317	G	C	G	SNP	chr15	chr15_operon_50	4655200	4668554	48	6269	4661468	ITS1_repeat_region
6334	T	G	T	SNP	chr15	chr15_operon_50	4655200	4668554	48	6286	4661485	ITS1_repeat_region
6340	C	T	C	SNP	chr15	chr15_operon_50	4655200	4668554	48	6292	4661491	ITS1_repeat_region
6551	G	-	-	INDEL	chr15	chr15_operon_50	4655200	4668554	48	6503	4661702	ITS1_repeat_region
6552	G	-/C	-	SNP	chr15	chr15_operon_50	4655200	4668554	49	6503	4661702	ITS1_repeat_region
6557	C	TTG/GGC/T/GGG/G	GGC	INDEL	chr15	chr15_operon_50	4655200	4668554	50	6507	4661706	ITS1_repeat_region
6560	G	T	G	SNP	chr15	chr15_operon_50	4655200	4668554	50	6510	4661709	ITS1_repeat_region
6915	T	C	T	SNP	chr15	chr15_operon_50	4655200	4668554	50	6865	4662064	ITS2
6919	G	A	G	SNP	chr15	chr15_operon_50	4655200	4668554	50	6869	4662068	ITS2
6930	C	T	C	SNP	chr15	chr15_operon_50	4655200	4668554	50	6880	4662079	ITS2
6942	C	T	C	SNP	chr15	chr15_operon_50	4655200	4668554	50	6892	4662091	ITS2
6943	T	TC	TC	INDEL	chr15	chr15_operon_50	4655200	4668554	50	6893	4662092	ITS2
7195	C	CCGT	CCGT	INDEL	chr15	chr15_operon_50	4655200	4668554	50	7145	4662344	ITS2
7289	A	C	C	SNP	chr15	chr15_operon_50	4655200	4668554	50	7239	4662438	ITS2
7406	C	-	-	INDEL	chr15	chr15_operon_50	4655200	4668554	50	7356	4662555	ITS2
7428	G	GC	G-	INDEL	chr15	chr15_operon_50	4655200	4668554	51	7377	4662576	ITS2
7434	G	C	G	SNP	chr15	chr15_operon_50	4655200	4668554	52	7382	4662581	ITS2
7549	T	C	T	SNP	chr15	chr15_operon_50	4655200	4668554	52	7497	4662696	ITS2
7699	C	T	C	SNP	chr15	chr15_operon_50	4655200	4668554	52	7647	4662846	ITS2
7790	T	G	T	SNP	chr15	chr15_operon_50	4655200	4668554	52	7738	4662937	ITS2
7810	C	T	C	SNP	chr15	chr15_operon_50	4655200	4668554	52	7758	4662957	ITS2
7829	T	C	C	SNP	chr15	chr15_operon_50	4655200	4668554	52	7777	4662976	ITS2
7833	C	G	G	SNP	chr15	chr15_operon_50	4655200	4668554	52	7781	4662980	ITS2
7842	G	GC	GC	INDEL	chr15	chr15_operon_50	4655200	4668554	52	7790	4662989	ITS2
8024	A	G	A	SNP	chr15	chr15_operon_50	4655200	4668554	52	7972	4663171	28S
8622	C	G	C	SNP	chr15	chr15_operon_50	4655200	4668554	52	8570	4663769	28S
8728	CCGT	-	CCGT	INDEL	chr15	chr15_operon_50	4655200	4668554	52	8676	4663875	28S
8746	G	/GT	GT	INDEL	chr15	chr15_operon_50	4655200	4668554	52	8694	4663893	28S
8748	T	C/-	C	SNP	chr15	chr15_operon_50	4655200	4668554	52	8696	4663895	28S
8749	C	-	C	INDEL	chr15	chr15_operon_50	4655200	4668554	52	8697	4663896	28S
8750	C	G/-	G	SNP	chr15	chr15_operon_50	4655200	4668554	52	8698	4663897	28S
8813	GGC	-	GGC	INDEL	chr15	chr15_operon_50	4655200	4668554	52	8761	4663960	28S
8816	GGC	-	GGC	INDEL	chr15	chr15_operon_50	4655200	4668554	52	8764	4663963	28S
8827	T	CGGT/C	C---	INDEL	chr15	chr15_operon_50	4655200	4668554	52	8775	4663974	28S
8831	GGC	-	GGC	INDEL	chr15	chr15_operon_50	4655200	4668554	55	8776	4663975	28S
8836	C	CGGT/T/TGGC/CGGC	TGGC	INDEL	chr15	chr15_operon_50	4655200	4668554	55	8781	4663980	28S
8842	C	T	C	SNP	chr15	chr15_operon_50	4655200	4668554	55	8787	4663986	28S
8846	GG	-	GG	INDEL	chr15	chr15_operon_50	4655200	4668554	55	8791	4663990	28S
8848	C	/CGGG/CGGC	CGGG	INDEL	chr15	chr15_operon_50	4655200	4668554	55	8793	4663992	28S
8867	A	AC	AC	INDEL	chr15	chr15_operon_50	4655200	4668554	55	8812	4664011	28S
8886	G	GC	G-	INDEL	chr15	chr15_operon_50	4655200	4668554	55	8831	4664030	28S
9108	G	T	G	SNP	chr15	chr15_operon_50	4655200	4668554	56	9052	4664251	28S
9120	C	T	C	SNP	chr15	chr15_operon_50	4655200	4668554	56	9064	4664263	28S
9186	G	-	-	INDEL	chr15	chr15_operon_50	4655200	4668554	56	9130	4664329	28S
10121	G	GGGC/GGGCGGC	GGGCGGC	INDEL	chr15	chr15_operon_50	4655200	4668554	57	10064	4665263	28S
10128	GGC	-	GGC	INDEL	chr15	chr15_operon_50	4655200	4668554	57	10071	4665270	28S
10137	GGCG	-	GGCG	INDEL	chr15	chr15_operon_50	4655200	4668554	57	10080	4665279	28S
10141	G	GC/	G-	INDEL	chr15	chr15_operon_50	4655200	4668554	57	10084	4665283	28S
10143	C	-/G	-	SNP	chr15	chr15_operon_50	4655200	4668554	58	10085	4665284	28S
10144	G	-	-	INDEL	chr15	chr15_operon_50	4655200	4668554	59	10085	4665284	28S
10145	G	-/C	-	SNP	chr15	chr15_operon_50	4655200	4668554	60	10085	4665284	28S
10149	T	G	T	SNP	chr15	chr15_operon_50	4655200	4668554	61	10088	4665287	28S
10153	T	-	T	INDEL	chr15	chr15_operon_50	4655200	4668554	61	10092	4665291	28S
10155	G	T	G	SNP	chr15	chr15_operon_50	4655200	4668554	61	10094	4665293	28S
10157	G	T	G	SNP	chr15	chr15_operon_50	4655200	4668554	61	10096	4665295	28S
10158	T	G/C	T	SNP	chr15	chr15_operon_50	4655200	4668554	61	10097	4665296	28S
10159	C	-	C	INDEL	chr15	chr15_operon_50	4655200	4668554	61	10098	4665297	28S
10160	C	T/G	C	SNP	chr15	chr15_operon_50	4655200	4668554	61	10099	4665298	28S
10161	T	-	T	INDEL	chr15	chr15_operon_50	4655200	4668554	61	10100	4665299	28S
10162	C	T/-	C	SNP	chr15	chr15_operon_50	4655200	4668554	61	10101	4665300	28S
10163	C	-	C	INDEL	chr15	chr15_operon_50	4655200	4668554	61	10102	4665301	28S
10164	C	TCCC/CCC/CCCG/CCCC	CCCG	INDEL	chr15	chr15_operon_50	4655200	4668554	61	10103	4665302	28S
10168	C	-/G	C	SNP	chr15	chr15_operon_50	4655200	4668554	61	10107	4665306	28S
10169	C	-	C	INDEL	chr15	chr15_operon_50	4655200	4668554	61	10108	4665307	28S
10170	G	CCC/GCC/GC/CC/C	C--	INDEL	chr15	chr15_operon_50	4655200	4668554	61	10109	4665308	28S
10399	G	GTT	G--	INDEL	chr15	chr15_operon_50	4655200	4668554	63	10336	4665535	28S
10447	T	C	C	SNP	chr15	chr15_operon_50	4655200	4668554	65	10382	4665581	28S
10942	G	GC	GC	INDEL	chr15	chr15_operon_50	4655200	4668554	65	10877	4666076	28S
10979	T	C	T	SNP	chr15	chr15_operon_50	4655200	4668554	65	10914	4666113	28S
11019	A	G	A	SNP	chr15	chr15_operon_50	4655200	4668554	65	10954	4666153	28S
11028	C	CCTCT/CCT	C----	INDEL	chr15	chr15_operon_50	4655200	4668554	65	10963	4666162	28S
11108	G	GGA	G--	INDEL	chr15	chr15_operon_50	4655200	4668554	69	11039	4666238	28S
11126	G	T	G	SNP	chr15	chr15_operon_50	4655200	4668554	71	11055	4666254	28S
11143	G	GC	GC	INDEL	chr15	chr15_operon_50	4655200	4668554	71	11072	4666271	28S
11145	CCGCCGCGGGGCCCCGGCGGCGGGGG	-	CCGCCGCGGGGCCCCGGCGGCGGGGG	INDEL	chr15	chr15_operon_50	4655200	4668554	71	11074	4666273	28S
11316	C	-	C	INDEL	chr15	chr15_operon_50	4655200	4668554	71	11245	4666444	28S
11320	C	CCCC/CCCCCA/CC/CCCCA	C-----	INDEL	chr15	chr15_operon_50	4655200	4668554	71	11249	4666448	28S
11336	A	G	A	SNP	chr15	chr15_operon_50	4655200	4668554	76	11260	4666459	28S
11398	C	T	C	SNP	chr15	chr15_operon_50	4655200	4668554	76	11322	4666521	28S
11476	C	CGCG/CGCGGCGGCG/CGCGGCG	CGCGGCG---	INDEL	chr15	chr15_operon_50	4655200	4668554	76	11400	4666599	28S
11492	GCGGCGGC	-	GCGGCGGC	INDEL	chr15	chr15_operon_50	4655200	4668554	79	11413	4666612	28S
11500	G	A/-	A	SNP	chr15	chr15_operon_50	4655200	4668554	79	11421	4666620	28S
11891	G	-	-	INDEL	chr15	chr15_operon_50	4655200	4668554	79	11812	4667011	28S
11979	C	T	C	SNP	chr15	chr15_operon_50	4655200	4668554	80	11899	4667098	28S
12345	T	TTTTGGG	TTTTGGG	INDEL	chr15	chr15_operon_50	4655200	4668554	80	12265	4667464	28S
12797	G	GC/GCC	GCC	INDEL	chr15	chr15_operon_50	4655200	4668554	80	12717	4667916	28S
12811	A	G	G	SNP	chr15	chr15_operon_50	4655200	4668554	80	12731	4667930	28S
12821	C	T	C	SNP	chr15	chr15_operon_50	4655200	4668554	80	12741	4667940	28S
12907	T	C	C	SNP	chr15	chr15_operon_50	4655200	4668554	80	12827	4668026	28S
13072	CG	-	CG	INDEL	chr15	chr15_operon_50	4655200	4668554	80	12992	4668191	28S
13074	CG	-	CG	INDEL	chr15	chr15_operon_50	4655200	4668554	80	12994	4668193	ETS_3p
13076	CGCG	-	CGCG	INDEL	chr15	chr15_operon_50	4655200	4668554	80	12996	4668195	ETS_3p
13080	C	CGCGC	CGCGC	INDEL	chr15	chr15_operon_50	4655200	4668554	80	13000	4668199	ETS_3p
13085	GCGC	-	----	INDEL	chr15	chr15_operon_50	4655200	4668554	80	13005	4668204	ETS_3p
13089	GCGCGT	-	GCGCGT	INDEL	chr15	chr15_operon_50	4655200	4668554	84	13005	4668204	ETS_3p
13201	T	TGGG/TGG/TGGGGGTGGGG	TGG--------	INDEL	chr15	chr15_operon_50	4655200	4668554	84	13117	4668316	ETS_3p
13415	T	TG	T-	INDEL	chr15	chr15_operon_50	4655200	4668554	92	13323	4668522	ETS_3p
7	A	G	A	SNP	chr21	chr21_operon_1	3112035	3125409	0	7	3112041	ETS_5p
139	T	C	T	SNP	chr21	chr21_operon_1	3112035	3125409	0	139	3112173	ETS_5p
640	G	T	G	SNP	chr21	chr21_operon_1	3112035	3125409	0	640	3112674	ETS_5p
777	C	CGG	CGG	INDEL	chr21	chr21_operon_1	3112035	3125409	0	777	3112811	ETS_5p
965	G	A	A	SNP	chr21	chr21_operon_1	3112035	3125409	0	965	3112999	ETS_5p
1293	C	G	G	SNP	chr21	chr21_operon_1	3112035	3125409	0	1293	3113327	ETS_5p
1327	C	T	C	SNP	chr21	chr21_operon_1	3112035	3125409	0	1327	3113361	ETS_5p
1512	G	GT	GT	INDEL	chr21	chr21_operon_1	3112035	3125409	0	1512	3113546	ETS_5p
1641	T	TC	TC	INDEL	chr21	chr21_operon_1	3112035	3125409	0	1641	3113675	ETS_5p
1687	G	GT	GT	INDEL	chr21	chr21_operon_1	3112035	3125409	0	1687	3113721	ETS_5p
1761	T	C	C	SNP	chr21	chr21_operon_1	3112035	3125409	0	1761	3113795	ETS_5p
1949	G	C	G	SNP	chr21	chr21_operon_1	3112035	3125409	0	1949	3113983	ETS_5p
1950	T	G	T	SNP	chr21	chr21_operon_1	3112035	3125409	0	1950	3113984	ETS_5p
2104	C	T	C	SNP	chr21	chr21_operon_1	3112035	3125409	0	2104	3114138	ETS_5p
2149	G	C	C	SNP	chr21	chr21_operon_1	3112035	3125409	0	2149	3114183	ETS_5p
2204	T	TCGCC	TCGCC	INDEL	chr21	chr21_operon_1	3112035	3125409	0	2204	3114238	ETS_5p
2293	T	C	T	SNP	chr21	chr21_operon_1	3112035	3125409	0	2293	3114327	ETS_5p
2347	A	G	A	SNP	chr21	chr21_operon_1	3112035	3125409	0	2347	3114381	ETS_5p
2372	C	G	C	SNP	chr21	chr21_operon_1	3112035	3125409	0	2372	3114406	ETS_5p
2398	CGGTGGCGCCCCGCGTGGGGCC	-	CGGTGGCGCCCCGCGTGGGGCC	INDEL	chr21	chr21_operon_1	3112035	3125409	0	2398	3114432	ETS_5p
2432	C	A	C	SNP	chr21	chr21_operon_1	3112035	3125409	0	2432	3114466	ETS_5p
2501	T	TGCG/C	C---	INDEL	chr21	chr21_operon_1	3112035	3125409	0	2501	3114535	ETS_5p
2605	T	C	C	SNP	chr21	chr21_operon_1	3112035	3125409	3	2602	3114636	ETS_5p
2632	A	C	A	SNP	chr21	chr21_operon_1	3112035	3125409	3	2629	3114663	ETS_5p
2844	C	T	C	SNP	chr21	chr21_operon_1	3112035	3125409	3	2841	3114875	ETS_5p
3035	G	T	G	SNP	chr21	chr21_operon_1	3112035	3125409	3	3032	3115066	ETS_5p
3062	C	CG	C-	INDEL	chr21	chr21_operon_1	3112035	3125409	3	3059	3115093	ETS_5p
3219	C	A	C	SNP	chr21	chr21_operon_1	3112035	3125409	4	3215	3115249	ETS_5p
3313	CG	-	CG	INDEL	chr21	chr21_operon_1	3112035	3125409	4	3309	3115343	ETS_5p
3398	A	G	A	SNP	chr21	chr21_operon_1	3112035	3125409	4	3394	3115428	ETS_5p
3536	CCCGT	-	CCCGT	INDEL	chr21	chr21_operon_1	3112035	3125409	4	3532	3115566	ETS_5p
3541	CCGC	-	CCGC	INDEL	chr21	chr21_operon_1	3112035	3125409	4	3537	3115571	ETS_5p
3545	CCGTCC	-	CCGTCC	INDEL	chr21	chr21_operon_1	3112035	3125409	4	3541	3115575	ETS_5p
3551	GCGG	-	GCGG	INDEL	chr21	chr21_operon_1	3112035	3125409	4	3547	3115581	ETS_5p
3555	C	-/G	C	SNP	chr21	chr21_operon_1	3112035	3125409	4	3551	3115585	ETS_5p
3556	C	-	C	INDEL	chr21	chr21_operon_1	3112035	3125409	4	3552	3115586	ETS_5p
3557	C	G/-	C	SNP	chr21	chr21_operon_1	3112035	3125409	4	3553	3115587	ETS_5p
3558	G	-	G	INDEL	chr21	chr21_operon_1	3112035	3125409	4	3554	3115588	ETS_5p
3559	T	-/C	T	SNP	chr21	chr21_operon_1	3112035	3125409	4	3555	3115589	ETS_5p
3560	CCG	-	CCG	INDEL	chr21	chr21_operon_1	3112035	3125409	4	3556	3115590	ETS_5p
3563	T	-/C	T	SNP	chr21	chr21_operon_1	3112035	3125409	4	3559	3115593	ETS_5p
3654	C	A	C	SNP	chr21	chr21_operon_1	3112035	3125409	4	3650	3115684	ETS_5p
3666	T	-	T	INDEL	chr21	chr21_operon_1	3112035	3125409	4	3662	3115696	ETS_5p
4926	G	GGAA	G---	INDEL	chr21	chr21_operon_1	3112035	3125409	4	4922	3116956	18S
5572	G	GCGC	G---	INDEL	chr21	chr21_operon_1	3112035	3125409	7	5565	3117599	ITS1_repeat_region
5627	GCGCGT	-	GCGCGT	INDEL	chr21	chr21_operon_1	3112035	3125409	10	5617	3117651	ITS1_repeat_region
5661	T	C	T	SNP	chr21	chr21_operon_1	3112035	3125409	10	5651	3117685	ITS1_repeat_region
5669	C	CTCGT	C----	INDEL	chr21	chr21_operon_1	3112035	3125409	10	5659	3117693	ITS1_repeat_region
5717	A	G	A	SNP	chr21	chr21_operon_1	3112035	3125409	14	5703	3117737	ITS1_repeat_region
5735	G	-	G	INDEL	chr21	chr21_operon_1	3112035	3125409	14	5721	3117755	ITS1_repeat_region
5736	G	/GGA/GGAGA/AGAGA/GGGGA/GGAGAGAGA/GGAGAGA	GGAGAGA--	INDEL	chr21	chr21_operon_1	3112035	3125409	14	5722	3117756	ITS1_repeat_region
5745	G	-	G	INDEL	chr21	chr21_operon_1	3112035	3125409	16	5729	3117763	ITS1_repeat_region
5746	A	-/G	A	SNP	chr21	chr21_operon_1	3112035	3125409	16	5730	3117764	ITS1_repeat_region
5747	GA	-	GA	INDEL	chr21	chr21_operon_1	3112035	3125409	16	5731	3117765	ITS1_repeat_region
5749	GA	-	GA	INDEL	chr21	chr21_operon_1	3112035	3125409	16	5733	3117767	ITS1_repeat_region
5751	G	-/C	G	SNP	chr21	chr21_operon_1	3112035	3125409	16	5735	3117769	ITS1_repeat_region
5752	A	-	A	INDEL	chr21	chr21_operon_1	3112035	3125409	16	5736	3117770	ITS1_repeat_region
5753	GA	-	GA	INDEL	chr21	chr21_operon_1	3112035	3125409	16	5737	3117771	ITS1_repeat_region
5756	A	T	A	SNP	chr21	chr21_operon_1	3112035	3125409	16	5740	3117774	ITS1_repeat_region
5758	A	G	A	SNP	chr21	chr21_operon_1	3112035	3125409	16	5742	3117776	ITS1_repeat_region
5760	AGA	-	AGA	INDEL	chr21	chr21_operon_1	3112035	3125409	16	5744	3117778	ITS1_repeat_region
5763	G	A/-	A	SNP	chr21	chr21_operon_1	3112035	3125409	16	5747	3117781	ITS1_repeat_region
5764	A	-	A	INDEL	chr21	chr21_operon_1	3112035	3125409	16	5748	3117782	ITS1_repeat_region
5765	A	G/-	A	SNP	chr21	chr21_operon_1	3112035	3125409	16	5749	3117783	ITS1_repeat_region
5837	A	C	C	SNP	chr21	chr21_operon_1	3112035	3125409	16	5821	3117855	ITS1_repeat_region
5850	G	A	G	SNP	chr21	chr21_operon_1	3112035	3125409	16	5834	3117868	ITS1_repeat_region
5902	T	TGG/TG	T--	INDEL	chr21	chr21_operon_1	3112035	3125409	16	5886	3117920	ITS1_repeat_region
6000	C	T	C	SNP	chr21	chr21_operon_1	3112035	3125409	18	5982	3118016	ITS1_repeat_region
6115	G	GC	G-	INDEL	chr21	chr21_operon_1	3112035	3125409	18	6097	3118131	ITS1_repeat_region
6228	T	TC	TC	INDEL	chr21	chr21_operon_1	3112035	3125409	19	6209	3118243	ITS1_repeat_region
6247	G	A	G	SNP	chr21	chr21_operon_1	3112035	3125409	19	6228	3118262	ITS1_repeat_region
6306	C	A	C	SNP	chr21	chr21_operon_1	3112035	3125409	19	6287	3118321	ITS1_repeat_region
6307	C	CT	C-	INDEL	chr21	chr21_operon_1	3112035	3125409	19	6288	3118322	ITS1_repeat_region
6317	G	C	G	SNP	chr21	chr21_operon_1	3112035	3125409	20	6297	3118331	ITS1_repeat_region
6334	T	G	T	SNP	chr21	chr21_operon_1	3112035	3125409	20	6314	3118348	ITS1_repeat_region
6340	C	T	C	SNP	chr21	chr21_operon_1	3112035	3125409	20	6320	3118354	ITS1_repeat_region
6551	G	-	G	INDEL	chr21	chr21_operon_1	3112035	3125409	20	6531	3118565	ITS1_repeat_region
6552	G	-/C	G	SNP	chr21	chr21_operon_1	3112035	3125409	20	6532	3118566	ITS1_repeat_region
6557	C	TTG/GGC/T/GGG/G	C--	INDEL	chr21	chr21_operon_1	3112035	3125409	20	6537	3118571	ITS1_repeat_region
6560	G	T	G	SNP	chr21	chr21_operon_1	3112035	3125409	22	6538	3118572	ITS1_repeat_region
6915	T	C	T	SNP	chr21	chr21_operon_1	3112035	3125409	22	6893	3118927	ITS2
6919	G	A	G	SNP	chr21	chr21_operon_1	3112035	3125409	22	6897	3118931	ITS2
6930	C	T	C	SNP	chr21	chr21_operon_1	3112035	3125409	22	6908	3118942	ITS2
6942	C	T	C	SNP	chr21	chr21_operon_1	3112035	3125409	22	6920	3118954	ITS2
6943	T	TC	TC	INDEL	chr21	chr21_operon_1	3112035	3125409	22	6921	3118955	ITS2
7195	C	CCGT	C---	INDEL	chr21	chr21_operon_1	3112035	3125409	22	7173	3119207	ITS2
7289	A	C	A	SNP	chr21	chr21_operon_1	3112035	3125409	25	7264	3119298	ITS2
7406	C	-	-	INDEL	chr21	chr21_operon_1	3112035	3125409	25	7381	3119415	ITS2
7428	G	GC	G-	INDEL	chr21	chr21_operon_1	3112035	3125409	26	7402	3119436	ITS2
7434	G	C	G	SNP	chr21	chr21_operon_1	3112035	3125409	27	7407	3119441	ITS2
7549	T	C	T	SNP	chr21	chr21_operon_1	3112035	3125409	27	7522	3119556	ITS2
7699	C	T	C	SNP	chr21	chr21_operon_1	3112035	3125409	27	7672	3119706	ITS2
7790	T	G	T	SNP	chr21	chr21_operon_1	3112035	3125409	27	7763	3119797	ITS2
7810	C	T	C	SNP	chr21	chr21_operon_1	3112035	3125409	27	7783	3119817	ITS2
7829	T	C	T	SNP	chr21	chr21_operon_1	3112035	3125409	27	7802	3119836	ITS2
7833	C	G	G	SNP	chr21	chr21_operon_1	3112035	3125409	27	7806	3119840	ITS2
7842	G	GC	G-	INDEL	chr21	chr21_operon_1	3112035	3125409	27	7815	3119849	ITS2
8024	A	G	A	SNP	chr21	chr21_operon_1	3112035	3125409	28	7996	3120030	28S
8622	C	G	C	SNP	chr21	chr21_operon_1	3112035	3125409	28	8594	3120628	28S
8728	CCGT	-	CCGT	INDEL	chr21	chr21_operon_1	3112035	3125409	28	8700	3120734	28S
8746	G	/GT	--	INDEL	chr21	chr21_operon_1	3112035	3125409	28	8718	3120752	28S
8748	T	C/-	-	SNP	chr21	chr21_operon_1	3112035	3125409	30	8718	3120752	28S
8749	C	-	-	INDEL	chr21	chr21_operon_1	3112035	3125409	31	8718	3120752	28S
8750	C	G/-	-	SNP	chr21	chr21_operon_1	3112035	3125409	32	8718	3120752	28S
8813	GGC	-	GGC	INDEL	chr21	chr21_operon_1	3112035	3125409	33	8780	3120814	28S
8816	GGC	-	GGC	INDEL	chr21	chr21_operon_1	3112035	3125409	33	8783	3120817	28S
8827	T	CGGT/C	C---	INDEL	chr21	chr21_operon_1	3112035	3125409	33	8794	3120828	28S
8831	GGC	-	GGC	INDEL	chr21	chr21_operon_1	3112035	3125409	36	8795	3120829	28S
8836	C	CGGT/T/TGGC/CGGC	CGGC	INDEL	chr21	chr21_operon_1	3112035	3125409	36	8800	3120834	28S
8842	C	T	T	SNP	chr21	chr21_operon_1	3112035	3125409	36	8806	3120840	28S
8846	GG	-	GG	INDEL	chr21	chr21_operon_1	3112035	3125409	36	8810	3120844	28S
8848	C	/CGGG/CGGC	CGGC	INDEL	chr21	chr21_operon_1	3112035	3125409	36	8812	3120846	28S
8867	A	AC	AC	INDEL	chr21	chr21_operon_1	3112035	3125409	36	8831	3120865	28S
8886	G	GC	G-	INDEL	chr21	chr21_operon_1	3112035	3125409	36	8850	3120884	28S
9108	G	T	G	SNP	chr21	chr21_operon_1	3112035	3125409	37	9071	3121105	28S
9120	C	T	C	SNP	chr21	chr21_operon_1	3112035	3125409	37	9083	3121117	28S
9186	G	-	-	INDEL	chr21	chr21_operon_1	3112035	3125409	37	9149	3121183	28S
10121	G	GGGC/GGGCGGC	GGGCGGC	INDEL	chr21	chr21_operon_1	3112035	3125409	38	10083	3122117	28S
10128	GGC	-	GGC	INDEL	chr21	chr21_operon_1	3112035	3125409	38	10090	3122124	28S
10137	GGCG	-	GGCG	INDEL	chr21	chr21_operon_1	3112035	3125409	38	10099	3122133	28S
10141	G	GC/	GC	INDEL	chr21	chr21_operon_1	3112035	3125409	38	10103	3122137	28S
10143	C	-/G	G	SNP	chr21	chr21_operon_1	3112035	3125409	38	10105	3122139	28S
10144	G	-	G	INDEL	chr21	chr21_operon_1	3112035	3125409	38	10106	3122140	28S
10145	G	-/C	-	SNP	chr21	chr21_operon_1	3112035	3125409	38	10107	3122141	28S
10149	T	G	T	SNP	chr21	chr21_operon_1	3112035	3125409	39	10110	3122144	28S
10153	T	-	T	INDEL	chr21	chr21_operon_1	3112035	3125409	39	10114	3122148	28S
10155	G	T	G	SNP	chr21	chr21_operon_1	3112035	3125409	39	10116	3122150	28S
10157	G	T	G	SNP	chr21	chr21_operon_1	3112035	3125409	39	10118	3122152	28S
10158	T	G/C	T	SNP	chr21	chr21_operon_1	3112035	3125409	39	10119	3122153	28S
10159	C	-	C	INDEL	chr21	chr21_operon_1	3112035	3125409	39	10120	3122154	28S
10160	C	T/G	C	SNP	chr21	chr21_operon_1	3112035	3125409	39	10121	3122155	28S
10161	T	-	T	INDEL	chr21	chr21_operon_1	3112035	3125409	39	10122	3122156	28S
10162	C	T/-	-	SNP	chr21	chr21_operon_1	3112035	3125409	39	10123	3122157	28S
10163	C	-	-	INDEL	chr21	chr21_operon_1	3112035	3125409	40	10123	3122157	28S
10164	C	TCCC/CCC/CCCG/CCCC	CCC-	INDEL	chr21	chr21_operon_1	3112035	3125409	41	10123	3122157	28S
10168	C	-/G	C	SNP	chr21	chr21_operon_1	3112035	3125409	42	10126	3122160	28S
10169	C	-	C	INDEL	chr21	chr21_operon_1	3112035	3125409	42	10127	3122161	28S
10170	G	CCC/GCC/GC/CC/C	GC-	INDEL	chr21	chr21_operon_1	3112035	3125409	42	10128	3122162	28S
10399	G	GTT	G--	INDEL	chr21	chr21_operon_1	3112035	3125409	43	10356	3122390	28S
10447	T	C	C	SNP	chr21	chr21_operon_1	3112035	3125409	45	10402	3122436	28S
10942	G	GC	G-	INDEL	chr21	chr21_operon_1	3112035	3125409	45	10897	3122931	28S
10979	T	C	T	SNP	chr21	chr21_operon_1	3112035	3125409	46	10933	3122967	28S
11019	A	G	A	SNP	chr21	chr21_operon_1	3112035	3125409	46	10973	3123007	28S
11028	C	CCTCT/CCT	CCTCT	INDEL	chr21	chr21_operon_1	3112035	3125409	46	10982	3123016	28S
11108	G	GGA	GGA	INDEL	chr21	chr21_operon_1	3112035	3125409	46	11062	3123096	28S
11126	G	T	G	SNP	chr21	chr21_operon_1	3112035	3125409	46	11080	3123114	28S
11143	G	GC	GC	INDEL	chr21	chr21_operon_1	3112035	3125409	46	11097	3123131	28S
11145	CCGCCGCGGGGCCCCGGCGGCGGGGG	-	CCGCCGCGGGGCCCCGGCGGCGGGGG	INDEL	chr21	chr21_operon_1	3112035	3125409	46	11099	3123133	28S
11316	C	-	-	INDEL	chr21	chr21_operon_1	3112035	3125409	46	11270	3123304	28S
11320	C	CCCC/CCCCCA/CC/CCCCA	CCCCCA	INDEL	chr21	chr21_operon_1	3112035	3125409	47	11273	3123307	28S
11336	A	G	A	SNP	chr21	chr21_operon_1	3112035	3125409	47	11289	3123323	28S
11398	C	T	C	SNP	chr21	chr21_operon_1	3112035	3125409	47	11351	3123385	28S
11476	C	CGCG/CGCGGCGGCG/CGCGGCG	CGCGGCG---	INDEL	chr21	chr21_operon_1	3112035	3125409	47	11429	3123463	28S
11492	GCGGCGGC	-	GCGGCGGC	INDEL	chr21	chr21_operon_1	3112035	3125409	50	11442	3123476	28S
11500	G	A/-	A	SNP	chr21	chr21_operon_1	3112035	3125409	50	11450	3123484	28S
11891	G	-	G	INDEL	chr21	chr21_operon_1	3112035	3125409	50	11841	3123875	28S
11979	C	T	C	SNP	chr21	chr21_operon_1	3112035	3125409	50	11929	3123963	28S
12345	T	TTTTGGG	T------	INDEL	chr21	chr21_operon_1	3112035	3125409	50	12295	3124329	28S
12797	G	GC/GCC	G--	INDEL	chr21	chr21_operon_1	3112035	3125409	56	12741	3124775	28S
12811	A	G	A	SNP	chr21	chr21_operon_1	3112035	3125409	58	12753	3124787	28S
12821	C	T	C	SNP	chr21	chr21_operon_1	3112035	3125409	58	12763	3124797	28S
12907	T	C	C	SNP	chr21	chr21_operon_1	3112035	3125409	58	12849	3124883	28S
13072	CG	-	--	INDEL	chr21	chr21_operon_1	3112035	3125409	58	13014	3125048	28S
13074	CG	-	--	INDEL	chr21	chr21_operon_1	3112035	3125409	60	13014	3125048	28S
13076	CGCG	-	CGCG	INDEL	chr21	chr21_operon_1	3112035	3125409	62	13014	3125048	28S
13080	C	CGCGC	CGCGC	INDEL	chr21	chr21_operon_1	3112035	3125409	62	13018	3125052	ETS_3p
13085	GCGC	-	GCGC	INDEL	chr21	chr21_operon_1	3112035	3125409	62	13023	3125057	ETS_3p
13089	GCGCGT	-	GCGCGT	INDEL	chr21	chr21_operon_1	3112035	3125409	62	13027	3125061	ETS_3p
13201	T	TGGG/TGG/TGGGGGTGGGG	T----------	INDEL	chr21	chr21_operon_1	3112035	3125409	62	13139	3125173	ETS_3p
13415	T	TG	T-	INDEL	chr21	chr21_operon_1	3112035	3125409	72	13343	3125377	ETS_3p
7	A	G	A	SNP	chr21	chr21_operon_2	3156890	3170233	0	7	3156896	ETS_5p
139	T	C	T	SNP	chr21	chr21_operon_2	3156890	3170233	0	139	3157028	ETS_5p
640	G	T	G	SNP	chr21	chr21_operon_2	3156890	3170233	0	640	3157529	ETS_5p
777	C	CGG	CGG	INDEL	chr21	chr21_operon_2	3156890	3170233	0	777	3157666	ETS_5p
965	G	A	A	SNP	chr21	chr21_operon_2	3156890	3170233	0	965	3157854	ETS_5p
1293	C	G	C	SNP	chr21	chr21_operon_2	3156890	3170233	0	1293	3158182	ETS_5p
1327	C	T	C	SNP	chr21	chr21_operon_2	3156890	3170233	0	1327	3158216	ETS_5p
1512	G	GT	G-	INDEL	chr21	chr21_operon_2	3156890	3170233	0	1512	3158401	ETS_5p
1641	T	TC	T-	INDEL	chr21	chr21_operon_2	3156890	3170233	1	1640	3158529	ETS_5p
1687	G	GT	G-	INDEL	chr21	chr21_operon_2	3156890	3170233	2	1685	3158574	ETS_5p
1761	T	C	T	SNP	chr21	chr21_operon_2	3156890	3170233	3	1758	3158647	ETS_5p
1949	G	C	G	SNP	chr21	chr21_operon_2	3156890	3170233	3	1946	3158835	ETS_5p
1950	T	G	T	SNP	chr21	chr21_operon_2	3156890	3170233	3	1947	3158836	ETS_5p
2104	C	T	C	SNP	chr21	chr21_operon_2	3156890	3170233	3	2101	3158990	ETS_5p
2149	G	C	C	SNP	chr21	chr21_operon_2	3156890	3170233	3	2146	3159035	ETS_5p
2204	T	TCGCC	T----	INDEL	chr21	chr21_operon_2	3156890	3170233	3	2201	3159090	ETS_5p
2293	T	C	C	SNP	chr21	chr21_operon_2	3156890	3170233	7	2286	3159175	ETS_5p
2347	A	G	A	SNP	chr21	chr21_operon_2	3156890	3170233	7	2340	3159229	ETS_5p
2372	C	G	C	SNP	chr21	chr21_operon_2	3156890	3170233	7	2365	3159254	ETS_5p
2398	CGGTGGCGCCCCGCGTGGGGCC	-	CGGTGGCGCCCCGCGTGGGGCC	INDEL	chr21	chr21_operon_2	3156890	3170233	7	2391	3159280	ETS_5p
2432	C	A	C	SNP	chr21	chr21_operon_2	3156890	3170233	7	2425	3159314	ETS_5p
2501	T	TGCG/C	T---	INDEL	chr21	chr21_operon_2	3156890	3170233	7	2494	3159383	ETS_5p
2605	T	C	T	SNP	chr21	chr21_operon_2	3156890	3170233	10	2595	3159484	ETS_5p
2632	A	C	A	SNP	chr21	chr21_operon_2	3156890	3170233	10	2622	3159511	ETS_5p
2844	C	T	C	SNP	chr21	chr21_operon_2	3156890	3170233	10	2834	3159723	ETS_5p
3035	G	T	T	SNP	chr21	chr21_operon_2	3156890	3170233	10	3025	3159914	ETS_5p
3062	C	CG	C-	INDEL	chr21	chr21_operon_2	3156890	3170233	10	3052	3159941	ETS_5p
3219	C	A	C	SNP	chr21	chr21_operon_2	3156890	3170233	11	3208	3160097	ETS_5p
3313	CG	-	CG	INDEL	chr21	chr21_operon_2	3156890	3170233	11	3302	3160191	ETS_5p
3398	A	G	G	SNP	chr21	chr21_operon_2	3156890	3170233	11	3387	3160276	ETS_5p
3536	CCCGT	-	CCCGT	INDEL	chr21	chr21_operon_2	3156890	3170233	11	3525	3160414	ETS_5p
3541	CCGC	-	----	INDEL	chr21	chr21_operon_2	3156890	3170233	11	3530	3160419	ETS_5p
3545	CCGTCC	-	------	INDEL	chr21	chr21_operon_2	3156890	3170233	15	3530	3160419	ETS_5p
3551	GCGG	-	----	INDEL	chr21	chr21_operon_2	3156890	3170233	21	3530	3160419	ETS_5p
3555	C	-/G	-	SNP	chr21	chr21_operon_2	3156890	3170233	25	3530	3160419	ETS_5p
3556	C	-	-	INDEL	chr21	chr21_operon_2	3156890	3170233	26	3530	3160419	ETS_5p
3557	C	G/-	-	SNP	chr21	chr21_operon_2	3156890	3170233	27	3530	3160419	ETS_5p
3558	G	-	-	INDEL	chr21	chr21_operon_2	3156890	3170233	28	3530	3160419	ETS_5p
3559	T	-/C	-	SNP	chr21	chr21_operon_2	3156890	3170233	29	3530	3160419	ETS_5p
3560	CCG	-	CCG	INDEL	chr21	chr21_operon_2	3156890	3170233	30	3530	3160419	ETS_5p
3563	T	-/C	C	SNP	chr21	chr21_operon_2	3156890	3170233	30	3533	3160422	ETS_5p
3654	C	A	C	SNP	chr21	chr21_operon_2	3156890	3170233	30	3624	3160513	ETS_5p
3666	T	-	T	INDEL	chr21	chr21_operon_2	3156890	3170233	30	3636	3160525	ETS_5p
4926	G	GGAA	G---	INDEL	chr21	chr21_operon_2	3156890	3170233	30	4896	3161785	18S
5572	G	GCGC	GCGC	INDEL	chr21	chr21_operon_2	3156890	3170233	33	5539	3162428	ITS1_repeat_region
5627	GCGCGT	-	GCGCGT	INDEL	chr21	chr21_operon_2	3156890	3170233	33	5594	3162483	ITS1_repeat_region
5661	T	C	T	SNP	chr21	chr21_operon_2	3156890	3170233	33	5628	3162517	ITS1_repeat_region
5669	C	CTCGT	C----	INDEL	chr21	chr21_operon_2	3156890	3170233	33	5636	3162525	ITS1_repeat_region
5717	A	G	A	SNP	chr21	chr21_operon_2	3156890	3170233	37	5680	3162569	ITS1_repeat_region
5735	G	-	G	INDEL	chr21	chr21_operon_2	3156890	3170233	37	5698	3162587	ITS1_repeat_region
5736	G	/GGA/GGAGA/AGAGA/GGGGA/GGAGAGAGA/GGAGAGA	GGGGA----	INDEL	chr21	chr21_operon_2	3156890	3170233	37	5699	3162588	ITS1_repeat_region
5745	G	-	-	INDEL	chr21	chr21_operon_2	3156890	3170233	41	5704	3162593	ITS1_repeat_region
5746	A	-/G	-	SNP	chr21	chr21_operon_2	3156890	3170233	42	5704	3162593	ITS1_repeat_region
5747	GA	-	GA	INDEL	chr21	chr21_operon_2	3156890	3170233	43	5704	3162593	ITS1_repeat_region
5749	GA	-	GA	INDEL	chr21	chr21_operon_2	3156890	3170233	43	5706	3162595	ITS1_repeat_region
5751	G	-/C	G	SNP	chr21	chr21_operon_2	3156890	3170233	43	5708	3162597	ITS1_repeat_region
5752	A	-	A	INDEL	chr21	chr21_operon_2	3156890	3170233	43	5709	3162598	ITS1_repeat_region
5753	GA	-	GA	INDEL	chr21	chr21_operon_2	3156890	3170233	43	5710	3162599	ITS1_repeat_region
5756	A	T	A	SNP	chr21	chr21_operon_2	3156890	3170233	43	5713	3162602	ITS1_repeat_region
5758	A	G	A	SNP	chr21	chr21_operon_2	3156890	3170233	43	5715	3162604	ITS1_repeat_region
5760	AGA	-	AGA	INDEL	chr21	chr21_operon_2	3156890	3170233	43	5717	3162606	ITS1_repeat_region
5763	G	A/-	G	SNP	chr21	chr21_operon_2	3156890	3170233	43	5720	3162609	ITS1_repeat_region
5764	A	-	-	INDEL	chr21	chr21_operon_2	3156890	3170233	43	5721	3162610	ITS1_repeat_region
5765	A	G/-	-	SNP	chr21	chr21_operon_2	3156890	3170233	44	5721	3162610	ITS1_repeat_region
5837	A	C	C	SNP	chr21	chr21_operon_2	3156890	3170233	45	5792	3162681	ITS1_repeat_region
5850	G	A	G	SNP	chr21	chr21_operon_2	3156890	3170233	45	5805	3162694	ITS1_repeat_region
5902	T	TGG/TG	TGG	INDEL	chr21	chr21_operon_2	3156890	3170233	45	5857	3162746	ITS1_repeat_region
6000	C	T	C	SNP	chr21	chr21_operon_2	3156890	3170233	45	5955	3162844	ITS1_repeat_region
6115	G	GC	G-	INDEL	chr21	chr21_operon_2	3156890	3170233	45	6070	3162959	ITS1_repeat_region
6228	T	TC	T-	INDEL	chr21	chr21_operon_2	3156890	3170233	46	6182	3163071	ITS1_repeat_region
6247	G	A	G	SNP	chr21	chr21_operon_2	3156890	3170233	47	6200	3163089	ITS1_repeat_region
6306	C	A	A	SNP	chr21	chr21_operon_2	3156890	3170233	47	6259	3163148	ITS1_repeat_region
6307	C	CT	C-	INDEL	chr21	chr21_operon_2	3156890	3170233	47	6260	3163149	ITS1_repeat_region
6317	G	C	G	SNP	chr21	chr21_operon_2	3156890	3170233	48	6269	3163158	ITS1_repeat_region
6334	T	G	T	SNP	chr21	chr21_operon_2	3156890	3170233	48	6286	3163175	ITS1_repeat_region
6340	C	T	C	SNP	chr21	chr21_operon_2	3156890	3170233	48	6292	3163181	ITS1_repeat_region
6551	G	-	G	INDEL	chr21	chr21_operon_2	3156890	3170233	48	6503	3163392	ITS1_repeat_region
6552	G	-/C	C	SNP	chr21	chr21_operon_2	3156890	3170233	48	6504	3163393	ITS1_repeat_region
6557	C	TTG/GGC/T/GGG/G	GGG	INDEL	chr21	chr21_operon_2	3156890	3170233	48	6509	3163398	ITS1_repeat_region
6560	G	T	G	SNP	chr21	chr21_operon_2	3156890	3170233	48	6512	3163401	ITS1_repeat_region
6915	T	C	C	SNP	chr21	chr21_operon_2	3156890	3170233	48	6867	3163756	ITS2
6919	G	A	G	SNP	chr21	chr21_operon_2	3156890	3170233	48	6871	3163760	ITS2
6930	C	T	C	SNP	chr21	chr21_operon_2	3156890	3170233	48	6882	3163771	ITS2
6942	C	T	C	SNP	chr21	chr21_operon_2	3156890	3170233	48	6894	3163783	ITS2
6943	T	TC	TC	INDEL	chr21	chr21_operon_2	3156890	3170233	48	6895	3163784	ITS2
7195	C	CCGT	CCGT	INDEL	chr21	chr21_operon_2	3156890	3170233	48	7147	3164036	ITS2
7289	A	C	C	SNP	chr21	chr21_operon_2	3156890	3170233	48	7241	3164130	ITS2
7406	C	-	-	INDEL	chr21	chr21_operon_2	3156890	3170233	48	7358	3164247	ITS2
7428	G	GC	GC	INDEL	chr21	chr21_operon_2	3156890	3170233	49	7379	3164268	ITS2
7434	G	C	C	SNP	chr21	chr21_operon_2	3156890	3170233	49	7385	3164274	ITS2
7549	T	C	C	SNP	chr21	chr21_operon_2	3156890	3170233	49	7500	3164389	ITS2
7699	C	T	C	SNP	chr21	chr21_operon_2	3156890	3170233	49	7650	3164539	ITS2
7790	T	G	T	SNP	chr21	chr21_operon_2	3156890	3170233	49	7741	3164630	ITS2
7810	C	T	C	SNP	chr21	chr21_operon_2	3156890	3170233	49	7761	3164650	ITS2
7829	T	C	T	SNP	chr21	chr21_operon_2	3156890	3170233	49	7780	3164669	ITS2
7833	C	G	G	SNP	chr21	chr21_operon_2	3156890	3170233	49	7784	3164673	ITS2
7842	G	GC	G-	INDEL	chr21	chr21_operon_2	3156890	3170233	49	7793	3164682	ITS2
8024	A	G	G	SNP	chr21	chr21_operon_2	3156890	3170233	50	7974	3164863	28S
8622	C	G	C	SNP	chr21	chr21_operon_2	3156890	3170233	50	8572	3165461	28S
8728	CCGT	-	----	INDEL	chr21	chr21_operon_2	3156890	3170233	50	8678	3165567	28S
8746	G	/GT	GT	INDEL	chr21	chr21_operon_2	3156890	3170233	54	8692	3165581	28S
8748	T	C/-	C	SNP	chr21	chr21_operon_2	3156890	3170233	54	8694	3165583	28S
8749	C	-	C	INDEL	chr21	chr21_operon_2	3156890	3170233	54	8695	3165584	28S
8750	C	G/-	G	SNP	chr21	chr21_operon_2	3156890	3170233	54	8696	3165585	28S
8813	GGC	-	---	INDEL	chr21	chr21_operon_2	3156890	3170233	54	8759	3165648	28S
8816	GGC	-	GGC	INDEL	chr21	chr21_operon_2	3156890	3170233	57	8759	3165648	28S
8827	T	CGGT/C	C---	INDEL	chr21	chr21_operon_2	3156890	3170233	57	8770	3165659	28S
8831	GGC	-	GGC	INDEL	chr21	chr21_operon_2	3156890	3170233	60	8771	3165660	28S
8836	C	CGGT/T/TGGC/CGGC	T---	INDEL	chr21	chr21_operon_2	3156890	3170233	60	8776	3165665	28S
8842	C	T	C	SNP	chr21	chr21_operon_2	3156890	3170233	63	8779	3165668	28S
8846	GG	-	GG	INDEL	chr21	chr21_operon_2	3156890	3170233	63	8783	3165672	28S
8848	C	/CGGG/CGGC	CGGC	INDEL	chr21	chr21_operon_2	3156890	3170233	63	8785	3165674	28S
8867	A	AC	AC	INDEL	chr21	chr21_operon_2	3156890	3170233	63	8804	3165693	28S
8886	G	GC	G-	INDEL	chr21	chr21_operon_2	3156890	3170233	63	8823	3165712	28S
9108	G	T	G	SNP	chr21	chr21_operon_2	3156890	3170233	64	9044	3165933	28S
9120	C	T	C	SNP	chr21	chr21_operon_2	3156890	3170233	64	9056	3165945	28S
9186	G	-	-	INDEL	chr21	chr21_operon_2	3156890	3170233	64	9122	3166011	28S
10121	G	GGGC/GGGCGGC	GGGC---	INDEL	chr21	chr21_operon_2	3156890	3170233	65	10056	3166945	28S
10128	GGC	-	GGC	INDEL	chr21	chr21_operon_2	3156890	3170233	68	10060	3166949	28S
10137	GGCG	-	GGCG	INDEL	chr21	chr21_operon_2	3156890	3170233	68	10069	3166958	28S
10141	G	GC/	GC	INDEL	chr21	chr21_operon_2	3156890	3170233	68	10073	3166962	28S
10143	C	-/G	G	SNP	chr21	chr21_operon_2	3156890	3170233	68	10075	3166964	28S
10144	G	-	G	INDEL	chr21	chr21_operon_2	3156890	3170233	68	10076	3166965	28S
10145	G	-/C	C	SNP	chr21	chr21_operon_2	3156890	3170233	68	10077	3166966	28S
10149	T	G	G	SNP	chr21	chr21_operon_2	3156890	3170233	68	10081	3166970	28S
10153	T	-	T	INDEL	chr21	chr21_operon_2	3156890	3170233	68	10085	3166974	28S
10155	G	T	G	SNP	chr21	chr21_operon_2	3156890	3170233	68	10087	3166976	28S
10157	G	T	G	SNP	chr21	chr21_operon_2	3156890	3170233	68	10089	3166978	28S
10158	T	G/C	T	SNP	chr21	chr21_operon_2	3156890	3170233	68	10090	3166979	28S
10159	C	-	C	INDEL	chr21	chr21_operon_2	3156890	3170233	68	10091	3166980	28S
10160	C	T/G	C	SNP	chr21	chr21_operon_2	3156890	3170233	68	10092	3166981	28S
10161	T	-	T	INDEL	chr21	chr21_operon_2	3156890	3170233	68	10093	3166982	28S
10162	C	T/-	T	SNP	chr21	chr21_operon_2	3156890	3170233	68	10094	3166983	28S
10163	C	-	C	INDEL	chr21	chr21_operon_2	3156890	3170233	68	10095	3166984	28S
10164	C	TCCC/CCC/CCCG/CCCC	CCCC	INDEL	chr21	chr21_operon_2	3156890	3170233	68	10096	3166985	28S
10168	C	-/G	G	SNP	chr21	chr21_operon_2	3156890	3170233	68	10100	3166989	28S
10169	C	-	-	INDEL	chr21	chr21_operon_2	3156890	3170233	68	10101	3166990	28S
10170	G	CCC/GCC/GC/CC/C	CC-	INDEL	chr21	chr21_operon_2	3156890	3170233	69	10101	3166990	28S
10399	G	GTT	G--	INDEL	chr21	chr21_operon_2	3156890	3170233	70	10329	3167218	28S
10447	T	C	C	SNP	chr21	chr21_operon_2	3156890	3170233	72	10375	3167264	28S
10942	G	GC	G-	INDEL	chr21	chr21_operon_2	3156890	3170233	72	10870	3167759	28S
10979	T	C	T	SNP	chr21	chr21_operon_2	3156890	3170233	73	10906	3167795	28S
11019	A	G	A	SNP	chr21	chr21_operon_2	3156890	3170233	73	10946	3167835	28S
11028	C	CCTCT/CCT	C----	INDEL	chr21	chr21_operon_2	3156890	3170233	73	10955	3167844	28S
11108	G	GGA	G--	INDEL	chr21	chr21_operon_2	3156890	3170233	77	11031	3167920	28S
11126	G	T	G	SNP	chr21	chr21_operon_2	3156890	3170233	79	11047	3167936	28S
11143	G	GC	GC	INDEL	chr21	chr21_operon_2	3156890	3170233	79	11064	3167953	28S
11145	CCGCCGCGGGGCCCCGGCGGCGGGGG	-	CCGCCGCGGGGCCCCGGCGGCGGGGG	INDEL	chr21	chr21_operon_2	3156890	3170233	79	11066	3167955	28S
11316	C	-	C	INDEL	chr21	chr21_operon_2	3156890	3170233	79	11237	3168126	28S
11320	C	CCCC/CCCCCA/CC/CCCCA	CCCCCA	INDEL	chr21	chr21_operon_2	3156890	3170233	79	11241	3168130	28S
11336	A	G	A	SNP	chr21	chr21_operon_2	3156890	3170233	79	11257	3168146	28S
11398	C	T	T	SNP	chr21	chr21_operon_2	3156890	3170233	79	11319	3168208	28S
11476	C	CGCG/CGCGGCGGCG/CGCGGCG	CGCGGCG---	INDEL	chr21	chr21_operon_2	3156890	3170233	79	11397	3168286	28S
11492	GCGGCGGC	-	GCGGCGGC	INDEL	chr21	chr21_operon_2	3156890	3170233	82	11410	3168299	28S
11500	G	A/-	A	SNP	chr21	chr21_operon_2	3156890	3170233	82	11418	3168307	28S
11891	G	-	G	INDEL	chr21	chr21_operon_2	3156890	3170233	82	11809	3168698	28S
11979	C	T	C	SNP	chr21	chr21_operon_2	3156890	3170233	82	11897	3168786	28S
12345	T	TTTTGGG	T------	INDEL	chr21	chr21_operon_2	3156890	3170233	82	12263	3169152	28S
12797	G	GC/GCC	GC-	INDEL	chr21	chr21_operon_2	3156890	3170233	88	12709	3169598	28S
12811	A	G	A	SNP	chr21	chr21_operon_2	3156890	3170233	89	12722	3169611	28S
12821	C	T	C	SNP	chr21	chr21_operon_2	3156890	3170233	89	12732	3169621	28S
12907	T	C	C	SNP	chr21	chr21_operon_2	3156890	3170233	89	12818	3169707	28S
13072	CG	-	CG	INDEL	chr21	chr21_operon_2	3156890	3170233	89	12983	3169872	28S
13074	CG	-	CG	INDEL	chr21	chr21_operon_2	3156890	3170233	89	12985	3169874	ETS_3p
13076	CGCG	-	CGCG	INDEL	chr21	chr21_operon_2	3156890	3170233	89	12987	3169876	ETS_3p
13080	C	CGCGC	CGCGC	INDEL	chr21	chr21_operon_2	3156890	3170233	89	12991	3169880	ETS_3p
13085	GCGC	-	----	INDEL	chr21	chr21_operon_2	3156890	3170233	89	12996	3169885	ETS_3p
13089	GCGCGT	-	GCGCGT	INDEL	chr21	chr21_operon_2	3156890	3170233	93	12996	3169885	ETS_3p
13201	T	TGGG/TGG/TGGGGGTGGGG	T----------	INDEL	chr21	chr21_operon_2	3156890	3170233	93	13108	3169997	ETS_3p
13415	T	TG	T-	INDEL	chr21	chr21_operon_2	3156890	3170233	103	13312	3170201	ETS_3p
7	A	G	A	SNP	chr21	chr21_operon_18	3873496	3886844	0	7	3873502	ETS_5p
139	T	C	T	SNP	chr21	chr21_operon_18	3873496	3886844	0	139	3873634	ETS_5p
640	G	T	G	SNP	chr21	chr21_operon_18	3873496	3886844	0	640	3874135	ETS_5p
777	C	CGG	CGG	INDEL	chr21	chr21_operon_18	3873496	3886844	0	777	3874272	ETS_5p
965	G	A	A	SNP	chr21	chr21_operon_18	3873496	3886844	0	965	3874460	ETS_5p
1293	C	G	C	SNP	chr21	chr21_operon_18	3873496	3886844	0	1293	3874788	ETS_5p
1327	C	T	C	SNP	chr21	chr21_operon_18	3873496	3886844	0	1327	3874822	ETS_5p
1512	G	GT	G-	INDEL	chr21	chr21_operon_18	3873496	3886844	0	1512	3875007	ETS_5p
1641	T	TC	T-	INDEL	chr21	chr21_operon_18	3873496	3886844	1	1640	3875135	ETS_5p
1687	G	GT	G-	INDEL	chr21	chr21_operon_18	3873496	3886844	2	1685	3875180	ETS_5p
1761	T	C	T	SNP	chr21	chr21_operon_18	3873496	3886844	3	1758	3875253	ETS_5p
1949	G	C	G	SNP	chr21	chr21_operon_18	3873496	3886844	3	1946	3875441	ETS_5p
1950	T	G	T	SNP	chr21	chr21_operon_18	3873496	3886844	3	1947	3875442	ETS_5p
2104	C	T	C	SNP	chr21	chr21_operon_18	3873496	3886844	3	2101	3875596	ETS_5p
2149	G	C	C	SNP	chr21	chr21_operon_18	3873496	3886844	3	2146	3875641	ETS_5p
2204	T	TCGCC	T----	INDEL	chr21	chr21_operon_18	3873496	3886844	3	2201	3875696	ETS_5p
2293	T	C	T	SNP	chr21	chr21_operon_18	3873496	3886844	7	2286	3875781	ETS_5p
2347	A	G	A	SNP	chr21	chr21_operon_18	3873496	3886844	7	2340	3875835	ETS_5p
2372	C	G	C	SNP	chr21	chr21_operon_18	3873496	3886844	7	2365	3875860	ETS_5p
2398	CGGTGGCGCCCCGCGTGGGGCC	-	CGGTGGCGCCCCGCGTGGGGCC	INDEL	chr21	chr21_operon_18	3873496	3886844	7	2391	3875886	ETS_5p
2432	C	A	C	SNP	chr21	chr21_operon_18	3873496	3886844	7	2425	3875920	ETS_5p
2501	T	TGCG/C	T---	INDEL	chr21	chr21_operon_18	3873496	3886844	7	2494	3875989	ETS_5p
2605	T	C	T	SNP	chr21	chr21_operon_18	3873496	3886844	10	2595	3876090	ETS_5p
2632	A	C	A	SNP	chr21	chr21_operon_18	3873496	3886844	10	2622	3876117	ETS_5p
2844	C	T	C	SNP	chr21	chr21_operon_18	3873496	3886844	10	2834	3876329	ETS_5p
3035	G	T	G	SNP	chr21	chr21_operon_18	3873496	3886844	10	3025	3876520	ETS_5p
3062	C	CG	C-	INDEL	chr21	chr21_operon_18	3873496	3886844	10	3052	3876547	ETS_5p
3219	C	A	C	SNP	chr21	chr21_operon_18	3873496	3886844	11	3208	3876703	ETS_5p
3313	CG	-	CG	INDEL	chr21	chr21_operon_18	3873496	3886844	11	3302	3876797	ETS_5p
3398	A	G	G	SNP	chr21	chr21_operon_18	3873496	3886844	11	3387	3876882	ETS_5p
3536	CCCGT	-	CCCGT	INDEL	chr21	chr21_operon_18	3873496	3886844	11	3525	3877020	ETS_5p
3541	CCGC	-	----	INDEL	chr21	chr21_operon_18	3873496	3886844	11	3530	3877025	ETS_5p
3545	CCGTCC	-	------	INDEL	chr21	chr21_operon_18	3873496	3886844	15	3530	3877025	ETS_5p
3551	GCGG	-	----	INDEL	chr21	chr21_operon_18	3873496	3886844	21	3530	3877025	ETS_5p
3555	C	-/G	-	SNP	chr21	chr21_operon_18	3873496	3886844	25	3530	3877025	ETS_5p
3556	C	-	-	INDEL	chr21	chr21_operon_18	3873496	3886844	26	3530	3877025	ETS_5p
3557	C	G/-	-	SNP	chr21	chr21_operon_18	3873496	3886844	27	3530	3877025	ETS_5p
3558	G	-	-	INDEL	chr21	chr21_operon_18	3873496	3886844	28	3530	3877025	ETS_5p
3559	T	-/C	-	SNP	chr21	chr21_operon_18	3873496	3886844	29	3530	3877025	ETS_5p
3560	CCG	-	CCG	INDEL	chr21	chr21_operon_18	3873496	3886844	30	3530	3877025	ETS_5p
3563	T	-/C	C	SNP	chr21	chr21_operon_18	3873496	3886844	30	3533	3877028	ETS_5p
3654	C	A	C	SNP	chr21	chr21_operon_18	3873496	3886844	30	3624	3877119	ETS_5p
3666	T	-	T	INDEL	chr21	chr21_operon_18	3873496	3886844	30	3636	3877131	ETS_5p
4926	G	GGAA	G---	INDEL	chr21	chr21_operon_18	3873496	3886844	30	4896	3878391	18S
5572	G	GCGC	GCGC	INDEL	chr21	chr21_operon_18	3873496	3886844	33	5539	3879034	ITS1_repeat_region
5627	GCGCGT	-	GCGCGT	INDEL	chr21	chr21_operon_18	3873496	3886844	33	5594	3879089	ITS1_repeat_region
5661	T	C	T	SNP	chr21	chr21_operon_18	3873496	3886844	33	5628	3879123	ITS1_repeat_region
5669	C	CTCGT	C----	INDEL	chr21	chr21_operon_18	3873496	3886844	33	5636	3879131	ITS1_repeat_region
5717	A	G	A	SNP	chr21	chr21_operon_18	3873496	3886844	37	5680	3879175	ITS1_repeat_region
5735	G	-	G	INDEL	chr21	chr21_operon_18	3873496	3886844	37	5698	3879193	ITS1_repeat_region
5736	G	/GGA/GGAGA/AGAGA/GGGGA/GGAGAGAGA/GGAGAGA	GGAGA----	INDEL	chr21	chr21_operon_18	3873496	3886844	37	5699	3879194	ITS1_repeat_region
5745	G	-	-	INDEL	chr21	chr21_operon_18	3873496	3886844	41	5704	3879199	ITS1_repeat_region
5746	A	-/G	-	SNP	chr21	chr21_operon_18	3873496	3886844	42	5704	3879199	ITS1_repeat_region
5747	GA	-	GA	INDEL	chr21	chr21_operon_18	3873496	3886844	43	5704	3879199	ITS1_repeat_region
5749	GA	-	GA	INDEL	chr21	chr21_operon_18	3873496	3886844	43	5706	3879201	ITS1_repeat_region
5751	G	-/C	G	SNP	chr21	chr21_operon_18	3873496	3886844	43	5708	3879203	ITS1_repeat_region
5752	A	-	A	INDEL	chr21	chr21_operon_18	3873496	3886844	43	5709	3879204	ITS1_repeat_region
5753	GA	-	GA	INDEL	chr21	chr21_operon_18	3873496	3886844	43	5710	3879205	ITS1_repeat_region
5756	A	T	A	SNP	chr21	chr21_operon_18	3873496	3886844	43	5713	3879208	ITS1_repeat_region
5758	A	G	A	SNP	chr21	chr21_operon_18	3873496	3886844	43	5715	3879210	ITS1_repeat_region
5760	AGA	-	AGA	INDEL	chr21	chr21_operon_18	3873496	3886844	43	5717	3879212	ITS1_repeat_region
5763	G	A/-	G	SNP	chr21	chr21_operon_18	3873496	3886844	43	5720	3879215	ITS1_repeat_region
5764	A	-	A	INDEL	chr21	chr21_operon_18	3873496	3886844	43	5721	3879216	ITS1_repeat_region
5765	A	G/-	A	SNP	chr21	chr21_operon_18	3873496	3886844	43	5722	3879217	ITS1_repeat_region
5837	A	C	C	SNP	chr21	chr21_operon_18	3873496	3886844	43	5794	3879289	ITS1_repeat_region
5850	G	A	A	SNP	chr21	chr21_operon_18	3873496	3886844	43	5807	3879302	ITS1_repeat_region
5902	T	TGG/TG	TG-	INDEL	chr21	chr21_operon_18	3873496	3886844	43	5859	3879354	ITS1_repeat_region
6000	C	T	C	SNP	chr21	chr21_operon_18	3873496	3886844	44	5956	3879451	ITS1_repeat_region
6115	G	GC	G-	INDEL	chr21	chr21_operon_18	3873496	3886844	44	6071	3879566	ITS1_repeat_region
6228	T	TC	T-	INDEL	chr21	chr21_operon_18	3873496	3886844	45	6183	3879678	ITS1_repeat_region
6247	G	A	G	SNP	chr21	chr21_operon_18	3873496	3886844	46	6201	3879696	ITS1_repeat_region
6306	C	A	C	SNP	chr21	chr21_operon_18	3873496	3886844	46	6260	3879755	ITS1_repeat_region
6307	C	CT	C-	INDEL	chr21	chr21_operon_18	3873496	3886844	46	6261	3879756	ITS1_repeat_region
6317	G	C	G	SNP	chr21	chr21_operon_18	3873496	3886844	47	6270	3879765	ITS1_repeat_region
6334	T	G	T	SNP	chr21	chr21_operon_18	3873496	3886844	47	6287	3879782	ITS1_repeat_region
6340	C	T	C	SNP	chr21	chr21_operon_18	3873496	3886844	47	6293	3879788	ITS1_repeat_region
6551	G	-	G	INDEL	chr21	chr21_operon_18	3873496	3886844	47	6504	3879999	ITS1_repeat_region
6552	G	-/C	C	SNP	chr21	chr21_operon_18	3873496	3886844	47	6505	3880000	ITS1_repeat_region
6557	C	TTG/GGC/T/GGG/G	TTG	INDEL	chr21	chr21_operon_18	3873496	3886844	47	6510	3880005	ITS1_repeat_region
6560	G	T	G	SNP	chr21	chr21_operon_18	3873496	3886844	47	6513	3880008	ITS1_repeat_region
6915	T	C	T	SNP	chr21	chr21_operon_18	3873496	3886844	47	6868	3880363	ITS2
6919	G	A	G	SNP	chr21	chr21_operon_18	3873496	3886844	47	6872	3880367	ITS2
6930	C	T	C	SNP	chr21	chr21_operon_18	3873496	3886844	47	6883	3880378	ITS2
6942	C	T	C	SNP	chr21	chr21_operon_18	3873496	3886844	47	6895	3880390	ITS2
6943	T	TC	TC	INDEL	chr21	chr21_operon_18	3873496	3886844	47	6896	3880391	ITS2
7195	C	CCGT	C---	INDEL	chr21	chr21_operon_18	3873496	3886844	47	7148	3880643	ITS2
7289	A	C	A	SNP	chr21	chr21_operon_18	3873496	3886844	50	7239	3880734	ITS2
7406	C	-	-	INDEL	chr21	chr21_operon_18	3873496	3886844	50	7356	3880851	ITS2
7428	G	GC	G-	INDEL	chr21	chr21_operon_18	3873496	3886844	51	7377	3880872	ITS2
7434	G	C	G	SNP	chr21	chr21_operon_18	3873496	3886844	52	7382	3880877	ITS2
7549	T	C	T	SNP	chr21	chr21_operon_18	3873496	3886844	52	7497	3880992	ITS2
7699	C	T	C	SNP	chr21	chr21_operon_18	3873496	3886844	52	7647	3881142	ITS2
7790	T	G	T	SNP	chr21	chr21_operon_18	3873496	3886844	52	7738	3881233	ITS2
7810	C	T	C	SNP	chr21	chr21_operon_18	3873496	3886844	52	7758	3881253	ITS2
7829	T	C	T	SNP	chr21	chr21_operon_18	3873496	3886844	52	7777	3881272	ITS2
7833	C	G	G	SNP	chr21	chr21_operon_18	3873496	3886844	52	7781	3881276	ITS2
7842	G	GC	GC	INDEL	chr21	chr21_operon_18	3873496	3886844	52	7790	3881285	ITS2
8024	A	G	G	SNP	chr21	chr21_operon_18	3873496	3886844	52	7972	3881467	28S
8622	C	G	C	SNP	chr21	chr21_operon_18	3873496	3886844	52	8570	3882065	28S
8728	CCGT	-	----	INDEL	chr21	chr21_operon_18	3873496	3886844	52	8676	3882171	28S
8746	G	/GT	GT	INDEL	chr21	chr21_operon_18	3873496	3886844	56	8690	3882185	28S
8748	T	C/-	C	SNP	chr21	chr21_operon_18	3873496	3886844	56	8692	3882187	28S
8749	C	-	C	INDEL	chr21	chr21_operon_18	3873496	3886844	56	8693	3882188	28S
8750	C	G/-	G	SNP	chr21	chr21_operon_18	3873496	3886844	56	8694	3882189	28S
8813	GGC	-	---	INDEL	chr21	chr21_operon_18	3873496	3886844	56	8757	3882252	28S
8816	GGC	-	GGC	INDEL	chr21	chr21_operon_18	3873496	3886844	59	8757	3882252	28S
8827	T	CGGT/C	C---	INDEL	chr21	chr21_operon_18	3873496	3886844	59	8768	3882263	28S
8831	GGC	-	GGC	INDEL	chr21	chr21_operon_18	3873496	3886844	62	8769	3882264	28S
8836	C	CGGT/T/TGGC/CGGC	TGGC	INDEL	chr21	chr21_operon_18	3873496	3886844	62	8774	3882269	28S
8842	C	T	C	SNP	chr21	chr21_operon_18	3873496	3886844	62	8780	3882275	28S
8846	GG	-	GG	INDEL	chr21	chr21_operon_18	3873496	3886844	62	8784	3882279	28S
8848	C	/CGGG/CGGC	CGGC	INDEL	chr21	chr21_operon_18	3873496	3886844	62	8786	3882281	28S
8867	A	AC	AC	INDEL	chr21	chr21_operon_18	3873496	3886844	62	8805	3882300	28S
8886	G	GC	G-	INDEL	chr21	chr21_operon_18	3873496	3886844	62	8824	3882319	28S
9108	G	T	G	SNP	chr21	chr21_operon_18	3873496	3886844	63	9045	3882540	28S
9120	C	T	C	SNP	chr21	chr21_operon_18	3873496	3886844	63	9057	3882552	28S
9186	G	-	-	INDEL	chr21	chr21_operon_18	3873496	3886844	63	9123	3882618	28S
10121	G	GGGC/GGGCGGC	GGGC---	INDEL	chr21	chr21_operon_18	3873496	3886844	64	10057	3883552	28S
10128	GGC	-	GGC	INDEL	chr21	chr21_operon_18	3873496	3886844	67	10061	3883556	28S
10137	GGCG	-	GGCG	INDEL	chr21	chr21_operon_18	3873496	3886844	67	10070	3883565	28S
10141	G	GC/	GC	INDEL	chr21	chr21_operon_18	3873496	3886844	67	10074	3883569	28S
10143	C	-/G	G	SNP	chr21	chr21_operon_18	3873496	3886844	67	10076	3883571	28S
10144	G	-	G	INDEL	chr21	chr21_operon_18	3873496	3886844	67	10077	3883572	28S
10145	G	-/C	C	SNP	chr21	chr21_operon_18	3873496	3886844	67	10078	3883573	28S
10149	T	G	G	SNP	chr21	chr21_operon_18	3873496	3886844	67	10082	3883577	28S
10153	T	-	T	INDEL	chr21	chr21_operon_18	3873496	3886844	67	10086	3883581	28S
10155	G	T	G	SNP	chr21	chr21_operon_18	3873496	3886844	67	10088	3883583	28S
10157	G	T	G	SNP	chr21	chr21_operon_18	3873496	3886844	67	10090	3883585	28S
10158	T	G/C	T	SNP	chr21	chr21_operon_18	3873496	3886844	67	10091	3883586	28S
10159	C	-	C	INDEL	chr21	chr21_operon_18	3873496	3886844	67	10092	3883587	28S
10160	C	T/G	C	SNP	chr21	chr21_operon_18	3873496	3886844	67	10093	3883588	28S
10161	T	-	T	INDEL	chr21	chr21_operon_18	3873496	3886844	67	10094	3883589	28S
10162	C	T/-	T	SNP	chr21	chr21_operon_18	3873496	3886844	67	10095	3883590	28S
10163	C	-	C	INDEL	chr21	chr21_operon_18	3873496	3886844	67	10096	3883591	28S
10164	C	TCCC/CCC/CCCG/CCCC	CCCC	INDEL	chr21	chr21_operon_18	3873496	3886844	67	10097	3883592	28S
10168	C	-/G	G	SNP	chr21	chr21_operon_18	3873496	3886844	67	10101	3883596	28S
10169	C	-	-	INDEL	chr21	chr21_operon_18	3873496	3886844	67	10102	3883597	28S
10170	G	CCC/GCC/GC/CC/C	CCC	INDEL	chr21	chr21_operon_18	3873496	3886844	68	10102	3883597	28S
10399	G	GTT	G--	INDEL	chr21	chr21_operon_18	3873496	3886844	68	10331	3883826	28S
10447	T	C	C	SNP	chr21	chr21_operon_18	3873496	3886844	70	10377	3883872	28S
10942	G	GC	G-	INDEL	chr21	chr21_operon_18	3873496	3886844	70	10872	3884367	28S
10979	T	C	T	SNP	chr21	chr21_operon_18	3873496	3886844	71	10908	3884403	28S
11019	A	G	A	SNP	chr21	chr21_operon_18	3873496	3886844	71	10948	3884443	28S
11028	C	CCTCT/CCT	C----	INDEL	chr21	chr21_operon_18	3873496	3886844	71	10957	3884452	28S
11108	G	GGA	G--	INDEL	chr21	chr21_operon_18	3873496	3886844	75	11033	3884528	28S
11126	G	T	G	SNP	chr21	chr21_operon_18	3873496	3886844	77	11049	3884544	28S
11143	G	GC	GC	INDEL	chr21	chr21_operon_18	3873496	3886844	77	11066	3884561	28S
11145	CCGCCGCGGGGCCCCGGCGGCGGGGG	-	CCGCCGCGGGGCCCCGGCGGCGGGGG	INDEL	chr21	chr21_operon_18	3873496	3886844	77	11068	3884563	28S
11316	C	-	C	INDEL	chr21	chr21_operon_18	3873496	3886844	77	11239	3884734	28S
11320	C	CCCC/CCCCCA/CC/CCCCA	CCCCCA	INDEL	chr21	chr21_operon_18	3873496	3886844	77	11243	3884738	28S
11336	A	G	A	SNP	chr21	chr21_operon_18	3873496	3886844	77	11259	3884754	28S
11398	C	T	T	SNP	chr21	chr21_operon_18	3873496	3886844	77	11321	3884816	28S
11476	C	CGCG/CGCGGCGGCG/CGCGGCG	CGCGGCGGCG	INDEL	chr21	chr21_operon_18	3873496	3886844	77	11399	3884894	28S
11492	GCGGCGGC	-	GCGGCGGC	INDEL	chr21	chr21_operon_18	3873496	3886844	77	11415	3884910	28S
11500	G	A/-	A	SNP	chr21	chr21_operon_18	3873496	3886844	77	11423	3884918	28S
11891	G	-	G	INDEL	chr21	chr21_operon_18	3873496	3886844	77	11814	3885309	28S
11979	C	T	C	SNP	chr21	chr21_operon_18	3873496	3886844	77	11902	3885397	28S
12345	T	TTTTGGG	T------	INDEL	chr21	chr21_operon_18	3873496	3886844	77	12268	3885763	28S
12797	G	GC/GCC	GC-	INDEL	chr21	chr21_operon_18	3873496	3886844	83	12714	3886209	28S
12811	A	G	A	SNP	chr21	chr21_operon_18	3873496	3886844	84	12727	3886222	28S
12821	C	T	C	SNP	chr21	chr21_operon_18	3873496	3886844	84	12737	3886232	28S
12907	T	C	C	SNP	chr21	chr21_operon_18	3873496	3886844	84	12823	3886318	28S
13072	CG	-	CG	INDEL	chr21	chr21_operon_18	3873496	3886844	84	12988	3886483	28S
13074	CG	-	CG	INDEL	chr21	chr21_operon_18	3873496	3886844	84	12990	3886485	ETS_3p
13076	CGCG	-	CGCG	INDEL	chr21	chr21_operon_18	3873496	3886844	84	12992	3886487	ETS_3p
13080	C	CGCGC	CGCGC	INDEL	chr21	chr21_operon_18	3873496	3886844	84	12996	3886491	ETS_3p
13085	GCGC	-	----	INDEL	chr21	chr21_operon_18	3873496	3886844	84	13001	3886496	ETS_3p
13089	GCGCGT	-	GCGCGT	INDEL	chr21	chr21_operon_18	3873496	3886844	88	13001	3886496	ETS_3p
13201	T	TGGG/TGG/TGGGGGTGGGG	T----------	INDEL	chr21	chr21_operon_18	3873496	3886844	88	13113	3886608	ETS_3p
13415	T	TG	T-	INDEL	chr21	chr21_operon_18	3873496	3886844	98	13317	3886812	ETS_3p
7	A	G	A	SNP	chr21	chr21_operon_55	5515742	5529093	0	7	5515748	ETS_5p
139	T	C	T	SNP	chr21	chr21_operon_55	5515742	5529093	0	139	5515880	ETS_5p
640	G	T	G	SNP	chr21	chr21_operon_55	5515742	5529093	0	640	5516381	ETS_5p
777	C	CGG	CGG	INDEL	chr21	chr21_operon_55	5515742	5529093	0	777	5516518	ETS_5p
965	G	A	A	SNP	chr21	chr21_operon_55	5515742	5529093	0	965	5516706	ETS_5p
1293	C	G	C	SNP	chr21	chr21_operon_55	5515742	5529093	0	1293	5517034	ETS_5p
1327	C	T	C	SNP	chr21	chr21_operon_55	5515742	5529093	0	1327	5517068	ETS_5p
1512	G	GT	G-	INDEL	chr21	chr21_operon_55	5515742	5529093	0	1512	5517253	ETS_5p
1641	T	TC	T-	INDEL	chr21	chr21_operon_55	5515742	5529093	1	1640	5517381	ETS_5p
1687	G	GT	G-	INDEL	chr21	chr21_operon_55	5515742	5529093	2	1685	5517426	ETS_5p
1761	T	C	T	SNP	chr21	chr21_operon_55	5515742	5529093	3	1758	5517499	ETS_5p
1949	G	C	G	SNP	chr21	chr21_operon_55	5515742	5529093	3	1946	5517687	ETS_5p
1950	T	G	T	SNP	chr21	chr21_operon_55	5515742	5529093	3	1947	5517688	ETS_5p
2104	C	T	C	SNP	chr21	chr21_operon_55	5515742	5529093	3	2101	5517842	ETS_5p
2149	G	C	C	SNP	chr21	chr21_operon_55	5515742	5529093	3	2146	5517887	ETS_5p
2204	T	TCGCC	T----	INDEL	chr21	chr21_operon_55	5515742	5529093	3	2201	5517942	ETS_5p
2293	T	C	T	SNP	chr21	chr21_operon_55	5515742	5529093	7	2286	5518027	ETS_5p
2347	A	G	A	SNP	chr21	chr21_operon_55	5515742	5529093	7	2340	5518081	ETS_5p
2372	C	G	C	SNP	chr21	chr21_operon_55	5515742	5529093	7	2365	5518106	ETS_5p
2398	CGGTGGCGCCCCGCGTGGGGCC	-	CGGTGGCGCCCCGCGTGGGGCC	INDEL	chr21	chr21_operon_55	5515742	5529093	7	2391	5518132	ETS_5p
2432	C	A	C	SNP	chr21	chr21_operon_55	5515742	5529093	7	2425	5518166	ETS_5p
2501	T	TGCG/C	T---	INDEL	chr21	chr21_operon_55	5515742	5529093	7	2494	5518235	ETS_5p
2605	T	C	T	SNP	chr21	chr21_operon_55	5515742	5529093	10	2595	5518336	ETS_5p
2632	A	C	A	SNP	chr21	chr21_operon_55	5515742	5529093	10	2622	5518363	ETS_5p
2844	C	T	C	SNP	chr21	chr21_operon_55	5515742	5529093	10	2834	5518575	ETS_5p
3035	G	T	G	SNP	chr21	chr21_operon_55	5515742	5529093	10	3025	5518766	ETS_5p
3062	C	CG	C-	INDEL	chr21	chr21_operon_55	5515742	5529093	10	3052	5518793	ETS_5p
3219	C	A	C	SNP	chr21	chr21_operon_55	5515742	5529093	11	3208	5518949	ETS_5p
3313	CG	-	CG	INDEL	chr21	chr21_operon_55	5515742	5529093	11	3302	5519043	ETS_5p
3398	A	G	G	SNP	chr21	chr21_operon_55	5515742	5529093	11	3387	5519128	ETS_5p
3536	CCCGT	-	CCCGT	INDEL	chr21	chr21_operon_55	5515742	5529093	11	3525	5519266	ETS_5p
3541	CCGC	-	----	INDEL	chr21	chr21_operon_55	5515742	5529093	11	3530	5519271	ETS_5p
3545	CCGTCC	-	------	INDEL	chr21	chr21_operon_55	5515742	5529093	15	3530	5519271	ETS_5p
3551	GCGG	-	----	INDEL	chr21	chr21_operon_55	5515742	5529093	21	3530	5519271	ETS_5p
3555	C	-/G	-	SNP	chr21	chr21_operon_55	5515742	5529093	25	3530	5519271	ETS_5p
3556	C	-	-	INDEL	chr21	chr21_operon_55	5515742	5529093	26	3530	5519271	ETS_5p
3557	C	G/-	-	SNP	chr21	chr21_operon_55	5515742	5529093	27	3530	5519271	ETS_5p
3558	G	-	-	INDEL	chr21	chr21_operon_55	5515742	5529093	28	3530	5519271	ETS_5p
3559	T	-/C	-	SNP	chr21	chr21_operon_55	5515742	5529093	29	3530	5519271	ETS_5p
3560	CCG	-	CCG	INDEL	chr21	chr21_operon_55	5515742	5529093	30	3530	5519271	ETS_5p
3563	T	-/C	C	SNP	chr21	chr21_operon_55	5515742	5529093	30	3533	5519274	ETS_5p
3654	C	A	C	SNP	chr21	chr21_operon_55	5515742	5529093	30	3624	5519365	ETS_5p
3666	T	-	T	INDEL	chr21	chr21_operon_55	5515742	5529093	30	3636	5519377	ETS_5p
4926	G	GGAA	G---	INDEL	chr21	chr21_operon_55	5515742	5529093	30	4896	5520637	18S
5572	G	GCGC	GCGC	INDEL	chr21	chr21_operon_55	5515742	5529093	33	5539	5521280	ITS1_repeat_region
5627	GCGCGT	-	GCGCGT	INDEL	chr21	chr21_operon_55	5515742	5529093	33	5594	5521335	ITS1_repeat_region
5661	T	C	T	SNP	chr21	chr21_operon_55	5515742	5529093	33	5628	5521369	ITS1_repeat_region
5669	C	CTCGT	C----	INDEL	chr21	chr21_operon_55	5515742	5529093	33	5636	5521377	ITS1_repeat_region
5717	A	G	A	SNP	chr21	chr21_operon_55	5515742	5529093	37	5680	5521421	ITS1_repeat_region
5735	G	-	G	INDEL	chr21	chr21_operon_55	5515742	5529093	37	5698	5521439	ITS1_repeat_region
5736	G	/GGA/GGAGA/AGAGA/GGGGA/GGAGAGAGA/GGAGAGA	GGAGA----	INDEL	chr21	chr21_operon_55	5515742	5529093	37	5699	5521440	ITS1_repeat_region
5745	G	-	-	INDEL	chr21	chr21_operon_55	5515742	5529093	41	5704	5521445	ITS1_repeat_region
5746	A	-/G	-	SNP	chr21	chr21_operon_55	5515742	5529093	42	5704	5521445	ITS1_repeat_region
5747	GA	-	GA	INDEL	chr21	chr21_operon_55	5515742	5529093	43	5704	5521445	ITS1_repeat_region
5749	GA	-	GA	INDEL	chr21	chr21_operon_55	5515742	5529093	43	5706	5521447	ITS1_repeat_region
5751	G	-/C	G	SNP	chr21	chr21_operon_55	5515742	5529093	43	5708	5521449	ITS1_repeat_region
5752	A	-	A	INDEL	chr21	chr21_operon_55	5515742	5529093	43	5709	5521450	ITS1_repeat_region
5753	GA	-	GA	INDEL	chr21	chr21_operon_55	5515742	5529093	43	5710	5521451	ITS1_repeat_region
5756	A	T	A	SNP	chr21	chr21_operon_55	5515742	5529093	43	5713	5521454	ITS1_repeat_region
5758	A	G	A	SNP	chr21	chr21_operon_55	5515742	5529093	43	5715	5521456	ITS1_repeat_region
5760	AGA	-	AGA	INDEL	chr21	chr21_operon_55	5515742	5529093	43	5717	5521458	ITS1_repeat_region
5763	G	A/-	G	SNP	chr21	chr21_operon_55	5515742	5529093	43	5720	5521461	ITS1_repeat_region
5764	A	-	A	INDEL	chr21	chr21_operon_55	5515742	5529093	43	5721	5521462	ITS1_repeat_region
5765	A	G/-	A	SNP	chr21	chr21_operon_55	5515742	5529093	43	5722	5521463	ITS1_repeat_region
5837	A	C	C	SNP	chr21	chr21_operon_55	5515742	5529093	43	5794	5521535	ITS1_repeat_region
5850	G	A	A	SNP	chr21	chr21_operon_55	5515742	5529093	43	5807	5521548	ITS1_repeat_region
5902	T	TGG/TG	TG-	INDEL	chr21	chr21_operon_55	5515742	5529093	43	5859	5521600	ITS1_repeat_region
6000	C	T	C	SNP	chr21	chr21_operon_55	5515742	5529093	44	5956	5521697	ITS1_repeat_region
6115	G	GC	G-	INDEL	chr21	chr21_operon_55	5515742	5529093	44	6071	5521812	ITS1_repeat_region
6228	T	TC	T-	INDEL	chr21	chr21_operon_55	5515742	5529093	45	6183	5521924	ITS1_repeat_region
6247	G	A	G	SNP	chr21	chr21_operon_55	5515742	5529093	46	6201	5521942	ITS1_repeat_region
6306	C	A	C	SNP	chr21	chr21_operon_55	5515742	5529093	46	6260	5522001	ITS1_repeat_region
6307	C	CT	C-	INDEL	chr21	chr21_operon_55	5515742	5529093	46	6261	5522002	ITS1_repeat_region
6317	G	C	G	SNP	chr21	chr21_operon_55	5515742	5529093	47	6270	5522011	ITS1_repeat_region
6334	T	G	T	SNP	chr21	chr21_operon_55	5515742	5529093	47	6287	5522028	ITS1_repeat_region
6340	C	T	C	SNP	chr21	chr21_operon_55	5515742	5529093	47	6293	5522034	ITS1_repeat_region
6551	G	-	G	INDEL	chr21	chr21_operon_55	5515742	5529093	47	6504	5522245	ITS1_repeat_region
6552	G	-/C	C	SNP	chr21	chr21_operon_55	5515742	5529093	47	6505	5522246	ITS1_repeat_region
6557	C	TTG/GGC/T/GGG/G	TTG	INDEL	chr21	chr21_operon_55	5515742	5529093	47	6510	5522251	ITS1_repeat_region
6560	G	T	G	SNP	chr21	chr21_operon_55	5515742	5529093	47	6513	5522254	ITS1_repeat_region
6915	T	C	T	SNP	chr21	chr21_operon_55	5515742	5529093	47	6868	5522609	ITS2
6919	G	A	G	SNP	chr21	chr21_operon_55	5515742	5529093	47	6872	5522613	ITS2
6930	C	T	C	SNP	chr21	chr21_operon_55	5515742	5529093	47	6883	5522624	ITS2
6942	C	T	C	SNP	chr21	chr21_operon_55	5515742	5529093	47	6895	5522636	ITS2
6943	T	TC	TC	INDEL	chr21	chr21_operon_55	5515742	5529093	47	6896	5522637	ITS2
7195	C	CCGT	C---	INDEL	chr21	chr21_operon_55	5515742	5529093	47	7148	5522889	ITS2
7289	A	C	A	SNP	chr21	chr21_operon_55	5515742	5529093	50	7239	5522980	ITS2
7406	C	-	-	INDEL	chr21	chr21_operon_55	5515742	5529093	50	7356	5523097	ITS2
7428	G	GC	G-	INDEL	chr21	chr21_operon_55	5515742	5529093	51	7377	5523118	ITS2
7434	G	C	G	SNP	chr21	chr21_operon_55	5515742	5529093	52	7382	5523123	ITS2
7549	T	C	T	SNP	chr21	chr21_operon_55	5515742	5529093	52	7497	5523238	ITS2
7699	C	T	C	SNP	chr21	chr21_operon_55	5515742	5529093	52	7647	5523388	ITS2
7790	T	G	T	SNP	chr21	chr21_operon_55	5515742	5529093	52	7738	5523479	ITS2
7810	C	T	C	SNP	chr21	chr21_operon_55	5515742	5529093	52	7758	5523499	ITS2
7829	T	C	T	SNP	chr21	chr21_operon_55	5515742	5529093	52	7777	5523518	ITS2
7833	C	G	G	SNP	chr21	chr21_operon_55	5515742	5529093	52	7781	5523522	ITS2
7842	G	GC	GC	INDEL	chr21	chr21_operon_55	5515742	5529093	52	7790	5523531	ITS2
8024	A	G	G	SNP	chr21	chr21_operon_55	5515742	5529093	52	7972	5523713	28S
8622	C	G	C	SNP	chr21	chr21_operon_55	5515742	5529093	52	8570	5524311	28S
8728	CCGT	-	CCGT	INDEL	chr21	chr21_operon_55	5515742	5529093	52	8676	5524417	28S
8746	G	/GT	GT	INDEL	chr21	chr21_operon_55	5515742	5529093	52	8694	5524435	28S
8748	T	C/-	C	SNP	chr21	chr21_operon_55	5515742	5529093	52	8696	5524437	28S
8749	C	-	C	INDEL	chr21	chr21_operon_55	5515742	5529093	52	8697	5524438	28S
8750	C	G/-	G	SNP	chr21	chr21_operon_55	5515742	5529093	52	8698	5524439	28S
8813	GGC	-	---	INDEL	chr21	chr21_operon_55	5515742	5529093	52	8761	5524502	28S
8816	GGC	-	GGC	INDEL	chr21	chr21_operon_55	5515742	5529093	55	8761	5524502	28S
8827	T	CGGT/C	C---	INDEL	chr21	chr21_operon_55	5515742	5529093	55	8772	5524513	28S
8831	GGC	-	GGC	INDEL	chr21	chr21_operon_55	5515742	5529093	58	8773	5524514	28S
8836	C	CGGT/T/TGGC/CGGC	TGGC	INDEL	chr21	chr21_operon_55	5515742	5529093	58	8778	5524519	28S
8842	C	T	C	SNP	chr21	chr21_operon_55	5515742	5529093	58	8784	5524525	28S
8846	GG	-	GG	INDEL	chr21	chr21_operon_55	5515742	5529093	58	8788	5524529	28S
8848	C	/CGGG/CGGC	CGGC	INDEL	chr21	chr21_operon_55	5515742	5529093	58	8790	5524531	28S
8867	A	AC	AC	INDEL	chr21	chr21_operon_55	5515742	5529093	58	8809	5524550	28S
8886	G	GC	G-	INDEL	chr21	chr21_operon_55	5515742	5529093	58	8828	5524569	28S
9108	G	T	G	SNP	chr21	chr21_operon_55	5515742	5529093	59	9049	5524790	28S
9120	C	T	C	SNP	chr21	chr21_operon_55	5515742	5529093	59	9061	5524802	28S
9186	G	-	-	INDEL	chr21	chr21_operon_55	5515742	5529093	59	9127	5524868	28S
10121	G	GGGC/GGGCGGC	GGGC---	INDEL	chr21	chr21_operon_55	5515742	5529093	60	10061	5525802	28S
10128	GGC	-	GGC	INDEL	chr21	chr21_operon_55	5515742	5529093	63	10065	5525806	28S
10137	GGCG	-	GGCG	INDEL	chr21	chr21_operon_55	5515742	5529093	63	10074	5525815	28S
10141	G	GC/	GC	INDEL	chr21	chr21_operon_55	5515742	5529093	63	10078	5525819	28S
10143	C	-/G	G	SNP	chr21	chr21_operon_55	5515742	5529093	63	10080	5525821	28S
10144	G	-	G	INDEL	chr21	chr21_operon_55	5515742	5529093	63	10081	5525822	28S
10145	G	-/C	C	SNP	chr21	chr21_operon_55	5515742	5529093	63	10082	5525823	28S
10149	T	G	G	SNP	chr21	chr21_operon_55	5515742	5529093	63	10086	5525827	28S
10153	T	-	T	INDEL	chr21	chr21_operon_55	5515742	5529093	63	10090	5525831	28S
10155	G	T	G	SNP	chr21	chr21_operon_55	5515742	5529093	63	10092	5525833	28S
10157	G	T	G	SNP	chr21	chr21_operon_55	5515742	5529093	63	10094	5525835	28S
10158	T	G/C	T	SNP	chr21	chr21_operon_55	5515742	5529093	63	10095	5525836	28S
10159	C	-	C	INDEL	chr21	chr21_operon_55	5515742	5529093	63	10096	5525837	28S
10160	C	T/G	C	SNP	chr21	chr21_operon_55	5515742	5529093	63	10097	5525838	28S
10161	T	-	T	INDEL	chr21	chr21_operon_55	5515742	5529093	63	10098	5525839	28S
10162	C	T/-	T	SNP	chr21	chr21_operon_55	5515742	5529093	63	10099	5525840	28S
10163	C	-	C	INDEL	chr21	chr21_operon_55	5515742	5529093	63	10100	5525841	28S
10164	C	TCCC/CCC/CCCG/CCCC	CCCC	INDEL	chr21	chr21_operon_55	5515742	5529093	63	10101	5525842	28S
10168	C	-/G	G	SNP	chr21	chr21_operon_55	5515742	5529093	63	10105	5525846	28S
10169	C	-	C	INDEL	chr21	chr21_operon_55	5515742	5529093	63	10106	5525847	28S
10170	G	CCC/GCC/GC/CC/C	CCC	INDEL	chr21	chr21_operon_55	5515742	5529093	63	10107	5525848	28S
10399	G	GTT	G--	INDEL	chr21	chr21_operon_55	5515742	5529093	63	10336	5526077	28S
10447	T	C	C	SNP	chr21	chr21_operon_55	5515742	5529093	65	10382	5526123	28S
10942	G	GC	G-	INDEL	chr21	chr21_operon_55	5515742	5529093	65	10877	5526618	28S
10979	T	C	T	SNP	chr21	chr21_operon_55	5515742	5529093	66	10913	5526654	28S
11019	A	G	A	SNP	chr21	chr21_operon_55	5515742	5529093	66	10953	5526694	28S
11028	C	CCTCT/CCT	C----	INDEL	chr21	chr21_operon_55	5515742	5529093	66	10962	5526703	28S
11108	G	GGA	G--	INDEL	chr21	chr21_operon_55	5515742	5529093	70	11038	5526779	28S
11126	G	T	G	SNP	chr21	chr21_operon_55	5515742	5529093	72	11054	5526795	28S
11143	G	GC	GC	INDEL	chr21	chr21_operon_55	5515742	5529093	72	11071	5526812	28S
11145	CCGCCGCGGGGCCCCGGCGGCGGGGG	-	CCGCCGCGGGGCCCCGGCGGCGGGGG	INDEL	chr21	chr21_operon_55	5515742	5529093	72	11073	5526814	28S
11316	C	-	C	INDEL	chr21	chr21_operon_55	5515742	5529093	72	11244	5526985	28S
11320	C	CCCC/CCCCCA/CC/CCCCA	CCCCCA	INDEL	chr21	chr21_operon_55	5515742	5529093	72	11248	5526989	28S
11336	A	G	A	SNP	chr21	chr21_operon_55	5515742	5529093	72	11264	5527005	28S
11398	C	T	T	SNP	chr21	chr21_operon_55	5515742	5529093	72	11326	5527067	28S
11476	C	CGCG/CGCGGCGGCG/CGCGGCG	CGCGGCGGCG	INDEL	chr21	chr21_operon_55	5515742	5529093	72	11404	5527145	28S
11492	GCGGCGGC	-	GCGGCGGC	INDEL	chr21	chr21_operon_55	5515742	5529093	72	11420	5527161	28S
11500	G	A/-	A	SNP	chr21	chr21_operon_55	5515742	5529093	72	11428	5527169	28S
11891	G	-	G	INDEL	chr21	chr21_operon_55	5515742	5529093	72	11819	5527560	28S
11979	C	T	C	SNP	chr21	chr21_operon_55	5515742	5529093	72	11907	5527648	28S
12345	T	TTTTGGG	T------	INDEL	chr21	chr21_operon_55	5515742	5529093	72	12273	5528014	28S
12797	G	GC/GCC	GC-	INDEL	chr21	chr21_operon_55	5515742	5529093	78	12719	5528460	28S
12811	A	G	A	SNP	chr21	chr21_operon_55	5515742	5529093	79	12732	5528473	28S
12821	C	T	C	SNP	chr21	chr21_operon_55	5515742	5529093	79	12742	5528483	28S
12907	T	C	C	SNP	chr21	chr21_operon_55	5515742	5529093	79	12828	5528569	28S
13072	CG	-	--	INDEL	chr21	chr21_operon_55	5515742	5529093	79	12993	5528734	28S
13074	CG	-	CG	INDEL	chr21	chr21_operon_55	5515742	5529093	81	12993	5528734	28S
13076	CGCG	-	CGCG	INDEL	chr21	chr21_operon_55	5515742	5529093	81	12995	5528736	ETS_3p
13080	C	CGCGC	CGCGC	INDEL	chr21	chr21_operon_55	5515742	5529093	81	12999	5528740	ETS_3p
13085	GCGC	-	----	INDEL	chr21	chr21_operon_55	5515742	5529093	81	13004	5528745	ETS_3p
13089	GCGCGT	-	GCGCGT	INDEL	chr21	chr21_operon_55	5515742	5529093	85	13004	5528745	ETS_3p
13201	T	TGGG/TGG/TGGGGGTGGGG	T----------	INDEL	chr21	chr21_operon_55	5515742	5529093	85	13116	5528857	ETS_3p
13415	T	TG	T-	INDEL	chr21	chr21_operon_55	5515742	5529093	95	13320	5529061	ETS_3p
7	A	G	A	SNP	chr21	chr21_operon_56	5559767	5573111	0	7	5559773	ETS_5p
139	T	C	T	SNP	chr21	chr21_operon_56	5559767	5573111	0	139	5559905	ETS_5p
640	G	T	G	SNP	chr21	chr21_operon_56	5559767	5573111	0	640	5560406	ETS_5p
777	C	CGG	CGG	INDEL	chr21	chr21_operon_56	5559767	5573111	0	777	5560543	ETS_5p
965	G	A	A	SNP	chr21	chr21_operon_56	5559767	5573111	0	965	5560731	ETS_5p
1293	C	G	C	SNP	chr21	chr21_operon_56	5559767	5573111	0	1293	5561059	ETS_5p
1327	C	T	C	SNP	chr21	chr21_operon_56	5559767	5573111	0	1327	5561093	ETS_5p
1512	G	GT	G-	INDEL	chr21	chr21_operon_56	5559767	5573111	0	1512	5561278	ETS_5p
1641	T	TC	T-	INDEL	chr21	chr21_operon_56	5559767	5573111	1	1640	5561406	ETS_5p
1687	G	GT	G-	INDEL	chr21	chr21_operon_56	5559767	5573111	2	1685	5561451	ETS_5p
1761	T	C	T	SNP	chr21	chr21_operon_56	5559767	5573111	3	1758	5561524	ETS_5p
1949	G	C	G	SNP	chr21	chr21_operon_56	5559767	5573111	3	1946	5561712	ETS_5p
1950	T	G	T	SNP	chr21	chr21_operon_56	5559767	5573111	3	1947	5561713	ETS_5p
2104	C	T	C	SNP	chr21	chr21_operon_56	5559767	5573111	3	2101	5561867	ETS_5p
2149	G	C	C	SNP	chr21	chr21_operon_56	5559767	5573111	3	2146	5561912	ETS_5p
2204	T	TCGCC	T----	INDEL	chr21	chr21_operon_56	5559767	5573111	3	2201	5561967	ETS_5p
2293	T	C	C	SNP	chr21	chr21_operon_56	5559767	5573111	7	2286	5562052	ETS_5p
2347	A	G	A	SNP	chr21	chr21_operon_56	5559767	5573111	7	2340	5562106	ETS_5p
2372	C	G	C	SNP	chr21	chr21_operon_56	5559767	5573111	7	2365	5562131	ETS_5p
2398	CGGTGGCGCCCCGCGTGGGGCC	-	CGGTGGCGCCCCGCGTGGGGCC	INDEL	chr21	chr21_operon_56	5559767	5573111	7	2391	5562157	ETS_5p
2432	C	A	C	SNP	chr21	chr21_operon_56	5559767	5573111	7	2425	5562191	ETS_5p
2501	T	TGCG/C	T---	INDEL	chr21	chr21_operon_56	5559767	5573111	7	2494	5562260	ETS_5p
2605	T	C	T	SNP	chr21	chr21_operon_56	5559767	5573111	10	2595	5562361	ETS_5p
2632	A	C	A	SNP	chr21	chr21_operon_56	5559767	5573111	10	2622	5562388	ETS_5p
2844	C	T	C	SNP	chr21	chr21_operon_56	5559767	5573111	10	2834	5562600	ETS_5p
3035	G	T	T	SNP	chr21	chr21_operon_56	5559767	5573111	10	3025	5562791	ETS_5p
3062	C	CG	C-	INDEL	chr21	chr21_operon_56	5559767	5573111	10	3052	5562818	ETS_5p
3219	C	A	C	SNP	chr21	chr21_operon_56	5559767	5573111	11	3208	5562974	ETS_5p
3313	CG	-	CG	INDEL	chr21	chr21_operon_56	5559767	5573111	11	3302	5563068	ETS_5p
3398	A	G	G	SNP	chr21	chr21_operon_56	5559767	5573111	11	3387	5563153	ETS_5p
3536	CCCGT	-	CCCGT	INDEL	chr21	chr21_operon_56	5559767	5573111	11	3525	5563291	ETS_5p
3541	CCGC	-	----	INDEL	chr21	chr21_operon_56	5559767	5573111	11	3530	5563296	ETS_5p
3545	CCGTCC	-	------	INDEL	chr21	chr21_operon_56	5559767	5573111	15	3530	5563296	ETS_5p
3551	GCGG	-	----	INDEL	chr21	chr21_operon_56	5559767	5573111	21	3530	5563296	ETS_5p
3555	C	-/G	-	SNP	chr21	chr21_operon_56	5559767	5573111	25	3530	5563296	ETS_5p
3556	C	-	-	INDEL	chr21	chr21_operon_56	5559767	5573111	26	3530	5563296	ETS_5p
3557	C	G/-	-	SNP	chr21	chr21_operon_56	5559767	5573111	27	3530	5563296	ETS_5p
3558	G	-	-	INDEL	chr21	chr21_operon_56	5559767	5573111	28	3530	5563296	ETS_5p
3559	T	-/C	-	SNP	chr21	chr21_operon_56	5559767	5573111	29	3530	5563296	ETS_5p
3560	CCG	-	CCG	INDEL	chr21	chr21_operon_56	5559767	5573111	30	3530	5563296	ETS_5p
3563	T	-/C	C	SNP	chr21	chr21_operon_56	5559767	5573111	30	3533	5563299	ETS_5p
3654	C	A	C	SNP	chr21	chr21_operon_56	5559767	5573111	30	3624	5563390	ETS_5p
3666	T	-	T	INDEL	chr21	chr21_operon_56	5559767	5573111	30	3636	5563402	ETS_5p
4926	G	GGAA	G---	INDEL	chr21	chr21_operon_56	5559767	5573111	30	4896	5564662	18S
5572	G	GCGC	GCGC	INDEL	chr21	chr21_operon_56	5559767	5573111	33	5539	5565305	ITS1_repeat_region
5627	GCGCGT	-	GCGCGT	INDEL	chr21	chr21_operon_56	5559767	5573111	33	5594	5565360	ITS1_repeat_region
5661	T	C	T	SNP	chr21	chr21_operon_56	5559767	5573111	33	5628	5565394	ITS1_repeat_region
5669	C	CTCGT	C----	INDEL	chr21	chr21_operon_56	5559767	5573111	33	5636	5565402	ITS1_repeat_region
5717	A	G	A	SNP	chr21	chr21_operon_56	5559767	5573111	37	5680	5565446	ITS1_repeat_region
5735	G	-	G	INDEL	chr21	chr21_operon_56	5559767	5573111	37	5698	5565464	ITS1_repeat_region
5736	G	/GGA/GGAGA/AGAGA/GGGGA/GGAGAGAGA/GGAGAGA	GGGGA----	INDEL	chr21	chr21_operon_56	5559767	5573111	37	5699	5565465	ITS1_repeat_region
5745	G	-	-	INDEL	chr21	chr21_operon_56	5559767	5573111	41	5704	5565470	ITS1_repeat_region
5746	A	-/G	-	SNP	chr21	chr21_operon_56	5559767	5573111	42	5704	5565470	ITS1_repeat_region
5747	GA	-	GA	INDEL	chr21	chr21_operon_56	5559767	5573111	43	5704	5565470	ITS1_repeat_region
5749	GA	-	GA	INDEL	chr21	chr21_operon_56	5559767	5573111	43	5706	5565472	ITS1_repeat_region
5751	G	-/C	G	SNP	chr21	chr21_operon_56	5559767	5573111	43	5708	5565474	ITS1_repeat_region
5752	A	-	A	INDEL	chr21	chr21_operon_56	5559767	5573111	43	5709	5565475	ITS1_repeat_region
5753	GA	-	GA	INDEL	chr21	chr21_operon_56	5559767	5573111	43	5710	5565476	ITS1_repeat_region
5756	A	T	A	SNP	chr21	chr21_operon_56	5559767	5573111	43	5713	5565479	ITS1_repeat_region
5758	A	G	A	SNP	chr21	chr21_operon_56	5559767	5573111	43	5715	5565481	ITS1_repeat_region
5760	AGA	-	---	INDEL	chr21	chr21_operon_56	5559767	5573111	43	5717	5565483	ITS1_repeat_region
5763	G	A/-	-	SNP	chr21	chr21_operon_56	5559767	5573111	46	5717	5565483	ITS1_repeat_region
5764	A	-	-	INDEL	chr21	chr21_operon_56	5559767	5573111	47	5717	5565483	ITS1_repeat_region
5765	A	G/-	-	SNP	chr21	chr21_operon_56	5559767	5573111	48	5717	5565483	ITS1_repeat_region
5837	A	C	C	SNP	chr21	chr21_operon_56	5559767	5573111	49	5788	5565554	ITS1_repeat_region
5850	G	A	G	SNP	chr21	chr21_operon_56	5559767	5573111	49	5801	5565567	ITS1_repeat_region
5902	T	TGG/TG	TGG	INDEL	chr21	chr21_operon_56	5559767	5573111	49	5853	5565619	ITS1_repeat_region
6000	C	T	C	SNP	chr21	chr21_operon_56	5559767	5573111	49	5951	5565717	ITS1_repeat_region
6115	G	GC	G-	INDEL	chr21	chr21_operon_56	5559767	5573111	49	6066	5565832	ITS1_repeat_region
6228	T	TC	T-	INDEL	chr21	chr21_operon_56	5559767	5573111	50	6178	5565944	ITS1_repeat_region
6247	G	A	G	SNP	chr21	chr21_operon_56	5559767	5573111	51	6196	5565962	ITS1_repeat_region
6306	C	A	A	SNP	chr21	chr21_operon_56	5559767	5573111	51	6255	5566021	ITS1_repeat_region
6307	C	CT	C-	INDEL	chr21	chr21_operon_56	5559767	5573111	51	6256	5566022	ITS1_repeat_region
6317	G	C	G	SNP	chr21	chr21_operon_56	5559767	5573111	52	6265	5566031	ITS1_repeat_region
6334	T	G	T	SNP	chr21	chr21_operon_56	5559767	5573111	52	6282	5566048	ITS1_repeat_region
6340	C	T	C	SNP	chr21	chr21_operon_56	5559767	5573111	52	6288	5566054	ITS1_repeat_region
6551	G	-	G	INDEL	chr21	chr21_operon_56	5559767	5573111	52	6499	5566265	ITS1_repeat_region
6552	G	-/C	C	SNP	chr21	chr21_operon_56	5559767	5573111	52	6500	5566266	ITS1_repeat_region
6557	C	TTG/GGC/T/GGG/G	TTG	INDEL	chr21	chr21_operon_56	5559767	5573111	52	6505	5566271	ITS1_repeat_region
6560	G	T	G	SNP	chr21	chr21_operon_56	5559767	5573111	52	6508	5566274	ITS1_repeat_region
6915	T	C	T	SNP	chr21	chr21_operon_56	5559767	5573111	52	6863	5566629	ITS2
6919	G	A	G	SNP	chr21	chr21_operon_56	5559767	5573111	52	6867	5566633	ITS2
6930	C	T	C	SNP	chr21	chr21_operon_56	5559767	5573111	52	6878	5566644	ITS2
6942	C	T	C	SNP	chr21	chr21_operon_56	5559767	5573111	52	6890	5566656	ITS2
6943	T	TC	TC	INDEL	chr21	chr21_operon_56	5559767	5573111	52	6891	5566657	ITS2
7195	C	CCGT	C---	INDEL	chr21	chr21_operon_56	5559767	5573111	52	7143	5566909	ITS2
7289	A	C	A	SNP	chr21	chr21_operon_56	5559767	5573111	55	7234	5567000	ITS2
7406	C	-	-	INDEL	chr21	chr21_operon_56	5559767	5573111	55	7351	5567117	ITS2
7428	G	GC	G-	INDEL	chr21	chr21_operon_56	5559767	5573111	56	7372	5567138	ITS2
7434	G	C	C	SNP	chr21	chr21_operon_56	5559767	5573111	57	7377	5567143	ITS2
7549	T	C	T	SNP	chr21	chr21_operon_56	5559767	5573111	57	7492	5567258	ITS2
7699	C	T	C	SNP	chr21	chr21_operon_56	5559767	5573111	57	7642	5567408	ITS2
7790	T	G	T	SNP	chr21	chr21_operon_56	5559767	5573111	57	7733	5567499	ITS2
7810	C	T	C	SNP	chr21	chr21_operon_56	5559767	5573111	57	7753	5567519	ITS2
7829	T	C	T	SNP	chr21	chr21_operon_56	5559767	5573111	57	7772	5567538	ITS2
7833	C	G	G	SNP	chr21	chr21_operon_56	5559767	5573111	57	7776	5567542	ITS2
7842	G	GC	GC	INDEL	chr21	chr21_operon_56	5559767	5573111	57	7785	5567551	ITS2
8024	A	G	G	SNP	chr21	chr21_operon_56	5559767	5573111	57	7967	5567733	28S
8622	C	G	C	SNP	chr21	chr21_operon_56	5559767	5573111	57	8565	5568331	28S
8728	CCGT	-	CCGT	INDEL	chr21	chr21_operon_56	5559767	5573111	57	8671	5568437	28S
8746	G	/GT	GT	INDEL	chr21	chr21_operon_56	5559767	5573111	57	8689	5568455	28S
8748	T	C/-	C	SNP	chr21	chr21_operon_56	5559767	5573111	57	8691	5568457	28S
8749	C	-	C	INDEL	chr21	chr21_operon_56	5559767	5573111	57	8692	5568458	28S
8750	C	G/-	-	SNP	chr21	chr21_operon_56	5559767	5573111	57	8693	5568459	28S
8813	GGC	-	---	INDEL	chr21	chr21_operon_56	5559767	5573111	58	8755	5568521	28S
8816	GGC	-	---	INDEL	chr21	chr21_operon_56	5559767	5573111	61	8755	5568521	28S
8827	T	CGGT/C	C---	INDEL	chr21	chr21_operon_56	5559767	5573111	64	8763	5568529	28S
8831	GGC	-	GGC	INDEL	chr21	chr21_operon_56	5559767	5573111	67	8764	5568530	28S
8836	C	CGGT/T/TGGC/CGGC	TGGC	INDEL	chr21	chr21_operon_56	5559767	5573111	67	8769	5568535	28S
8842	C	T	C	SNP	chr21	chr21_operon_56	5559767	5573111	67	8775	5568541	28S
8846	GG	-	GG	INDEL	chr21	chr21_operon_56	5559767	5573111	67	8779	5568545	28S
8848	C	/CGGG/CGGC	CGGC	INDEL	chr21	chr21_operon_56	5559767	5573111	67	8781	5568547	28S
8867	A	AC	AC	INDEL	chr21	chr21_operon_56	5559767	5573111	67	8800	5568566	28S
8886	G	GC	G-	INDEL	chr21	chr21_operon_56	5559767	5573111	67	8819	5568585	28S
9108	G	T	G	SNP	chr21	chr21_operon_56	5559767	5573111	68	9040	5568806	28S
9120	C	T	C	SNP	chr21	chr21_operon_56	5559767	5573111	68	9052	5568818	28S
9186	G	-	-	INDEL	chr21	chr21_operon_56	5559767	5573111	68	9118	5568884	28S
10121	G	GGGC/GGGCGGC	GGGCGGC	INDEL	chr21	chr21_operon_56	5559767	5573111	69	10052	5569818	28S
10128	GGC	-	GGC	INDEL	chr21	chr21_operon_56	5559767	5573111	69	10059	5569825	28S
10137	GGCG	-	GGCG	INDEL	chr21	chr21_operon_56	5559767	5573111	69	10068	5569834	28S
10141	G	GC/	GC	INDEL	chr21	chr21_operon_56	5559767	5573111	69	10072	5569838	28S
10143	C	-/G	G	SNP	chr21	chr21_operon_56	5559767	5573111	69	10074	5569840	28S
10144	G	-	G	INDEL	chr21	chr21_operon_56	5559767	5573111	69	10075	5569841	28S
10145	G	-/C	C	SNP	chr21	chr21_operon_56	5559767	5573111	69	10076	5569842	28S
10149	T	G	G	SNP	chr21	chr21_operon_56	5559767	5573111	69	10080	5569846	28S
10153	T	-	T	INDEL	chr21	chr21_operon_56	5559767	5573111	69	10084	5569850	28S
10155	G	T	G	SNP	chr21	chr21_operon_56	5559767	5573111	69	10086	5569852	28S
10157	G	T	G	SNP	chr21	chr21_operon_56	5559767	5573111	69	10088	5569854	28S
10158	T	G/C	T	SNP	chr21	chr21_operon_56	5559767	5573111	69	10089	5569855	28S
10159	C	-	C	INDEL	chr21	chr21_operon_56	5559767	5573111	69	10090	5569856	28S
10160	C	T/G	C	SNP	chr21	chr21_operon_56	5559767	5573111	69	10091	5569857	28S
10161	T	-	T	INDEL	chr21	chr21_operon_56	5559767	5573111	69	10092	5569858	28S
10162	C	T/-	T	SNP	chr21	chr21_operon_56	5559767	5573111	69	10093	5569859	28S
10163	C	-	C	INDEL	chr21	chr21_operon_56	5559767	5573111	69	10094	5569860	28S
10164	C	TCCC/CCC/CCCG/CCCC	CCCC	INDEL	chr21	chr21_operon_56	5559767	5573111	69	10095	5569861	28S
10168	C	-/G	G	SNP	chr21	chr21_operon_56	5559767	5573111	69	10099	5569865	28S
10169	C	-	-	INDEL	chr21	chr21_operon_56	5559767	5573111	69	10100	5569866	28S
10170	G	CCC/GCC/GC/CC/C	CCC	INDEL	chr21	chr21_operon_56	5559767	5573111	70	10100	5569866	28S
10399	G	GTT	G--	INDEL	chr21	chr21_operon_56	5559767	5573111	70	10329	5570095	28S
10447	T	C	C	SNP	chr21	chr21_operon_56	5559767	5573111	72	10375	5570141	28S
10942	G	GC	G-	INDEL	chr21	chr21_operon_56	5559767	5573111	72	10870	5570636	28S
10979	T	C	C	SNP	chr21	chr21_operon_56	5559767	5573111	73	10906	5570672	28S
11019	A	G	G	SNP	chr21	chr21_operon_56	5559767	5573111	73	10946	5570712	28S
11028	C	CCTCT/CCT	C----	INDEL	chr21	chr21_operon_56	5559767	5573111	73	10955	5570721	28S
11108	G	GGA	G--	INDEL	chr21	chr21_operon_56	5559767	5573111	77	11031	5570797	28S
11126	G	T	G	SNP	chr21	chr21_operon_56	5559767	5573111	79	11047	5570813	28S
11143	G	GC	G-	INDEL	chr21	chr21_operon_56	5559767	5573111	79	11064	5570830	28S
11145	CCGCCGCGGGGCCCCGGCGGCGGGGG	-	CCGCCGCGGGGCCCCGGCGGCGGGGG	INDEL	chr21	chr21_operon_56	5559767	5573111	80	11065	5570831	28S
11316	C	-	-	INDEL	chr21	chr21_operon_56	5559767	5573111	80	11236	5571002	28S
11320	C	CCCC/CCCCCA/CC/CCCCA	CCCCCA	INDEL	chr21	chr21_operon_56	5559767	5573111	81	11239	5571005	28S
11336	A	G	A	SNP	chr21	chr21_operon_56	5559767	5573111	81	11255	5571021	28S
11398	C	T	C	SNP	chr21	chr21_operon_56	5559767	5573111	81	11317	5571083	28S
11476	C	CGCG/CGCGGCGGCG/CGCGGCG	CGCGGCGGCG	INDEL	chr21	chr21_operon_56	5559767	5573111	81	11395	5571161	28S
11492	GCGGCGGC	-	GCGGCGGC	INDEL	chr21	chr21_operon_56	5559767	5573111	81	11411	5571177	28S
11500	G	A/-	A	SNP	chr21	chr21_operon_56	5559767	5573111	81	11419	5571185	28S
11891	G	-	G	INDEL	chr21	chr21_operon_56	5559767	5573111	81	11810	5571576	28S
11979	C	T	C	SNP	chr21	chr21_operon_56	5559767	5573111	81	11898	5571664	28S
12345	T	TTTTGGG	T------	INDEL	chr21	chr21_operon_56	5559767	5573111	81	12264	5572030	28S
12797	G	GC/GCC	GC-	INDEL	chr21	chr21_operon_56	5559767	5573111	87	12710	5572476	28S
12811	A	G	A	SNP	chr21	chr21_operon_56	5559767	5573111	88	12723	5572489	28S
12821	C	T	C	SNP	chr21	chr21_operon_56	5559767	5573111	88	12733	5572499	28S
12907	T	C	C	SNP	chr21	chr21_operon_56	5559767	5573111	88	12819	5572585	28S
13072	CG	-	CG	INDEL	chr21	chr21_operon_56	5559767	5573111	88	12984	5572750	28S
13074	CG	-	CG	INDEL	chr21	chr21_operon_56	5559767	5573111	88	12986	5572752	ETS_3p
13076	CGCG	-	CGCG	INDEL	chr21	chr21_operon_56	5559767	5573111	88	12988	5572754	ETS_3p
13080	C	CGCGC	CGCGC	INDEL	chr21	chr21_operon_56	5559767	5573111	88	12992	5572758	ETS_3p
13085	GCGC	-	----	INDEL	chr21	chr21_operon_56	5559767	5573111	88	12997	5572763	ETS_3p
13089	GCGCGT	-	GCGCGT	INDEL	chr21	chr21_operon_56	5559767	5573111	92	12997	5572763	ETS_3p
13201	T	TGGG/TGG/TGGGGGTGGGG	T----------	INDEL	chr21	chr21_operon_56	5559767	5573111	92	13109	5572875	ETS_3p
13415	T	TG	T-	INDEL	chr21	chr21_operon_56	5559767	5573111	102	13313	5573079	ETS_3p
7	A	G	A	SNP	chr22	chr22_operon_1	4797629	4810993	0	7	4797635	ETS_5p
139	T	C	C	SNP	chr22	chr22_operon_1	4797629	4810993	0	139	4797767	ETS_5p
640	G	T	G	SNP	chr22	chr22_operon_1	4797629	4810993	0	640	4798268	ETS_5p
777	C	CGG	C--	INDEL	chr22	chr22_operon_1	4797629	4810993	0	777	4798405	ETS_5p
965	G	A	A	SNP	chr22	chr22_operon_1	4797629	4810993	2	963	4798591	ETS_5p
1293	C	G	C	SNP	chr22	chr22_operon_1	4797629	4810993	2	1291	4798919	ETS_5p
1327	C	T	C	SNP	chr22	chr22_operon_1	4797629	4810993	2	1325	4798953	ETS_5p
1512	G	GT	GT	INDEL	chr22	chr22_operon_1	4797629	4810993	2	1510	4799138	ETS_5p
1641	T	TC	TC	INDEL	chr22	chr22_operon_1	4797629	4810993	2	1639	4799267	ETS_5p
1687	G	GT	GT	INDEL	chr22	chr22_operon_1	4797629	4810993	2	1685	4799313	ETS_5p
1761	T	C	C	SNP	chr22	chr22_operon_1	4797629	4810993	2	1759	4799387	ETS_5p
1949	G	C	C	SNP	chr22	chr22_operon_1	4797629	4810993	2	1947	4799575	ETS_5p
1950	T	G	G	SNP	chr22	chr22_operon_1	4797629	4810993	2	1948	4799576	ETS_5p
2104	C	T	C	SNP	chr22	chr22_operon_1	4797629	4810993	2	2102	4799730	ETS_5p
2149	G	C	C	SNP	chr22	chr22_operon_1	4797629	4810993	2	2147	4799775	ETS_5p
2204	T	TCGCC	T----	INDEL	chr22	chr22_operon_1	4797629	4810993	2	2202	4799830	ETS_5p
2293	T	C	T	SNP	chr22	chr22_operon_1	4797629	4810993	6	2287	4799915	ETS_5p
2347	A	G	G	SNP	chr22	chr22_operon_1	4797629	4810993	6	2341	4799969	ETS_5p
2372	C	G	C	SNP	chr22	chr22_operon_1	4797629	4810993	6	2366	4799994	ETS_5p
2398	CGGTGGCGCCCCGCGTGGGGCC	-	CGGTGGCGCCCCGCGTGGGGCC	INDEL	chr22	chr22_operon_1	4797629	4810993	6	2392	4800020	ETS_5p
2432	C	A	C	SNP	chr22	chr22_operon_1	4797629	4810993	6	2426	4800054	ETS_5p
2501	T	TGCG/C	T---	INDEL	chr22	chr22_operon_1	4797629	4810993	6	2495	4800123	ETS_5p
2605	T	C	T	SNP	chr22	chr22_operon_1	4797629	4810993	9	2596	4800224	ETS_5p
2632	A	C	C	SNP	chr22	chr22_operon_1	4797629	4810993	9	2623	4800251	ETS_5p
2844	C	T	C	SNP	chr22	chr22_operon_1	4797629	4810993	9	2835	4800463	ETS_5p
3035	G	T	G	SNP	chr22	chr22_operon_1	4797629	4810993	9	3026	4800654	ETS_5p
3062	C	CG	CG	INDEL	chr22	chr22_operon_1	4797629	4810993	9	3053	4800681	ETS_5p
3219	C	A	C	SNP	chr22	chr22_operon_1	4797629	4810993	9	3210	4800838	ETS_5p
3313	CG	-	CG	INDEL	chr22	chr22_operon_1	4797629	4810993	9	3304	4800932	ETS_5p
3398	A	G	G	SNP	chr22	chr22_operon_1	4797629	4810993	9	3389	4801017	ETS_5p
3536	CCCGT	-	CCCGT	INDEL	chr22	chr22_operon_1	4797629	4810993	9	3527	4801155	ETS_5p
3541	CCGC	-	CCGC	INDEL	chr22	chr22_operon_1	4797629	4810993	9	3532	4801160	ETS_5p
3545	CCGTCC	-	CCGTCC	INDEL	chr22	chr22_operon_1	4797629	4810993	9	3536	4801164	ETS_5p
3551	GCGG	-	GCGG	INDEL	chr22	chr22_operon_1	4797629	4810993	9	3542	4801170	ETS_5p
3555	C	-/G	C	SNP	chr22	chr22_operon_1	4797629	4810993	9	3546	4801174	ETS_5p
3556	C	-	C	INDEL	chr22	chr22_operon_1	4797629	4810993	9	3547	4801175	ETS_5p
3557	C	G/-	C	SNP	chr22	chr22_operon_1	4797629	4810993	9	3548	4801176	ETS_5p
3558	G	-	G	INDEL	chr22	chr22_operon_1	4797629	4810993	9	3549	4801177	ETS_5p
3559	T	-/C	T	SNP	chr22	chr22_operon_1	4797629	4810993	9	3550	4801178	ETS_5p
3560	CCG	-	CCG	INDEL	chr22	chr22_operon_1	4797629	4810993	9	3551	4801179	ETS_5p
3563	T	-/C	T	SNP	chr22	chr22_operon_1	4797629	4810993	9	3554	4801182	ETS_5p
3654	C	A	C	SNP	chr22	chr22_operon_1	4797629	4810993	9	3645	4801273	ETS_5p
3666	T	-	T	INDEL	chr22	chr22_operon_1	4797629	4810993	9	3657	4801285	ETS_5p
4926	G	GGAA	G---	INDEL	chr22	chr22_operon_1	4797629	4810993	9	4917	4802545	18S
5572	G	GCGC	GCGC	INDEL	chr22	chr22_operon_1	4797629	4810993	12	5560	4803188	ITS1_repeat_region
5627	GCGCGT	-	GCGCGT	INDEL	chr22	chr22_operon_1	4797629	4810993	12	5615	4803243	ITS1_repeat_region
5661	T	C	T	SNP	chr22	chr22_operon_1	4797629	4810993	12	5649	4803277	ITS1_repeat_region
5669	C	CTCGT	C----	INDEL	chr22	chr22_operon_1	4797629	4810993	12	5657	4803285	ITS1_repeat_region
5717	A	G	A	SNP	chr22	chr22_operon_1	4797629	4810993	16	5701	4803329	ITS1_repeat_region
5735	G	-	G	INDEL	chr22	chr22_operon_1	4797629	4810993	16	5719	4803347	ITS1_repeat_region
5736	G	/GGA/GGAGA/AGAGA/GGGGA/GGAGAGAGA/GGAGAGA	G--------	INDEL	chr22	chr22_operon_1	4797629	4810993	16	5720	4803348	ITS1_repeat_region
5745	G	-	G	INDEL	chr22	chr22_operon_1	4797629	4810993	24	5721	4803349	ITS1_repeat_region
5746	A	-/G	A	SNP	chr22	chr22_operon_1	4797629	4810993	24	5722	4803350	ITS1_repeat_region
5747	GA	-	GA	INDEL	chr22	chr22_operon_1	4797629	4810993	24	5723	4803351	ITS1_repeat_region
5749	GA	-	GA	INDEL	chr22	chr22_operon_1	4797629	4810993	24	5725	4803353	ITS1_repeat_region
5751	G	-/C	G	SNP	chr22	chr22_operon_1	4797629	4810993	24	5727	4803355	ITS1_repeat_region
5752	A	-	A	INDEL	chr22	chr22_operon_1	4797629	4810993	24	5728	4803356	ITS1_repeat_region
5753	GA	-	GA	INDEL	chr22	chr22_operon_1	4797629	4810993	24	5729	4803357	ITS1_repeat_region
5756	A	T	A	SNP	chr22	chr22_operon_1	4797629	4810993	24	5732	4803360	ITS1_repeat_region
5758	A	G	A	SNP	chr22	chr22_operon_1	4797629	4810993	24	5734	4803362	ITS1_repeat_region
5760	AGA	-	AGA	INDEL	chr22	chr22_operon_1	4797629	4810993	24	5736	4803364	ITS1_repeat_region
5763	G	A/-	G	SNP	chr22	chr22_operon_1	4797629	4810993	24	5739	4803367	ITS1_repeat_region
5764	A	-	A	INDEL	chr22	chr22_operon_1	4797629	4810993	24	5740	4803368	ITS1_repeat_region
5765	A	G/-	G	SNP	chr22	chr22_operon_1	4797629	4810993	24	5741	4803369	ITS1_repeat_region
5837	A	C	C	SNP	chr22	chr22_operon_1	4797629	4810993	24	5813	4803441	ITS1_repeat_region
5850	G	A	G	SNP	chr22	chr22_operon_1	4797629	4810993	24	5826	4803454	ITS1_repeat_region
5902	T	TGG/TG	TG-	INDEL	chr22	chr22_operon_1	4797629	4810993	24	5878	4803506	ITS1_repeat_region
6000	C	T	C	SNP	chr22	chr22_operon_1	4797629	4810993	25	5975	4803603	ITS1_repeat_region
6115	G	GC	G-	INDEL	chr22	chr22_operon_1	4797629	4810993	25	6090	4803718	ITS1_repeat_region
6228	T	TC	T-	INDEL	chr22	chr22_operon_1	4797629	4810993	26	6202	4803830	ITS1_repeat_region
6247	G	A	G	SNP	chr22	chr22_operon_1	4797629	4810993	27	6220	4803848	ITS1_repeat_region
6306	C	A	C	SNP	chr22	chr22_operon_1	4797629	4810993	27	6279	4803907	ITS1_repeat_region
6307	C	CT	C-	INDEL	chr22	chr22_operon_1	4797629	4810993	27	6280	4803908	ITS1_repeat_region
6317	G	C	G	SNP	chr22	chr22_operon_1	4797629	4810993	28	6289	4803917	ITS1_repeat_region
6334	T	G	G	SNP	chr22	chr22_operon_1	4797629	4810993	28	6306	4803934	ITS1_repeat_region
6340	C	T	C	SNP	chr22	chr22_operon_1	4797629	4810993	28	6312	4803940	ITS1_repeat_region
6551	G	-	G	INDEL	chr22	chr22_operon_1	4797629	4810993	28	6523	4804151	ITS1_repeat_region
6552	G	-/C	G	SNP	chr22	chr22_operon_1	4797629	4810993	28	6524	4804152	ITS1_repeat_region
6557	C	TTG/GGC/T/GGG/G	C--	INDEL	chr22	chr22_operon_1	4797629	4810993	28	6529	4804157	ITS1_repeat_region
6560	G	T	G	SNP	chr22	chr22_operon_1	4797629	4810993	30	6530	4804158	ITS1_repeat_region
6915	T	C	T	SNP	chr22	chr22_operon_1	4797629	4810993	30	6885	4804513	ITS2
6919	G	A	G	SNP	chr22	chr22_operon_1	4797629	4810993	30	6889	4804517	ITS2
6930	C	T	C	SNP	chr22	chr22_operon_1	4797629	4810993	30	6900	4804528	ITS2
6942	C	T	C	SNP	chr22	chr22_operon_1	4797629	4810993	30	6912	4804540	ITS2
6943	T	TC	TC	INDEL	chr22	chr22_operon_1	4797629	4810993	30	6913	4804541	ITS2
7195	C	CCGT	C---	INDEL	chr22	chr22_operon_1	4797629	4810993	30	7165	4804793	ITS2
7289	A	C	C	SNP	chr22	chr22_operon_1	4797629	4810993	33	7256	4804884	ITS2
7406	C	-	-	INDEL	chr22	chr22_operon_1	4797629	4810993	33	7373	4805001	ITS2
7428	G	GC	G-	INDEL	chr22	chr22_operon_1	4797629	4810993	34	7394	4805022	ITS2
7434	G	C	G	SNP	chr22	chr22_operon_1	4797629	4810993	35	7399	4805027	ITS2
7549	T	C	T	SNP	chr22	chr22_operon_1	4797629	4810993	35	7514	4805142	ITS2
7699	C	T	C	SNP	chr22	chr22_operon_1	4797629	4810993	35	7664	4805292	ITS2
7790	T	G	T	SNP	chr22	chr22_operon_1	4797629	4810993	35	7755	4805383	ITS2
7810	C	T	C	SNP	chr22	chr22_operon_1	4797629	4810993	35	7775	4805403	ITS2
7829	T	C	C	SNP	chr22	chr22_operon_1	4797629	4810993	35	7794	4805422	ITS2
7833	C	G	G	SNP	chr22	chr22_operon_1	4797629	4810993	35	7798	4805426	ITS2
7842	G	GC	GC	INDEL	chr22	chr22_operon_1	4797629	4810993	35	7807	4805435	ITS2
8024	A	G	G	SNP	chr22	chr22_operon_1	4797629	4810993	35	7989	4805617	28S
8622	C	G	C	SNP	chr22	chr22_operon_1	4797629	4810993	35	8587	4806215	28S
8728	CCGT	-	CCGT	INDEL	chr22	chr22_operon_1	4797629	4810993	35	8693	4806321	28S
8746	G	/GT	G-	INDEL	chr22	chr22_operon_1	4797629	4810993	35	8711	4806339	28S
8748	T	C/-	T	SNP	chr22	chr22_operon_1	4797629	4810993	36	8712	4806340	28S
8749	C	-	C	INDEL	chr22	chr22_operon_1	4797629	4810993	36	8713	4806341	28S
8750	C	G/-	C	SNP	chr22	chr22_operon_1	4797629	4810993	36	8714	4806342	28S
8813	GGC	-	GGC	INDEL	chr22	chr22_operon_1	4797629	4810993	36	8777	4806405	28S
8816	GGC	-	GGC	INDEL	chr22	chr22_operon_1	4797629	4810993	36	8780	4806408	28S
8827	T	CGGT/C	C---	INDEL	chr22	chr22_operon_1	4797629	4810993	36	8791	4806419	28S
8831	GGC	-	GGC	INDEL	chr22	chr22_operon_1	4797629	4810993	39	8792	4806420	28S
8836	C	CGGT/T/TGGC/CGGC	CGGT	INDEL	chr22	chr22_operon_1	4797629	4810993	39	8797	4806425	28S
8842	C	T	C	SNP	chr22	chr22_operon_1	4797629	4810993	39	8803	4806431	28S
8846	GG	-	GG	INDEL	chr22	chr22_operon_1	4797629	4810993	39	8807	4806435	28S
8848	C	/CGGG/CGGC	C---	INDEL	chr22	chr22_operon_1	4797629	4810993	39	8809	4806437	28S
8867	A	AC	AC	INDEL	chr22	chr22_operon_1	4797629	4810993	42	8825	4806453	28S
8886	G	GC	G-	INDEL	chr22	chr22_operon_1	4797629	4810993	42	8844	4806472	28S
9108	G	T	G	SNP	chr22	chr22_operon_1	4797629	4810993	43	9065	4806693	28S
9120	C	T	C	SNP	chr22	chr22_operon_1	4797629	4810993	43	9077	4806705	28S
9186	G	-	-	INDEL	chr22	chr22_operon_1	4797629	4810993	43	9143	4806771	28S
10121	G	GGGC/GGGCGGC	GGGCGGC	INDEL	chr22	chr22_operon_1	4797629	4810993	44	10077	4807705	28S
10128	GGC	-	GGC	INDEL	chr22	chr22_operon_1	4797629	4810993	44	10084	4807712	28S
10137	GGCG	-	GGCG	INDEL	chr22	chr22_operon_1	4797629	4810993	44	10093	4807721	28S
10141	G	GC/	G-	INDEL	chr22	chr22_operon_1	4797629	4810993	44	10097	4807725	28S
10143	C	-/G	C	SNP	chr22	chr22_operon_1	4797629	4810993	45	10098	4807726	28S
10144	G	-	G	INDEL	chr22	chr22_operon_1	4797629	4810993	45	10099	4807727	28S
10145	G	-/C	G	SNP	chr22	chr22_operon_1	4797629	4810993	45	10100	4807728	28S
10149	T	G	T	SNP	chr22	chr22_operon_1	4797629	4810993	45	10104	4807732	28S
10153	T	-	-	INDEL	chr22	chr22_operon_1	4797629	4810993	45	10108	4807736	28S
10155	G	T	G	SNP	chr22	chr22_operon_1	4797629	4810993	46	10109	4807737	28S
10157	G	T	T	SNP	chr22	chr22_operon_1	4797629	4810993	46	10111	4807739	28S
10158	T	G/C	C	SNP	chr22	chr22_operon_1	4797629	4810993	46	10112	4807740	28S
10159	C	-	C	INDEL	chr22	chr22_operon_1	4797629	4810993	46	10113	4807741	28S
10160	C	T/G	T	SNP	chr22	chr22_operon_1	4797629	4810993	46	10114	4807742	28S
10161	T	-	T	INDEL	chr22	chr22_operon_1	4797629	4810993	46	10115	4807743	28S
10162	C	T/-	C	SNP	chr22	chr22_operon_1	4797629	4810993	46	10116	4807744	28S
10163	C	-	C	INDEL	chr22	chr22_operon_1	4797629	4810993	46	10117	4807745	28S
10164	C	TCCC/CCC/CCCG/CCCC	C---	INDEL	chr22	chr22_operon_1	4797629	4810993	46	10118	4807746	28S
10168	C	-/G	C	SNP	chr22	chr22_operon_1	4797629	4810993	49	10119	4807747	28S
10169	C	-	C	INDEL	chr22	chr22_operon_1	4797629	4810993	49	10120	4807748	28S
10170	G	CCC/GCC/GC/CC/C	GCC	INDEL	chr22	chr22_operon_1	4797629	4810993	49	10121	4807749	28S
10399	G	GTT	G--	INDEL	chr22	chr22_operon_1	4797629	4810993	49	10350	4807978	28S
10447	T	C	C	SNP	chr22	chr22_operon_1	4797629	4810993	51	10396	4808024	28S
10942	G	GC	G-	INDEL	chr22	chr22_operon_1	4797629	4810993	51	10891	4808519	28S
10979	T	C	T	SNP	chr22	chr22_operon_1	4797629	4810993	52	10927	4808555	28S
11019	A	G	A	SNP	chr22	chr22_operon_1	4797629	4810993	52	10967	4808595	28S
11028	C	CCTCT/CCT	CCT--	INDEL	chr22	chr22_operon_1	4797629	4810993	52	10976	4808604	28S
11108	G	GGA	G--	INDEL	chr22	chr22_operon_1	4797629	4810993	54	11054	4808682	28S
11126	G	T	G	SNP	chr22	chr22_operon_1	4797629	4810993	56	11070	4808698	28S
11143	G	GC	GC	INDEL	chr22	chr22_operon_1	4797629	4810993	56	11087	4808715	28S
11145	CCGCCGCGGGGCCCCGGCGGCGGGGG	-	CCGCCGCGGGGCCCCGGCGGCGGGGG	INDEL	chr22	chr22_operon_1	4797629	4810993	56	11089	4808717	28S
11316	C	-	-	INDEL	chr22	chr22_operon_1	4797629	4810993	56	11260	4808888	28S
11320	C	CCCC/CCCCCA/CC/CCCCA	CCCCCA	INDEL	chr22	chr22_operon_1	4797629	4810993	57	11263	4808891	28S
11336	A	G	G	SNP	chr22	chr22_operon_1	4797629	4810993	57	11279	4808907	28S
11398	C	T	C	SNP	chr22	chr22_operon_1	4797629	4810993	57	11341	4808969	28S
11476	C	CGCG/CGCGGCGGCG/CGCGGCG	CGCGGCG---	INDEL	chr22	chr22_operon_1	4797629	4810993	57	11419	4809047	28S
11492	GCGGCGGC	-	GCGGCGGC	INDEL	chr22	chr22_operon_1	4797629	4810993	60	11432	4809060	28S
11500	G	A/-	A	SNP	chr22	chr22_operon_1	4797629	4810993	60	11440	4809068	28S
11891	G	-	G	INDEL	chr22	chr22_operon_1	4797629	4810993	60	11831	4809459	28S
11979	C	T	T	SNP	chr22	chr22_operon_1	4797629	4810993	60	11919	4809547	28S
12345	T	TTTTGGG	T------	INDEL	chr22	chr22_operon_1	4797629	4810993	60	12285	4809913	28S
12797	G	GC/GCC	G--	INDEL	chr22	chr22_operon_1	4797629	4810993	66	12731	4810359	28S
12811	A	G	A	SNP	chr22	chr22_operon_1	4797629	4810993	68	12743	4810371	28S
12821	C	T	C	SNP	chr22	chr22_operon_1	4797629	4810993	68	12753	4810381	28S
12907	T	C	C	SNP	chr22	chr22_operon_1	4797629	4810993	68	12839	4810467	28S
13072	CG	-	CG	INDEL	chr22	chr22_operon_1	4797629	4810993	68	13004	4810632	28S
13074	CG	-	CG	INDEL	chr22	chr22_operon_1	4797629	4810993	68	13006	4810634	ETS_3p
13076	CGCG	-	CGCG	INDEL	chr22	chr22_operon_1	4797629	4810993	68	13008	4810636	ETS_3p
13080	C	CGCGC	C----	INDEL	chr22	chr22_operon_1	4797629	4810993	68	13012	4810640	ETS_3p
13085	GCGC	-	GCGC	INDEL	chr22	chr22_operon_1	4797629	4810993	72	13013	4810641	ETS_3p
13089	GCGCGT	-	GCGCGT	INDEL	chr22	chr22_operon_1	4797629	4810993	72	13017	4810645	ETS_3p
13201	T	TGGG/TGG/TGGGGGTGGGG	T----------	INDEL	chr22	chr22_operon_1	4797629	4810993	72	13129	4810757	ETS_3p
13415	T	TG	T-	INDEL	chr22	chr22_operon_1	4797629	4810993	82	13333	4810961	ETS_3p
7	A	G	A	SNP	chr22	chr22_operon_18	5534999	5548371	0	7	5535005	ETS_5p
139	T	C	C	SNP	chr22	chr22_operon_18	5534999	5548371	0	139	5535137	ETS_5p
640	G	T	G	SNP	chr22	chr22_operon_18	5534999	5548371	0	640	5535638	ETS_5p
777	C	CGG	C--	INDEL	chr22	chr22_operon_18	5534999	5548371	0	777	5535775	ETS_5p
965	G	A	A	SNP	chr22	chr22_operon_18	5534999	5548371	2	963	5535961	ETS_5p
1293	C	G	C	SNP	chr22	chr22_operon_18	5534999	5548371	2	1291	5536289	ETS_5p
1327	C	T	C	SNP	chr22	chr22_operon_18	5534999	5548371	2	1325	5536323	ETS_5p
1512	G	GT	GT	INDEL	chr22	chr22_operon_18	5534999	5548371	2	1510	5536508	ETS_5p
1641	T	TC	TC	INDEL	chr22	chr22_operon_18	5534999	5548371	2	1639	5536637	ETS_5p
1687	G	GT	GT	INDEL	chr22	chr22_operon_18	5534999	5548371	2	1685	5536683	ETS_5p
1761	T	C	C	SNP	chr22	chr22_operon_18	5534999	5548371	2	1759	5536757	ETS_5p
1949	G	C	C	SNP	chr22	chr22_operon_18	5534999	5548371	2	1947	5536945	ETS_5p
1950	T	G	G	SNP	chr22	chr22_operon_18	5534999	5548371	2	1948	5536946	ETS_5p
2104	C	T	C	SNP	chr22	chr22_operon_18	5534999	5548371	2	2102	5537100	ETS_5p
2149	G	C	C	SNP	chr22	chr22_operon_18	5534999	5548371	2	2147	5537145	ETS_5p
2204	T	TCGCC	T----	INDEL	chr22	chr22_operon_18	5534999	5548371	2	2202	5537200	ETS_5p
2293	T	C	T	SNP	chr22	chr22_operon_18	5534999	5548371	6	2287	5537285	ETS_5p
2347	A	G	G	SNP	chr22	chr22_operon_18	5534999	5548371	6	2341	5537339	ETS_5p
2372	C	G	C	SNP	chr22	chr22_operon_18	5534999	5548371	6	2366	5537364	ETS_5p
2398	CGGTGGCGCCCCGCGTGGGGCC	-	CGGTGGCGCCCCGCGTGGGGCC	INDEL	chr22	chr22_operon_18	5534999	5548371	6	2392	5537390	ETS_5p
2432	C	A	C	SNP	chr22	chr22_operon_18	5534999	5548371	6	2426	5537424	ETS_5p
2501	T	TGCG/C	T---	INDEL	chr22	chr22_operon_18	5534999	5548371	6	2495	5537493	ETS_5p
2605	T	C	T	SNP	chr22	chr22_operon_18	5534999	5548371	9	2596	5537594	ETS_5p
2632	A	C	C	SNP	chr22	chr22_operon_18	5534999	5548371	9	2623	5537621	ETS_5p
2844	C	T	C	SNP	chr22	chr22_operon_18	5534999	5548371	9	2835	5537833	ETS_5p
3035	G	T	G	SNP	chr22	chr22_operon_18	5534999	5548371	9	3026	5538024	ETS_5p
3062	C	CG	CG	INDEL	chr22	chr22_operon_18	5534999	5548371	9	3053	5538051	ETS_5p
3219	C	A	C	SNP	chr22	chr22_operon_18	5534999	5548371	9	3210	5538208	ETS_5p
3313	CG	-	CG	INDEL	chr22	chr22_operon_18	5534999	5548371	9	3304	5538302	ETS_5p
3398	A	G	G	SNP	chr22	chr22_operon_18	5534999	5548371	9	3389	5538387	ETS_5p
3536	CCCGT	-	CCCGT	INDEL	chr22	chr22_operon_18	5534999	5548371	9	3527	5538525	ETS_5p
3541	CCGC	-	CCGC	INDEL	chr22	chr22_operon_18	5534999	5548371	9	3532	5538530	ETS_5p
3545	CCGTCC	-	CCGTCC	INDEL	chr22	chr22_operon_18	5534999	5548371	9	3536	5538534	ETS_5p
3551	GCGG	-	GCGG	INDEL	chr22	chr22_operon_18	5534999	5548371	9	3542	5538540	ETS_5p
3555	C	-/G	C	SNP	chr22	chr22_operon_18	5534999	5548371	9	3546	5538544	ETS_5p
3556	C	-	C	INDEL	chr22	chr22_operon_18	5534999	5548371	9	3547	5538545	ETS_5p
3557	C	G/-	C	SNP	chr22	chr22_operon_18	5534999	5548371	9	3548	5538546	ETS_5p
3558	G	-	G	INDEL	chr22	chr22_operon_18	5534999	5548371	9	3549	5538547	ETS_5p
3559	T	-/C	T	SNP	chr22	chr22_operon_18	5534999	5548371	9	3550	5538548	ETS_5p
3560	CCG	-	CCG	INDEL	chr22	chr22_operon_18	5534999	5548371	9	3551	5538549	ETS_5p
3563	T	-/C	T	SNP	chr22	chr22_operon_18	5534999	5548371	9	3554	5538552	ETS_5p
3654	C	A	C	SNP	chr22	chr22_operon_18	5534999	5548371	9	3645	5538643	ETS_5p
3666	T	-	T	INDEL	chr22	chr22_operon_18	5534999	5548371	9	3657	5538655	ETS_5p
4926	G	GGAA	G---	INDEL	chr22	chr22_operon_18	5534999	5548371	9	4917	5539915	18S
5572	G	GCGC	GCGC	INDEL	chr22	chr22_operon_18	5534999	5548371	12	5560	5540558	ITS1_repeat_region
5627	GCGCGT	-	GCGCGT	INDEL	chr22	chr22_operon_18	5534999	5548371	12	5615	5540613	ITS1_repeat_region
5661	T	C	T	SNP	chr22	chr22_operon_18	5534999	5548371	12	5649	5540647	ITS1_repeat_region
5669	C	CTCGT	C----	INDEL	chr22	chr22_operon_18	5534999	5548371	12	5657	5540655	ITS1_repeat_region
5717	A	G	A	SNP	chr22	chr22_operon_18	5534999	5548371	16	5701	5540699	ITS1_repeat_region
5735	G	-	G	INDEL	chr22	chr22_operon_18	5534999	5548371	16	5719	5540717	ITS1_repeat_region
5736	G	/GGA/GGAGA/AGAGA/GGGGA/GGAGAGAGA/GGAGAGA	G--------	INDEL	chr22	chr22_operon_18	5534999	5548371	16	5720	5540718	ITS1_repeat_region
5745	G	-	G	INDEL	chr22	chr22_operon_18	5534999	5548371	24	5721	5540719	ITS1_repeat_region
5746	A	-/G	A	SNP	chr22	chr22_operon_18	5534999	5548371	24	5722	5540720	ITS1_repeat_region
5747	GA	-	GA	INDEL	chr22	chr22_operon_18	5534999	5548371	24	5723	5540721	ITS1_repeat_region
5749	GA	-	GA	INDEL	chr22	chr22_operon_18	5534999	5548371	24	5725	5540723	ITS1_repeat_region
5751	G	-/C	G	SNP	chr22	chr22_operon_18	5534999	5548371	24	5727	5540725	ITS1_repeat_region
5752	A	-	A	INDEL	chr22	chr22_operon_18	5534999	5548371	24	5728	5540726	ITS1_repeat_region
5753	GA	-	GA	INDEL	chr22	chr22_operon_18	5534999	5548371	24	5729	5540727	ITS1_repeat_region
5756	A	T	A	SNP	chr22	chr22_operon_18	5534999	5548371	24	5732	5540730	ITS1_repeat_region
5758	A	G	A	SNP	chr22	chr22_operon_18	5534999	5548371	24	5734	5540732	ITS1_repeat_region
5760	AGA	-	AGA	INDEL	chr22	chr22_operon_18	5534999	5548371	24	5736	5540734	ITS1_repeat_region
5763	G	A/-	G	SNP	chr22	chr22_operon_18	5534999	5548371	24	5739	5540737	ITS1_repeat_region
5764	A	-	A	INDEL	chr22	chr22_operon_18	5534999	5548371	24	5740	5540738	ITS1_repeat_region
5765	A	G/-	G	SNP	chr22	chr22_operon_18	5534999	5548371	24	5741	5540739	ITS1_repeat_region
5837	A	C	C	SNP	chr22	chr22_operon_18	5534999	5548371	24	5813	5540811	ITS1_repeat_region
5850	G	A	G	SNP	chr22	chr22_operon_18	5534999	5548371	24	5826	5540824	ITS1_repeat_region
5902	T	TGG/TG	TG-	INDEL	chr22	chr22_operon_18	5534999	5548371	24	5878	5540876	ITS1_repeat_region
6000	C	T	C	SNP	chr22	chr22_operon_18	5534999	5548371	25	5975	5540973	ITS1_repeat_region
6115	G	GC	G-	INDEL	chr22	chr22_operon_18	5534999	5548371	25	6090	5541088	ITS1_repeat_region
6228	T	TC	T-	INDEL	chr22	chr22_operon_18	5534999	5548371	26	6202	5541200	ITS1_repeat_region
6247	G	A	G	SNP	chr22	chr22_operon_18	5534999	5548371	27	6220	5541218	ITS1_repeat_region
6306	C	A	C	SNP	chr22	chr22_operon_18	5534999	5548371	27	6279	5541277	ITS1_repeat_region
6307	C	CT	C-	INDEL	chr22	chr22_operon_18	5534999	5548371	27	6280	5541278	ITS1_repeat_region
6317	G	C	G	SNP	chr22	chr22_operon_18	5534999	5548371	28	6289	5541287	ITS1_repeat_region
6334	T	G	G	SNP	chr22	chr22_operon_18	5534999	5548371	28	6306	5541304	ITS1_repeat_region
6340	C	T	C	SNP	chr22	chr22_operon_18	5534999	5548371	28	6312	5541310	ITS1_repeat_region
6551	G	-	G	INDEL	chr22	chr22_operon_18	5534999	5548371	28	6523	5541521	ITS1_repeat_region
6552	G	-/C	G	SNP	chr22	chr22_operon_18	5534999	5548371	28	6524	5541522	ITS1_repeat_region
6557	C	TTG/GGC/T/GGG/G	C--	INDEL	chr22	chr22_operon_18	5534999	5548371	28	6529	5541527	ITS1_repeat_region
6560	G	T	G	SNP	chr22	chr22_operon_18	5534999	5548371	30	6530	5541528	ITS1_repeat_region
6915	T	C	T	SNP	chr22	chr22_operon_18	5534999	5548371	30	6885	5541883	ITS2
6919	G	A	G	SNP	chr22	chr22_operon_18	5534999	5548371	30	6889	5541887	ITS2
6930	C	T	C	SNP	chr22	chr22_operon_18	5534999	5548371	30	6900	5541898	ITS2
6942	C	T	C	SNP	chr22	chr22_operon_18	5534999	5548371	30	6912	5541910	ITS2
6943	T	TC	TC	INDEL	chr22	chr22_operon_18	5534999	5548371	30	6913	5541911	ITS2
7195	C	CCGT	C---	INDEL	chr22	chr22_operon_18	5534999	5548371	30	7165	5542163	ITS2
7289	A	C	C	SNP	chr22	chr22_operon_18	5534999	5548371	33	7256	5542254	ITS2
7406	C	-	-	INDEL	chr22	chr22_operon_18	5534999	5548371	33	7373	5542371	ITS2
7428	G	GC	G-	INDEL	chr22	chr22_operon_18	5534999	5548371	34	7394	5542392	ITS2
7434	G	C	G	SNP	chr22	chr22_operon_18	5534999	5548371	35	7399	5542397	ITS2
7549	T	C	T	SNP	chr22	chr22_operon_18	5534999	5548371	35	7514	5542512	ITS2
7699	C	T	C	SNP	chr22	chr22_operon_18	5534999	5548371	35	7664	5542662	ITS2
7790	T	G	T	SNP	chr22	chr22_operon_18	5534999	5548371	35	7755	5542753	ITS2
7810	C	T	C	SNP	chr22	chr22_operon_18	5534999	5548371	35	7775	5542773	ITS2
7829	T	C	C	SNP	chr22	chr22_operon_18	5534999	5548371	35	7794	5542792	ITS2
7833	C	G	G	SNP	chr22	chr22_operon_18	5534999	5548371	35	7798	5542796	ITS2
7842	G	GC	GC	INDEL	chr22	chr22_operon_18	5534999	5548371	35	7807	5542805	ITS2
8024	A	G	G	SNP	chr22	chr22_operon_18	5534999	5548371	35	7989	5542987	28S
8622	C	G	C	SNP	chr22	chr22_operon_18	5534999	5548371	35	8587	5543585	28S
8728	CCGT	-	CCGT	INDEL	chr22	chr22_operon_18	5534999	5548371	35	8693	5543691	28S
8746	G	/GT	G-	INDEL	chr22	chr22_operon_18	5534999	5548371	35	8711	5543709	28S
8748	T	C/-	T	SNP	chr22	chr22_operon_18	5534999	5548371	36	8712	5543710	28S
8749	C	-	C	INDEL	chr22	chr22_operon_18	5534999	5548371	36	8713	5543711	28S
8750	C	G/-	C	SNP	chr22	chr22_operon_18	5534999	5548371	36	8714	5543712	28S
8813	GGC	-	GGC	INDEL	chr22	chr22_operon_18	5534999	5548371	36	8777	5543775	28S
8816	GGC	-	GGC	INDEL	chr22	chr22_operon_18	5534999	5548371	36	8780	5543778	28S
8827	T	CGGT/C	C---	INDEL	chr22	chr22_operon_18	5534999	5548371	36	8791	5543789	28S
8831	GGC	-	GGC	INDEL	chr22	chr22_operon_18	5534999	5548371	39	8792	5543790	28S
8836	C	CGGT/T/TGGC/CGGC	CGGT	INDEL	chr22	chr22_operon_18	5534999	5548371	39	8797	5543795	28S
8842	C	T	C	SNP	chr22	chr22_operon_18	5534999	5548371	39	8803	5543801	28S
8846	GG	-	GG	INDEL	chr22	chr22_operon_18	5534999	5548371	39	8807	5543805	28S
8848	C	/CGGG/CGGC	C---	INDEL	chr22	chr22_operon_18	5534999	5548371	39	8809	5543807	28S
8867	A	AC	AC	INDEL	chr22	chr22_operon_18	5534999	5548371	42	8825	5543823	28S
8886	G	GC	G-	INDEL	chr22	chr22_operon_18	5534999	5548371	42	8844	5543842	28S
9108	G	T	G	SNP	chr22	chr22_operon_18	5534999	5548371	43	9065	5544063	28S
9120	C	T	C	SNP	chr22	chr22_operon_18	5534999	5548371	43	9077	5544075	28S
9186	G	-	-	INDEL	chr22	chr22_operon_18	5534999	5548371	43	9143	5544141	28S
10121	G	GGGC/GGGCGGC	GGGCGGC	INDEL	chr22	chr22_operon_18	5534999	5548371	44	10077	5545075	28S
10128	GGC	-	GGC	INDEL	chr22	chr22_operon_18	5534999	5548371	44	10084	5545082	28S
10137	GGCG	-	GGCG	INDEL	chr22	chr22_operon_18	5534999	5548371	44	10093	5545091	28S
10141	G	GC/	G-	INDEL	chr22	chr22_operon_18	5534999	5548371	44	10097	5545095	28S
10143	C	-/G	C	SNP	chr22	chr22_operon_18	5534999	5548371	45	10098	5545096	28S
10144	G	-	G	INDEL	chr22	chr22_operon_18	5534999	5548371	45	10099	5545097	28S
10145	G	-/C	G	SNP	chr22	chr22_operon_18	5534999	5548371	45	10100	5545098	28S
10149	T	G	T	SNP	chr22	chr22_operon_18	5534999	5548371	45	10104	5545102	28S
10153	T	-	-	INDEL	chr22	chr22_operon_18	5534999	5548371	45	10108	5545106	28S
10155	G	T	G	SNP	chr22	chr22_operon_18	5534999	5548371	46	10109	5545107	28S
10157	G	T	T	SNP	chr22	chr22_operon_18	5534999	5548371	46	10111	5545109	28S
10158	T	G/C	C	SNP	chr22	chr22_operon_18	5534999	5548371	46	10112	5545110	28S
10159	C	-	C	INDEL	chr22	chr22_operon_18	5534999	5548371	46	10113	5545111	28S
10160	C	T/G	T	SNP	chr22	chr22_operon_18	5534999	5548371	46	10114	5545112	28S
10161	T	-	T	INDEL	chr22	chr22_operon_18	5534999	5548371	46	10115	5545113	28S
10162	C	T/-	C	SNP	chr22	chr22_operon_18	5534999	5548371	46	10116	5545114	28S
10163	C	-	C	INDEL	chr22	chr22_operon_18	5534999	5548371	46	10117	5545115	28S
10164	C	TCCC/CCC/CCCG/CCCC	C---	INDEL	chr22	chr22_operon_18	5534999	5548371	46	10118	5545116	28S
10168	C	-/G	C	SNP	chr22	chr22_operon_18	5534999	5548371	49	10119	5545117	28S
10169	C	-	C	INDEL	chr22	chr22_operon_18	5534999	5548371	49	10120	5545118	28S
10170	G	CCC/GCC/GC/CC/C	GCC	INDEL	chr22	chr22_operon_18	5534999	5548371	49	10121	5545119	28S
10399	G	GTT	G--	INDEL	chr22	chr22_operon_18	5534999	5548371	49	10350	5545348	28S
10447	T	C	C	SNP	chr22	chr22_operon_18	5534999	5548371	51	10396	5545394	28S
10942	G	GC	G-	INDEL	chr22	chr22_operon_18	5534999	5548371	51	10891	5545889	28S
10979	T	C	T	SNP	chr22	chr22_operon_18	5534999	5548371	52	10927	5545925	28S
11019	A	G	A	SNP	chr22	chr22_operon_18	5534999	5548371	52	10967	5545965	28S
11028	C	CCTCT/CCT	CCT--	INDEL	chr22	chr22_operon_18	5534999	5548371	52	10976	5545974	28S
11108	G	GGA	G--	INDEL	chr22	chr22_operon_18	5534999	5548371	54	11054	5546052	28S
11126	G	T	G	SNP	chr22	chr22_operon_18	5534999	5548371	56	11070	5546068	28S
11143	G	GC	GC	INDEL	chr22	chr22_operon_18	5534999	5548371	56	11087	5546085	28S
11145	CCGCCGCGGGGCCCCGGCGGCGGGGG	-	CCGCCGCGGGGCCCCGGCGGCGGGGG	INDEL	chr22	chr22_operon_18	5534999	5548371	56	11089	5546087	28S
11316	C	-	-	INDEL	chr22	chr22_operon_18	5534999	5548371	56	11260	5546258	28S
11320	C	CCCC/CCCCCA/CC/CCCCA	CCCCCA	INDEL	chr22	chr22_operon_18	5534999	5548371	57	11263	5546261	28S
11336	A	G	G	SNP	chr22	chr22_operon_18	5534999	5548371	57	11279	5546277	28S
11398	C	T	C	SNP	chr22	chr22_operon_18	5534999	5548371	57	11341	5546339	28S
11476	C	CGCG/CGCGGCGGCG/CGCGGCG	CGCGGCG---	INDEL	chr22	chr22_operon_18	5534999	5548371	57	11419	5546417	28S
11492	GCGGCGGC	-	GCGGCGGC	INDEL	chr22	chr22_operon_18	5534999	5548371	60	11432	5546430	28S
11500	G	A/-	A	SNP	chr22	chr22_operon_18	5534999	5548371	60	11440	5546438	28S
11891	G	-	G	INDEL	chr22	chr22_operon_18	5534999	5548371	60	11831	5546829	28S
11979	C	T	C	SNP	chr22	chr22_operon_18	5534999	5548371	60	11919	5546917	28S
12345	T	TTTTGGG	T------	INDEL	chr22	chr22_operon_18	5534999	5548371	60	12285	5547283	28S
12797	G	GC/GCC	G--	INDEL	chr22	chr22_operon_18	5534999	5548371	66	12731	5547729	28S
12811	A	G	A	SNP	chr22	chr22_operon_18	5534999	5548371	68	12743	5547741	28S
12821	C	T	T	SNP	chr22	chr22_operon_18	5534999	5548371	68	12753	5547751	28S
12907	T	C	C	SNP	chr22	chr22_operon_18	5534999	5548371	68	12839	5547837	28S
13072	CG	-	--	INDEL	chr22	chr22_operon_18	5534999	5548371	68	13004	5548002	28S
13074	CG	-	CG	INDEL	chr22	chr22_operon_18	5534999	5548371	70	13004	5548002	28S
13076	CGCG	-	CGCG	INDEL	chr22	chr22_operon_18	5534999	5548371	70	13006	5548004	ETS_3p
13080	C	CGCGC	C----	INDEL	chr22	chr22_operon_18	5534999	5548371	70	13010	5548008	ETS_3p
13085	GCGC	-	GCGC	INDEL	chr22	chr22_operon_18	5534999	5548371	74	13011	5548009	ETS_3p
13089	GCGCGT	-	GCGCGT	INDEL	chr22	chr22_operon_18	5534999	5548371	74	13015	5548013	ETS_3p
13201	T	TGGG/TGG/TGGGGGTGGGG	TGGGGGTGGGG	INDEL	chr22	chr22_operon_18	5534999	5548371	74	13127	5548125	ETS_3p
13415	T	TG	T-	INDEL	chr22	chr22_operon_18	5534999	5548371	74	13341	5548339	ETS_3p
7	A	G	A	SNP	chr22	chr22_operon_19	5579085	5592433	0	7	5579091	ETS_5p
139	T	C	C	SNP	chr22	chr22_operon_19	5579085	5592433	0	139	5579223	ETS_5p
640	G	T	G	SNP	chr22	chr22_operon_19	5579085	5592433	0	640	5579724	ETS_5p
777	C	CGG	C--	INDEL	chr22	chr22_operon_19	5579085	5592433	0	777	5579861	ETS_5p
965	G	A	A	SNP	chr22	chr22_operon_19	5579085	5592433	2	963	5580047	ETS_5p
1293	C	G	C	SNP	chr22	chr22_operon_19	5579085	5592433	2	1291	5580375	ETS_5p
1327	C	T	C	SNP	chr22	chr22_operon_19	5579085	5592433	2	1325	5580409	ETS_5p
1512	G	GT	GT	INDEL	chr22	chr22_operon_19	5579085	5592433	2	1510	5580594	ETS_5p
1641	T	TC	TC	INDEL	chr22	chr22_operon_19	5579085	5592433	2	1639	5580723	ETS_5p
1687	G	GT	GT	INDEL	chr22	chr22_operon_19	5579085	5592433	2	1685	5580769	ETS_5p
1761	T	C	C	SNP	chr22	chr22_operon_19	5579085	5592433	2	1759	5580843	ETS_5p
1949	G	C	C	SNP	chr22	chr22_operon_19	5579085	5592433	2	1947	5581031	ETS_5p
1950	T	G	G	SNP	chr22	chr22_operon_19	5579085	5592433	2	1948	5581032	ETS_5p
2104	C	T	T	SNP	chr22	chr22_operon_19	5579085	5592433	2	2102	5581186	ETS_5p
2149	G	C	C	SNP	chr22	chr22_operon_19	5579085	5592433	2	2147	5581231	ETS_5p
2204	T	TCGCC	T----	INDEL	chr22	chr22_operon_19	5579085	5592433	2	2202	5581286	ETS_5p
2293	T	C	T	SNP	chr22	chr22_operon_19	5579085	5592433	6	2287	5581371	ETS_5p
2347	A	G	G	SNP	chr22	chr22_operon_19	5579085	5592433	6	2341	5581425	ETS_5p
2372	C	G	C	SNP	chr22	chr22_operon_19	5579085	5592433	6	2366	5581450	ETS_5p
2398	CGGTGGCGCCCCGCGTGGGGCC	-	CGGTGGCGCCCCGCGTGGGGCC	INDEL	chr22	chr22_operon_19	5579085	5592433	6	2392	5581476	ETS_5p
2432	C	A	C	SNP	chr22	chr22_operon_19	5579085	5592433	6	2426	5581510	ETS_5p
2501	T	TGCG/C	T---	INDEL	chr22	chr22_operon_19	5579085	5592433	6	2495	5581579	ETS_5p
2605	T	C	T	SNP	chr22	chr22_operon_19	5579085	5592433	9	2596	5581680	ETS_5p
2632	A	C	C	SNP	chr22	chr22_operon_19	5579085	5592433	9	2623	5581707	ETS_5p
2844	C	T	C	SNP	chr22	chr22_operon_19	5579085	5592433	9	2835	5581919	ETS_5p
3035	G	T	G	SNP	chr22	chr22_operon_19	5579085	5592433	9	3026	5582110	ETS_5p
3062	C	CG	C-	INDEL	chr22	chr22_operon_19	5579085	5592433	9	3053	5582137	ETS_5p
3219	C	A	C	SNP	chr22	chr22_operon_19	5579085	5592433	10	3209	5582293	ETS_5p
3313	CG	-	CG	INDEL	chr22	chr22_operon_19	5579085	5592433	10	3303	5582387	ETS_5p
3398	A	G	G	SNP	chr22	chr22_operon_19	5579085	5592433	10	3388	5582472	ETS_5p
3536	CCCGT	-	CCCGT	INDEL	chr22	chr22_operon_19	5579085	5592433	10	3526	5582610	ETS_5p
3541	CCGC	-	CCGC	INDEL	chr22	chr22_operon_19	5579085	5592433	10	3531	5582615	ETS_5p
3545	CCGTCC	-	CCGTCC	INDEL	chr22	chr22_operon_19	5579085	5592433	10	3535	5582619	ETS_5p
3551	GCGG	-	GCGG	INDEL	chr22	chr22_operon_19	5579085	5592433	10	3541	5582625	ETS_5p
3555	C	-/G	C	SNP	chr22	chr22_operon_19	5579085	5592433	10	3545	5582629	ETS_5p
3556	C	-	C	INDEL	chr22	chr22_operon_19	5579085	5592433	10	3546	5582630	ETS_5p
3557	C	G/-	C	SNP	chr22	chr22_operon_19	5579085	5592433	10	3547	5582631	ETS_5p
3558	G	-	G	INDEL	chr22	chr22_operon_19	5579085	5592433	10	3548	5582632	ETS_5p
3559	T	-/C	T	SNP	chr22	chr22_operon_19	5579085	5592433	10	3549	5582633	ETS_5p
3560	CCG	-	CCG	INDEL	chr22	chr22_operon_19	5579085	5592433	10	3550	5582634	ETS_5p
3563	T	-/C	T	SNP	chr22	chr22_operon_19	5579085	5592433	10	3553	5582637	ETS_5p
3654	C	A	C	SNP	chr22	chr22_operon_19	5579085	5592433	10	3644	5582728	ETS_5p
3666	T	-	T	INDEL	chr22	chr22_operon_19	5579085	5592433	10	3656	5582740	ETS_5p
4926	G	GGAA	G---	INDEL	chr22	chr22_operon_19	5579085	5592433	10	4916	5584000	18S
5572	G	GCGC	GCGC	INDEL	chr22	chr22_operon_19	5579085	5592433	13	5559	5584643	ITS1_repeat_region
5627	GCGCGT	-	------	INDEL	chr22	chr22_operon_19	5579085	5592433	13	5614	5584698	ITS1_repeat_region
5661	T	C	T	SNP	chr22	chr22_operon_19	5579085	5592433	19	5642	5584726	ITS1_repeat_region
5669	C	CTCGT	C----	INDEL	chr22	chr22_operon_19	5579085	5592433	19	5650	5584734	ITS1_repeat_region
5717	A	G	A	SNP	chr22	chr22_operon_19	5579085	5592433	23	5694	5584778	ITS1_repeat_region
5735	G	-	G	INDEL	chr22	chr22_operon_19	5579085	5592433	23	5712	5584796	ITS1_repeat_region
5736	G	/GGA/GGAGA/AGAGA/GGGGA/GGAGAGAGA/GGAGAGA	GGA------	INDEL	chr22	chr22_operon_19	5579085	5592433	23	5713	5584797	ITS1_repeat_region
5745	G	-	-	INDEL	chr22	chr22_operon_19	5579085	5592433	29	5716	5584800	ITS1_repeat_region
5746	A	-/G	-	SNP	chr22	chr22_operon_19	5579085	5592433	30	5716	5584800	ITS1_repeat_region
5747	GA	-	GA	INDEL	chr22	chr22_operon_19	5579085	5592433	31	5716	5584800	ITS1_repeat_region
5749	GA	-	GA	INDEL	chr22	chr22_operon_19	5579085	5592433	31	5718	5584802	ITS1_repeat_region
5751	G	-/C	G	SNP	chr22	chr22_operon_19	5579085	5592433	31	5720	5584804	ITS1_repeat_region
5752	A	-	A	INDEL	chr22	chr22_operon_19	5579085	5592433	31	5721	5584805	ITS1_repeat_region
5753	GA	-	GA	INDEL	chr22	chr22_operon_19	5579085	5592433	31	5722	5584806	ITS1_repeat_region
5756	A	T	A	SNP	chr22	chr22_operon_19	5579085	5592433	31	5725	5584809	ITS1_repeat_region
5758	A	G	A	SNP	chr22	chr22_operon_19	5579085	5592433	31	5727	5584811	ITS1_repeat_region
5760	AGA	-	AGA	INDEL	chr22	chr22_operon_19	5579085	5592433	31	5729	5584813	ITS1_repeat_region
5763	G	A/-	G	SNP	chr22	chr22_operon_19	5579085	5592433	31	5732	5584816	ITS1_repeat_region
5764	A	-	A	INDEL	chr22	chr22_operon_19	5579085	5592433	31	5733	5584817	ITS1_repeat_region
5765	A	G/-	G	SNP	chr22	chr22_operon_19	5579085	5592433	31	5734	5584818	ITS1_repeat_region
5837	A	C	C	SNP	chr22	chr22_operon_19	5579085	5592433	31	5806	5584890	ITS1_repeat_region
5850	G	A	G	SNP	chr22	chr22_operon_19	5579085	5592433	31	5819	5584903	ITS1_repeat_region
5902	T	TGG/TG	TG-	INDEL	chr22	chr22_operon_19	5579085	5592433	31	5871	5584955	ITS1_repeat_region
6000	C	T	C	SNP	chr22	chr22_operon_19	5579085	5592433	32	5968	5585052	ITS1_repeat_region
6115	G	GC	G-	INDEL	chr22	chr22_operon_19	5579085	5592433	32	6083	5585167	ITS1_repeat_region
6228	T	TC	T-	INDEL	chr22	chr22_operon_19	5579085	5592433	33	6195	5585279	ITS1_repeat_region
6247	G	A	G	SNP	chr22	chr22_operon_19	5579085	5592433	34	6213	5585297	ITS1_repeat_region
6306	C	A	C	SNP	chr22	chr22_operon_19	5579085	5592433	34	6272	5585356	ITS1_repeat_region
6307	C	CT	C-	INDEL	chr22	chr22_operon_19	5579085	5592433	34	6273	5585357	ITS1_repeat_region
6317	G	C	G	SNP	chr22	chr22_operon_19	5579085	5592433	35	6282	5585366	ITS1_repeat_region
6334	T	G	G	SNP	chr22	chr22_operon_19	5579085	5592433	35	6299	5585383	ITS1_repeat_region
6340	C	T	C	SNP	chr22	chr22_operon_19	5579085	5592433	35	6305	5585389	ITS1_repeat_region
6551	G	-	-	INDEL	chr22	chr22_operon_19	5579085	5592433	35	6516	5585600	ITS1_repeat_region
6552	G	-/C	-	SNP	chr22	chr22_operon_19	5579085	5592433	36	6516	5585600	ITS1_repeat_region
6557	C	TTG/GGC/T/GGG/G	GGC	INDEL	chr22	chr22_operon_19	5579085	5592433	37	6520	5585604	ITS1_repeat_region
6560	G	T	G	SNP	chr22	chr22_operon_19	5579085	5592433	37	6523	5585607	ITS1_repeat_region
6915	T	C	T	SNP	chr22	chr22_operon_19	5579085	5592433	37	6878	5585962	ITS2
6919	G	A	G	SNP	chr22	chr22_operon_19	5579085	5592433	37	6882	5585966	ITS2
6930	C	T	C	SNP	chr22	chr22_operon_19	5579085	5592433	37	6893	5585977	ITS2
6942	C	T	C	SNP	chr22	chr22_operon_19	5579085	5592433	37	6905	5585989	ITS2
6943	T	TC	TC	INDEL	chr22	chr22_operon_19	5579085	5592433	37	6906	5585990	ITS2
7195	C	CCGT	C---	INDEL	chr22	chr22_operon_19	5579085	5592433	37	7158	5586242	ITS2
7289	A	C	C	SNP	chr22	chr22_operon_19	5579085	5592433	40	7249	5586333	ITS2
7406	C	-	-	INDEL	chr22	chr22_operon_19	5579085	5592433	40	7366	5586450	ITS2
7428	G	GC	G-	INDEL	chr22	chr22_operon_19	5579085	5592433	41	7387	5586471	ITS2
7434	G	C	G	SNP	chr22	chr22_operon_19	5579085	5592433	42	7392	5586476	ITS2
7549	T	C	T	SNP	chr22	chr22_operon_19	5579085	5592433	42	7507	5586591	ITS2
7699	C	T	C	SNP	chr22	chr22_operon_19	5579085	5592433	42	7657	5586741	ITS2
7790	T	G	T	SNP	chr22	chr22_operon_19	5579085	5592433	42	7748	5586832	ITS2
7810	C	T	C	SNP	chr22	chr22_operon_19	5579085	5592433	42	7768	5586852	ITS2
7829	T	C	C	SNP	chr22	chr22_operon_19	5579085	5592433	42	7787	5586871	ITS2
7833	C	G	G	SNP	chr22	chr22_operon_19	5579085	5592433	42	7791	5586875	ITS2
7842	G	GC	GC	INDEL	chr22	chr22_operon_19	5579085	5592433	42	7800	5586884	ITS2
8024	A	G	G	SNP	chr22	chr22_operon_19	5579085	5592433	42	7982	5587066	28S
8622	C	G	C	SNP	chr22	chr22_operon_19	5579085	5592433	42	8580	5587664	28S
8728	CCGT	-	CCGT	INDEL	chr22	chr22_operon_19	5579085	5592433	42	8686	5587770	28S
8746	G	/GT	GT	INDEL	chr22	chr22_operon_19	5579085	5592433	42	8704	5587788	28S
8748	T	C/-	C	SNP	chr22	chr22_operon_19	5579085	5592433	42	8706	5587790	28S
8749	C	-	C	INDEL	chr22	chr22_operon_19	5579085	5592433	42	8707	5587791	28S
8750	C	G/-	-	SNP	chr22	chr22_operon_19	5579085	5592433	42	8708	5587792	28S
8813	GGC	-	GGC	INDEL	chr22	chr22_operon_19	5579085	5592433	43	8770	5587854	28S
8816	GGC	-	GGC	INDEL	chr22	chr22_operon_19	5579085	5592433	43	8773	5587857	28S
8827	T	CGGT/C	C---	INDEL	chr22	chr22_operon_19	5579085	5592433	43	8784	5587868	28S
8831	GGC	-	GGC	INDEL	chr22	chr22_operon_19	5579085	5592433	46	8785	5587869	28S
8836	C	CGGT/T/TGGC/CGGC	TGGC	INDEL	chr22	chr22_operon_19	5579085	5592433	46	8790	5587874	28S
8842	C	T	C	SNP	chr22	chr22_operon_19	5579085	5592433	46	8796	5587880	28S
8846	GG	-	--	INDEL	chr22	chr22_operon_19	5579085	5592433	46	8800	5587884	28S
8848	C	/CGGG/CGGC	----	INDEL	chr22	chr22_operon_19	5579085	5592433	48	8800	5587884	28S
8867	A	AC	AC	INDEL	chr22	chr22_operon_19	5579085	5592433	52	8815	5587899	28S
8886	G	GC	G-	INDEL	chr22	chr22_operon_19	5579085	5592433	52	8834	5587918	28S
9108	G	T	G	SNP	chr22	chr22_operon_19	5579085	5592433	53	9055	5588139	28S
9120	C	T	C	SNP	chr22	chr22_operon_19	5579085	5592433	53	9067	5588151	28S
9186	G	-	-	INDEL	chr22	chr22_operon_19	5579085	5592433	53	9133	5588217	28S
10121	G	GGGC/GGGCGGC	GGGCGGC	INDEL	chr22	chr22_operon_19	5579085	5592433	54	10067	5589151	28S
10128	GGC	-	GGC	INDEL	chr22	chr22_operon_19	5579085	5592433	54	10074	5589158	28S
10137	GGCG	-	----	INDEL	chr22	chr22_operon_19	5579085	5592433	54	10083	5589167	28S
10141	G	GC/	--	INDEL	chr22	chr22_operon_19	5579085	5592433	58	10083	5589167	28S
10143	C	-/G	-	SNP	chr22	chr22_operon_19	5579085	5592433	60	10083	5589167	28S
10144	G	-	-	INDEL	chr22	chr22_operon_19	5579085	5592433	61	10083	5589167	28S
10145	G	-/C	-	SNP	chr22	chr22_operon_19	5579085	5592433	62	10083	5589167	28S
10149	T	G	G	SNP	chr22	chr22_operon_19	5579085	5592433	63	10086	5589170	28S
10153	T	-	T	INDEL	chr22	chr22_operon_19	5579085	5592433	63	10090	5589174	28S
10155	G	T	G	SNP	chr22	chr22_operon_19	5579085	5592433	63	10092	5589176	28S
10157	G	T	G	SNP	chr22	chr22_operon_19	5579085	5592433	63	10094	5589178	28S
10158	T	G/C	T	SNP	chr22	chr22_operon_19	5579085	5592433	63	10095	5589179	28S
10159	C	-	C	INDEL	chr22	chr22_operon_19	5579085	5592433	63	10096	5589180	28S
10160	C	T/G	C	SNP	chr22	chr22_operon_19	5579085	5592433	63	10097	5589181	28S
10161	T	-	T	INDEL	chr22	chr22_operon_19	5579085	5592433	63	10098	5589182	28S
10162	C	T/-	T	SNP	chr22	chr22_operon_19	5579085	5592433	63	10099	5589183	28S
10163	C	-	C	INDEL	chr22	chr22_operon_19	5579085	5592433	63	10100	5589184	28S
10164	C	TCCC/CCC/CCCG/CCCC	CCC-	INDEL	chr22	chr22_operon_19	5579085	5592433	63	10101	5589185	28S
10168	C	-/G	-	SNP	chr22	chr22_operon_19	5579085	5592433	64	10104	5589188	28S
10169	C	-	C	INDEL	chr22	chr22_operon_19	5579085	5592433	65	10104	5589188	28S
10170	G	CCC/GCC/GC/CC/C	GCC	INDEL	chr22	chr22_operon_19	5579085	5592433	65	10105	5589189	28S
10399	G	GTT	G--	INDEL	chr22	chr22_operon_19	5579085	5592433	65	10334	5589418	28S
10447	T	C	C	SNP	chr22	chr22_operon_19	5579085	5592433	67	10380	5589464	28S
10942	G	GC	G-	INDEL	chr22	chr22_operon_19	5579085	5592433	67	10875	5589959	28S
10979	T	C	T	SNP	chr22	chr22_operon_19	5579085	5592433	68	10911	5589995	28S
11019	A	G	A	SNP	chr22	chr22_operon_19	5579085	5592433	68	10951	5590035	28S
11028	C	CCTCT/CCT	CCT--	INDEL	chr22	chr22_operon_19	5579085	5592433	68	10960	5590044	28S
11108	G	GGA	G--	INDEL	chr22	chr22_operon_19	5579085	5592433	70	11038	5590122	28S
11126	G	T	G	SNP	chr22	chr22_operon_19	5579085	5592433	72	11054	5590138	28S
11143	G	GC	GC	INDEL	chr22	chr22_operon_19	5579085	5592433	72	11071	5590155	28S
11145	CCGCCGCGGGGCCCCGGCGGCGGGGG	-	CCGCCGCGGGGCCCCGGCGGCGGGGG	INDEL	chr22	chr22_operon_19	5579085	5592433	72	11073	5590157	28S
11316	C	-	C	INDEL	chr22	chr22_operon_19	5579085	5592433	72	11244	5590328	28S
11320	C	CCCC/CCCCCA/CC/CCCCA	CCCCA-	INDEL	chr22	chr22_operon_19	5579085	5592433	72	11248	5590332	28S
11336	A	G	G	SNP	chr22	chr22_operon_19	5579085	5592433	73	11263	5590347	28S
11398	C	T	C	SNP	chr22	chr22_operon_19	5579085	5592433	73	11325	5590409	28S
11476	C	CGCG/CGCGGCGGCG/CGCGGCG	CGCGGCG---	INDEL	chr22	chr22_operon_19	5579085	5592433	73	11403	5590487	28S
11492	GCGGCGGC	-	GCGGCGGC	INDEL	chr22	chr22_operon_19	5579085	5592433	76	11416	5590500	28S
11500	G	A/-	A	SNP	chr22	chr22_operon_19	5579085	5592433	76	11424	5590508	28S
11891	G	-	G	INDEL	chr22	chr22_operon_19	5579085	5592433	76	11815	5590899	28S
11979	C	T	C	SNP	chr22	chr22_operon_19	5579085	5592433	76	11903	5590987	28S
12345	T	TTTTGGG	T------	INDEL	chr22	chr22_operon_19	5579085	5592433	76	12269	5591353	28S
12797	G	GC/GCC	G--	INDEL	chr22	chr22_operon_19	5579085	5592433	82	12715	5591799	28S
12811	A	G	A	SNP	chr22	chr22_operon_19	5579085	5592433	84	12727	5591811	28S
12821	C	T	C	SNP	chr22	chr22_operon_19	5579085	5592433	84	12737	5591821	28S
12907	T	C	C	SNP	chr22	chr22_operon_19	5579085	5592433	84	12823	5591907	28S
13072	CG	-	CG	INDEL	chr22	chr22_operon_19	5579085	5592433	84	12988	5592072	28S
13074	CG	-	CG	INDEL	chr22	chr22_operon_19	5579085	5592433	84	12990	5592074	ETS_3p
13076	CGCG	-	CGCG	INDEL	chr22	chr22_operon_19	5579085	5592433	84	12992	5592076	ETS_3p
13080	C	CGCGC	CGCGC	INDEL	chr22	chr22_operon_19	5579085	5592433	84	12996	5592080	ETS_3p
13085	GCGC	-	----	INDEL	chr22	chr22_operon_19	5579085	5592433	84	13001	5592085	ETS_3p
13089	GCGCGT	-	GCGCGT	INDEL	chr22	chr22_operon_19	5579085	5592433	88	13001	5592085	ETS_3p
13201	T	TGGG/TGG/TGGGGGTGGGG	T----------	INDEL	chr22	chr22_operon_19	5579085	5592433	88	13113	5592197	ETS_3p
13415	T	TG	T-	INDEL	chr22	chr22_operon_19	5579085	5592433	98	13317	5592401	ETS_3p
7	A	G	A	SNP	chr22	chr22_operon_20	5623698	5637016	0	7	5623704	ETS_5p
139	T	C	C	SNP	chr22	chr22_operon_20	5623698	5637016	0	139	5623836	ETS_5p
640	G	T	G	SNP	chr22	chr22_operon_20	5623698	5637016	0	640	5624337	ETS_5p
777	C	CGG	C--	INDEL	chr22	chr22_operon_20	5623698	5637016	0	777	5624474	ETS_5p
965	G	A	A	SNP	chr22	chr22_operon_20	5623698	5637016	2	963	5624660	ETS_5p
1293	C	G	C	SNP	chr22	chr22_operon_20	5623698	5637016	2	1291	5624988	ETS_5p
1327	C	T	T	SNP	chr22	chr22_operon_20	5623698	5637016	2	1325	5625022	ETS_5p
1512	G	GT	GT	INDEL	chr22	chr22_operon_20	5623698	5637016	2	1510	5625207	ETS_5p
1641	T	TC	TC	INDEL	chr22	chr22_operon_20	5623698	5637016	2	1639	5625336	ETS_5p
1687	G	GT	GT	INDEL	chr22	chr22_operon_20	5623698	5637016	2	1685	5625382	ETS_5p
1761	T	C	C	SNP	chr22	chr22_operon_20	5623698	5637016	2	1759	5625456	ETS_5p
1949	G	C	C	SNP	chr22	chr22_operon_20	5623698	5637016	2	1947	5625644	ETS_5p
1950	T	G	G	SNP	chr22	chr22_operon_20	5623698	5637016	2	1948	5625645	ETS_5p
2104	C	T	C	SNP	chr22	chr22_operon_20	5623698	5637016	2	2102	5625799	ETS_5p
2149	G	C	C	SNP	chr22	chr22_operon_20	5623698	5637016	2	2147	5625844	ETS_5p
2204	T	TCGCC	T----	INDEL	chr22	chr22_operon_20	5623698	5637016	2	2202	5625899	ETS_5p
2293	T	C	T	SNP	chr22	chr22_operon_20	5623698	5637016	6	2287	5625984	ETS_5p
2347	A	G	G	SNP	chr22	chr22_operon_20	5623698	5637016	6	2341	5626038	ETS_5p
2372	C	G	C	SNP	chr22	chr22_operon_20	5623698	5637016	6	2366	5626063	ETS_5p
2398	CGGTGGCGCCCCGCGTGGGGCC	-	CGGTGGCGCCCCGCGTGGGGCC	INDEL	chr22	chr22_operon_20	5623698	5637016	6	2392	5626089	ETS_5p
2432	C	A	C	SNP	chr22	chr22_operon_20	5623698	5637016	6	2426	5626123	ETS_5p
2501	T	TGCG/C	T---	INDEL	chr22	chr22_operon_20	5623698	5637016	6	2495	5626192	ETS_5p
2605	T	C	T	SNP	chr22	chr22_operon_20	5623698	5637016	9	2596	5626293	ETS_5p
2632	A	C	C	SNP	chr22	chr22_operon_20	5623698	5637016	9	2623	5626320	ETS_5p
2844	C	T	C	SNP	chr22	chr22_operon_20	5623698	5637016	9	2835	5626532	ETS_5p
3035	G	T	G	SNP	chr22	chr22_operon_20	5623698	5637016	9	3026	5626723	ETS_5p
3062	C	CG	C-	INDEL	chr22	chr22_operon_20	5623698	5637016	9	3053	5626750	ETS_5p
3219	C	A	C	SNP	chr22	chr22_operon_20	5623698	5637016	10	3209	5626906	ETS_5p
3313	CG	-	CG	INDEL	chr22	chr22_operon_20	5623698	5637016	10	3303	5627000	ETS_5p
3398	A	G	G	SNP	chr22	chr22_operon_20	5623698	5637016	10	3388	5627085	ETS_5p
3536	CCCGT	-	CCCGT	INDEL	chr22	chr22_operon_20	5623698	5637016	10	3526	5627223	ETS_5p
3541	CCGC	-	CCGC	INDEL	chr22	chr22_operon_20	5623698	5637016	10	3531	5627228	ETS_5p
3545	CCGTCC	-	CCGTCC	INDEL	chr22	chr22_operon_20	5623698	5637016	10	3535	5627232	ETS_5p
3551	GCGG	-	GCGG	INDEL	chr22	chr22_operon_20	5623698	5637016	10	3541	5627238	ETS_5p
3555	C	-/G	C	SNP	chr22	chr22_operon_20	5623698	5637016	10	3545	5627242	ETS_5p
3556	C	-	C	INDEL	chr22	chr22_operon_20	5623698	5637016	10	3546	5627243	ETS_5p
3557	C	G/-	C	SNP	chr22	chr22_operon_20	5623698	5637016	10	3547	5627244	ETS_5p
3558	G	-	G	INDEL	chr22	chr22_operon_20	5623698	5637016	10	3548	5627245	ETS_5p
3559	T	-/C	T	SNP	chr22	chr22_operon_20	5623698	5637016	10	3549	5627246	ETS_5p
3560	CCG	-	CCG	INDEL	chr22	chr22_operon_20	5623698	5637016	10	3550	5627247	ETS_5p
3563	T	-/C	T	SNP	chr22	chr22_operon_20	5623698	5637016	10	3553	5627250	ETS_5p
3654	C	A	C	SNP	chr22	chr22_operon_20	5623698	5637016	10	3644	5627341	ETS_5p
3666	T	-	T	INDEL	chr22	chr22_operon_20	5623698	5637016	10	3656	5627353	ETS_5p
4926	G	GGAA	G---	INDEL	chr22	chr22_operon_20	5623698	5637016	10	4916	5628613	18S
5572	G	GCGC	GCGC	INDEL	chr22	chr22_operon_20	5623698	5637016	13	5559	5629256	ITS1_repeat_region
5627	GCGCGT	-	GCGCGT	INDEL	chr22	chr22_operon_20	5623698	5637016	13	5614	5629311	ITS1_repeat_region
5661	T	C	T	SNP	chr22	chr22_operon_20	5623698	5637016	13	5648	5629345	ITS1_repeat_region
5669	C	CTCGT	C----	INDEL	chr22	chr22_operon_20	5623698	5637016	13	5656	5629353	ITS1_repeat_region
5717	A	G	A	SNP	chr22	chr22_operon_20	5623698	5637016	17	5700	5629397	ITS1_repeat_region
5735	G	-	G	INDEL	chr22	chr22_operon_20	5623698	5637016	17	5718	5629415	ITS1_repeat_region
5736	G	/GGA/GGAGA/AGAGA/GGGGA/GGAGAGAGA/GGAGAGA	G--------	INDEL	chr22	chr22_operon_20	5623698	5637016	17	5719	5629416	ITS1_repeat_region
5745	G	-	-	INDEL	chr22	chr22_operon_20	5623698	5637016	25	5720	5629417	ITS1_repeat_region
5746	A	-/G	-	SNP	chr22	chr22_operon_20	5623698	5637016	26	5720	5629417	ITS1_repeat_region
5747	GA	-	--	INDEL	chr22	chr22_operon_20	5623698	5637016	27	5720	5629417	ITS1_repeat_region
5749	GA	-	--	INDEL	chr22	chr22_operon_20	5623698	5637016	29	5720	5629417	ITS1_repeat_region
5751	G	-/C	-	SNP	chr22	chr22_operon_20	5623698	5637016	31	5720	5629417	ITS1_repeat_region
5752	A	-	-	INDEL	chr22	chr22_operon_20	5623698	5637016	32	5720	5629417	ITS1_repeat_region
5753	GA	-	GA	INDEL	chr22	chr22_operon_20	5623698	5637016	33	5720	5629417	ITS1_repeat_region
5756	A	T	A	SNP	chr22	chr22_operon_20	5623698	5637016	33	5723	5629420	ITS1_repeat_region
5758	A	G	A	SNP	chr22	chr22_operon_20	5623698	5637016	33	5725	5629422	ITS1_repeat_region
5760	AGA	-	AGA	INDEL	chr22	chr22_operon_20	5623698	5637016	33	5727	5629424	ITS1_repeat_region
5763	G	A/-	G	SNP	chr22	chr22_operon_20	5623698	5637016	33	5730	5629427	ITS1_repeat_region
5764	A	-	A	INDEL	chr22	chr22_operon_20	5623698	5637016	33	5731	5629428	ITS1_repeat_region
5765	A	G/-	G	SNP	chr22	chr22_operon_20	5623698	5637016	33	5732	5629429	ITS1_repeat_region
5837	A	C	C	SNP	chr22	chr22_operon_20	5623698	5637016	33	5804	5629501	ITS1_repeat_region
5850	G	A	G	SNP	chr22	chr22_operon_20	5623698	5637016	33	5817	5629514	ITS1_repeat_region
5902	T	TGG/TG	TG-	INDEL	chr22	chr22_operon_20	5623698	5637016	33	5869	5629566	ITS1_repeat_region
6000	C	T	C	SNP	chr22	chr22_operon_20	5623698	5637016	34	5966	5629663	ITS1_repeat_region
6115	G	GC	G-	INDEL	chr22	chr22_operon_20	5623698	5637016	34	6081	5629778	ITS1_repeat_region
6228	T	TC	T-	INDEL	chr22	chr22_operon_20	5623698	5637016	35	6193	5629890	ITS1_repeat_region
6247	G	A	G	SNP	chr22	chr22_operon_20	5623698	5637016	36	6211	5629908	ITS1_repeat_region
6306	C	A	C	SNP	chr22	chr22_operon_20	5623698	5637016	36	6270	5629967	ITS1_repeat_region
6307	C	CT	C-	INDEL	chr22	chr22_operon_20	5623698	5637016	36	6271	5629968	ITS1_repeat_region
6317	G	C	G	SNP	chr22	chr22_operon_20	5623698	5637016	37	6280	5629977	ITS1_repeat_region
6334	T	G	G	SNP	chr22	chr22_operon_20	5623698	5637016	37	6297	5629994	ITS1_repeat_region
6340	C	T	C	SNP	chr22	chr22_operon_20	5623698	5637016	37	6303	5630000	ITS1_repeat_region
6551	G	-	G	INDEL	chr22	chr22_operon_20	5623698	5637016	37	6514	5630211	ITS1_repeat_region
6552	G	-/C	G	SNP	chr22	chr22_operon_20	5623698	5637016	37	6515	5630212	ITS1_repeat_region
6557	C	TTG/GGC/T/GGG/G	C--	INDEL	chr22	chr22_operon_20	5623698	5637016	37	6520	5630217	ITS1_repeat_region
6560	G	T	G	SNP	chr22	chr22_operon_20	5623698	5637016	39	6521	5630218	ITS1_repeat_region
6915	T	C	T	SNP	chr22	chr22_operon_20	5623698	5637016	39	6876	5630573	ITS2
6919	G	A	G	SNP	chr22	chr22_operon_20	5623698	5637016	39	6880	5630577	ITS2
6930	C	T	C	SNP	chr22	chr22_operon_20	5623698	5637016	39	6891	5630588	ITS2
6942	C	T	C	SNP	chr22	chr22_operon_20	5623698	5637016	39	6903	5630600	ITS2
6943	T	TC	TC	INDEL	chr22	chr22_operon_20	5623698	5637016	39	6904	5630601	ITS2
7195	C	CCGT	C---	INDEL	chr22	chr22_operon_20	5623698	5637016	39	7156	5630853	ITS2
7289	A	C	C	SNP	chr22	chr22_operon_20	5623698	5637016	42	7247	5630944	ITS2
7406	C	-	-	INDEL	chr22	chr22_operon_20	5623698	5637016	42	7364	5631061	ITS2
7428	G	GC	G-	INDEL	chr22	chr22_operon_20	5623698	5637016	43	7385	5631082	ITS2
7434	G	C	G	SNP	chr22	chr22_operon_20	5623698	5637016	44	7390	5631087	ITS2
7549	T	C	T	SNP	chr22	chr22_operon_20	5623698	5637016	44	7505	5631202	ITS2
7699	C	T	C	SNP	chr22	chr22_operon_20	5623698	5637016	44	7655	5631352	ITS2
7790	T	G	T	SNP	chr22	chr22_operon_20	5623698	5637016	44	7746	5631443	ITS2
7810	C	T	C	SNP	chr22	chr22_operon_20	5623698	5637016	44	7766	5631463	ITS2
7829	T	C	C	SNP	chr22	chr22_operon_20	5623698	5637016	44	7785	5631482	ITS2
7833	C	G	G	SNP	chr22	chr22_operon_20	5623698	5637016	44	7789	5631486	ITS2
7842	G	GC	GC	INDEL	chr22	chr22_operon_20	5623698	5637016	44	7798	5631495	ITS2
8024	A	G	G	SNP	chr22	chr22_operon_20	5623698	5637016	44	7980	5631677	28S
8622	C	G	C	SNP	chr22	chr22_operon_20	5623698	5637016	44	8578	5632275	28S
8728	CCGT	-	CCGT	INDEL	chr22	chr22_operon_20	5623698	5637016	44	8684	5632381	28S
8746	G	/GT	G-	INDEL	chr22	chr22_operon_20	5623698	5637016	44	8702	5632399	28S
8748	T	C/-	T	SNP	chr22	chr22_operon_20	5623698	5637016	45	8703	5632400	28S
8749	C	-	C	INDEL	chr22	chr22_operon_20	5623698	5637016	45	8704	5632401	28S
8750	C	G/-	C	SNP	chr22	chr22_operon_20	5623698	5637016	45	8705	5632402	28S
8813	GGC	-	GGC	INDEL	chr22	chr22_operon_20	5623698	5637016	45	8768	5632465	28S
8816	GGC	-	GGC	INDEL	chr22	chr22_operon_20	5623698	5637016	45	8771	5632468	28S
8827	T	CGGT/C	C---	INDEL	chr22	chr22_operon_20	5623698	5637016	45	8782	5632479	28S
8831	GGC	-	GGC	INDEL	chr22	chr22_operon_20	5623698	5637016	48	8783	5632480	28S
8836	C	CGGT/T/TGGC/CGGC	CGGT	INDEL	chr22	chr22_operon_20	5623698	5637016	48	8788	5632485	28S
8842	C	T	C	SNP	chr22	chr22_operon_20	5623698	5637016	48	8794	5632491	28S
8846	GG	-	GG	INDEL	chr22	chr22_operon_20	5623698	5637016	48	8798	5632495	28S
8848	C	/CGGG/CGGC	C---	INDEL	chr22	chr22_operon_20	5623698	5637016	48	8800	5632497	28S
8867	A	AC	AC	INDEL	chr22	chr22_operon_20	5623698	5637016	51	8816	5632513	28S
8886	G	GC	G-	INDEL	chr22	chr22_operon_20	5623698	5637016	51	8835	5632532	28S
9108	G	T	G	SNP	chr22	chr22_operon_20	5623698	5637016	52	9056	5632753	28S
9120	C	T	T	SNP	chr22	chr22_operon_20	5623698	5637016	52	9068	5632765	28S
9186	G	-	-	INDEL	chr22	chr22_operon_20	5623698	5637016	52	9134	5632831	28S
10121	G	GGGC/GGGCGGC	G------	INDEL	chr22	chr22_operon_20	5623698	5637016	53	10068	5633765	28S
10128	GGC	-	---	INDEL	chr22	chr22_operon_20	5623698	5637016	59	10069	5633766	28S
10137	GGCG	-	GGCG	INDEL	chr22	chr22_operon_20	5623698	5637016	62	10075	5633772	28S
10141	G	GC/	G-	INDEL	chr22	chr22_operon_20	5623698	5637016	62	10079	5633776	28S
10143	C	-/G	C	SNP	chr22	chr22_operon_20	5623698	5637016	63	10080	5633777	28S
10144	G	-	G	INDEL	chr22	chr22_operon_20	5623698	5637016	63	10081	5633778	28S
10145	G	-/C	G	SNP	chr22	chr22_operon_20	5623698	5637016	63	10082	5633779	28S
10149	T	G	T	SNP	chr22	chr22_operon_20	5623698	5637016	63	10086	5633783	28S
10153	T	-	T	INDEL	chr22	chr22_operon_20	5623698	5637016	63	10090	5633787	28S
10155	G	T	G	SNP	chr22	chr22_operon_20	5623698	5637016	63	10092	5633789	28S
10157	G	T	G	SNP	chr22	chr22_operon_20	5623698	5637016	63	10094	5633791	28S
10158	T	G/C	T	SNP	chr22	chr22_operon_20	5623698	5637016	63	10095	5633792	28S
10159	C	-	C	INDEL	chr22	chr22_operon_20	5623698	5637016	63	10096	5633793	28S
10160	C	T/G	C	SNP	chr22	chr22_operon_20	5623698	5637016	63	10097	5633794	28S
10161	T	-	T	INDEL	chr22	chr22_operon_20	5623698	5637016	63	10098	5633795	28S
10162	C	T/-	C	SNP	chr22	chr22_operon_20	5623698	5637016	63	10099	5633796	28S
10163	C	-	C	INDEL	chr22	chr22_operon_20	5623698	5637016	63	10100	5633797	28S
10164	C	TCCC/CCC/CCCG/CCCC	C---	INDEL	chr22	chr22_operon_20	5623698	5637016	63	10101	5633798	28S
10168	C	-/G	C	SNP	chr22	chr22_operon_20	5623698	5637016	66	10102	5633799	28S
10169	C	-	C	INDEL	chr22	chr22_operon_20	5623698	5637016	66	10103	5633800	28S
10170	G	CCC/GCC/GC/CC/C	GCC	INDEL	chr22	chr22_operon_20	5623698	5637016	66	10104	5633801	28S
10399	G	GTT	G--	INDEL	chr22	chr22_operon_20	5623698	5637016	66	10333	5634030	28S
10447	T	C	C	SNP	chr22	chr22_operon_20	5623698	5637016	68	10379	5634076	28S
10942	G	GC	G-	INDEL	chr22	chr22_operon_20	5623698	5637016	68	10874	5634571	28S
10979	T	C	T	SNP	chr22	chr22_operon_20	5623698	5637016	69	10910	5634607	28S
11019	A	G	A	SNP	chr22	chr22_operon_20	5623698	5637016	69	10950	5634647	28S
11028	C	CCTCT/CCT	C----	INDEL	chr22	chr22_operon_20	5623698	5637016	69	10959	5634656	28S
11108	G	GGA	G--	INDEL	chr22	chr22_operon_20	5623698	5637016	73	11035	5634732	28S
11126	G	T	G	SNP	chr22	chr22_operon_20	5623698	5637016	75	11051	5634748	28S
11143	G	GC	G-	INDEL	chr22	chr22_operon_20	5623698	5637016	75	11068	5634765	28S
11145	CCGCCGCGGGGCCCCGGCGGCGGGGG	-	--------------------------	INDEL	chr22	chr22_operon_20	5623698	5637016	76	11069	5634766	28S
11316	C	-	C	INDEL	chr22	chr22_operon_20	5623698	5637016	102	11214	5634911	28S
11320	C	CCCC/CCCCCA/CC/CCCCA	CCCCCA	INDEL	chr22	chr22_operon_20	5623698	5637016	102	11218	5634915	28S
11336	A	G	A	SNP	chr22	chr22_operon_20	5623698	5637016	102	11234	5634931	28S
11398	C	T	C	SNP	chr22	chr22_operon_20	5623698	5637016	102	11296	5634993	28S
11476	C	CGCG/CGCGGCGGCG/CGCGGCG	CGCGGCG---	INDEL	chr22	chr22_operon_20	5623698	5637016	102	11374	5635071	28S
11492	GCGGCGGC	-	GCGGCGGC	INDEL	chr22	chr22_operon_20	5623698	5637016	105	11387	5635084	28S
11500	G	A/-	A	SNP	chr22	chr22_operon_20	5623698	5637016	105	11395	5635092	28S
11891	G	-	G	INDEL	chr22	chr22_operon_20	5623698	5637016	105	11786	5635483	28S
11979	C	T	C	SNP	chr22	chr22_operon_20	5623698	5637016	105	11874	5635571	28S
12345	T	TTTTGGG	T------	INDEL	chr22	chr22_operon_20	5623698	5637016	105	12240	5635937	28S
12797	G	GC/GCC	GC-	INDEL	chr22	chr22_operon_20	5623698	5637016	111	12686	5636383	28S
12811	A	G	A	SNP	chr22	chr22_operon_20	5623698	5637016	112	12699	5636396	28S
12821	C	T	C	SNP	chr22	chr22_operon_20	5623698	5637016	112	12709	5636406	28S
12907	T	C	C	SNP	chr22	chr22_operon_20	5623698	5637016	112	12795	5636492	28S
13072	CG	-	--	INDEL	chr22	chr22_operon_20	5623698	5637016	112	12960	5636657	28S
13074	CG	-	CG	INDEL	chr22	chr22_operon_20	5623698	5637016	114	12960	5636657	28S
13076	CGCG	-	CGCG	INDEL	chr22	chr22_operon_20	5623698	5637016	114	12962	5636659	ETS_3p
13080	C	CGCGC	C----	INDEL	chr22	chr22_operon_20	5623698	5637016	114	12966	5636663	ETS_3p
13085	GCGC	-	GCGC	INDEL	chr22	chr22_operon_20	5623698	5637016	118	12967	5636664	ETS_3p
13089	GCGCGT	-	GCGCGT	INDEL	chr22	chr22_operon_20	5623698	5637016	118	12971	5636668	ETS_3p
13201	T	TGGG/TGG/TGGGGGTGGGG	T----------	INDEL	chr22	chr22_operon_20	5623698	5637016	118	13083	5636780	ETS_3p
13415	T	TG	T-	INDEL	chr22	chr22_operon_20	5623698	5637016	128	13287	5636984	ETS_3p
7	A	G	A	SNP	chr22	chr22_operon_21	5669000	5682337	0	7	5669006	ETS_5p
139	T	C	T	SNP	chr22	chr22_operon_21	5669000	5682337	0	139	5669138	ETS_5p
640	G	T	G	SNP	chr22	chr22_operon_21	5669000	5682337	0	640	5669639	ETS_5p
777	C	CGG	CGG	INDEL	chr22	chr22_operon_21	5669000	5682337	0	777	5669776	ETS_5p
965	G	A	A	SNP	chr22	chr22_operon_21	5669000	5682337	0	965	5669964	ETS_5p
1293	C	G	C	SNP	chr22	chr22_operon_21	5669000	5682337	0	1293	5670292	ETS_5p
1327	C	T	C	SNP	chr22	chr22_operon_21	5669000	5682337	0	1327	5670326	ETS_5p
1512	G	GT	G-	INDEL	chr22	chr22_operon_21	5669000	5682337	0	1512	5670511	ETS_5p
1641	T	TC	T-	INDEL	chr22	chr22_operon_21	5669000	5682337	1	1640	5670639	ETS_5p
1687	G	GT	G-	INDEL	chr22	chr22_operon_21	5669000	5682337	2	1685	5670684	ETS_5p
1761	T	C	T	SNP	chr22	chr22_operon_21	5669000	5682337	3	1758	5670757	ETS_5p
1949	G	C	G	SNP	chr22	chr22_operon_21	5669000	5682337	3	1946	5670945	ETS_5p
1950	T	G	T	SNP	chr22	chr22_operon_21	5669000	5682337	3	1947	5670946	ETS_5p
2104	C	T	C	SNP	chr22	chr22_operon_21	5669000	5682337	3	2101	5671100	ETS_5p
2149	G	C	C	SNP	chr22	chr22_operon_21	5669000	5682337	3	2146	5671145	ETS_5p
2204	T	TCGCC	T----	INDEL	chr22	chr22_operon_21	5669000	5682337	3	2201	5671200	ETS_5p
2293	T	C	T	SNP	chr22	chr22_operon_21	5669000	5682337	7	2286	5671285	ETS_5p
2347	A	G	A	SNP	chr22	chr22_operon_21	5669000	5682337	7	2340	5671339	ETS_5p
2372	C	G	C	SNP	chr22	chr22_operon_21	5669000	5682337	7	2365	5671364	ETS_5p
2398	CGGTGGCGCCCCGCGTGGGGCC	-	CGGTGGCGCCCCGCGTGGGGCC	INDEL	chr22	chr22_operon_21	5669000	5682337	7	2391	5671390	ETS_5p
2432	C	A	C	SNP	chr22	chr22_operon_21	5669000	5682337	7	2425	5671424	ETS_5p
2501	T	TGCG/C	TGCG	INDEL	chr22	chr22_operon_21	5669000	5682337	7	2494	5671493	ETS_5p
2605	T	C	T	SNP	chr22	chr22_operon_21	5669000	5682337	7	2598	5671597	ETS_5p
2632	A	C	A	SNP	chr22	chr22_operon_21	5669000	5682337	7	2625	5671624	ETS_5p
2844	C	T	C	SNP	chr22	chr22_operon_21	5669000	5682337	7	2837	5671836	ETS_5p
3035	G	T	G	SNP	chr22	chr22_operon_21	5669000	5682337	7	3028	5672027	ETS_5p
3062	C	CG	C-	INDEL	chr22	chr22_operon_21	5669000	5682337	7	3055	5672054	ETS_5p
3219	C	A	C	SNP	chr22	chr22_operon_21	5669000	5682337	8	3211	5672210	ETS_5p
3313	CG	-	CG	INDEL	chr22	chr22_operon_21	5669000	5682337	8	3305	5672304	ETS_5p
3398	A	G	G	SNP	chr22	chr22_operon_21	5669000	5682337	8	3390	5672389	ETS_5p
3536	CCCGT	-	CCCGT	INDEL	chr22	chr22_operon_21	5669000	5682337	8	3528	5672527	ETS_5p
3541	CCGC	-	CCGC	INDEL	chr22	chr22_operon_21	5669000	5682337	8	3533	5672532	ETS_5p
3545	CCGTCC	-	CCGTCC	INDEL	chr22	chr22_operon_21	5669000	5682337	8	3537	5672536	ETS_5p
3551	GCGG	-	GCGG	INDEL	chr22	chr22_operon_21	5669000	5682337	8	3543	5672542	ETS_5p
3555	C	-/G	C	SNP	chr22	chr22_operon_21	5669000	5682337	8	3547	5672546	ETS_5p
3556	C	-	-	INDEL	chr22	chr22_operon_21	5669000	5682337	8	3548	5672547	ETS_5p
3557	C	G/-	-	SNP	chr22	chr22_operon_21	5669000	5682337	9	3548	5672547	ETS_5p
3558	G	-	-	INDEL	chr22	chr22_operon_21	5669000	5682337	10	3548	5672547	ETS_5p
3559	T	-/C	-	SNP	chr22	chr22_operon_21	5669000	5682337	11	3548	5672547	ETS_5p
3560	CCG	-	CCG	INDEL	chr22	chr22_operon_21	5669000	5682337	12	3548	5672547	ETS_5p
3563	T	-/C	T	SNP	chr22	chr22_operon_21	5669000	5682337	12	3551	5672550	ETS_5p
3654	C	A	C	SNP	chr22	chr22_operon_21	5669000	5682337	12	3642	5672641	ETS_5p
3666	T	-	T	INDEL	chr22	chr22_operon_21	5669000	5682337	12	3654	5672653	ETS_5p
4926	G	GGAA	G---	INDEL	chr22	chr22_operon_21	5669000	5682337	12	4914	5673913	18S
5572	G	GCGC	G---	INDEL	chr22	chr22_operon_21	5669000	5682337	15	5557	5674556	ITS1_repeat_region
5627	GCGCGT	-	GCGCGT	INDEL	chr22	chr22_operon_21	5669000	5682337	18	5609	5674608	ITS1_repeat_region
5661	T	C	T	SNP	chr22	chr22_operon_21	5669000	5682337	18	5643	5674642	ITS1_repeat_region
5669	C	CTCGT	CTCGT	INDEL	chr22	chr22_operon_21	5669000	5682337	18	5651	5674650	ITS1_repeat_region
5717	A	G	A	SNP	chr22	chr22_operon_21	5669000	5682337	18	5699	5674698	ITS1_repeat_region
5735	G	-	G	INDEL	chr22	chr22_operon_21	5669000	5682337	18	5717	5674716	ITS1_repeat_region
5736	G	/GGA/GGAGA/AGAGA/GGGGA/GGAGAGAGA/GGAGAGA	---------	INDEL	chr22	chr22_operon_21	5669000	5682337	18	5718	5674717	ITS1_repeat_region
5745	G	-	-	INDEL	chr22	chr22_operon_21	5669000	5682337	27	5718	5674717	ITS1_repeat_region
5746	A	-/G	-	SNP	chr22	chr22_operon_21	5669000	5682337	28	5718	5674717	ITS1_repeat_region
5747	GA	-	--	INDEL	chr22	chr22_operon_21	5669000	5682337	29	5718	5674717	ITS1_repeat_region
5749	GA	-	--	INDEL	chr22	chr22_operon_21	5669000	5682337	31	5718	5674717	ITS1_repeat_region
5751	G	-/C	-	SNP	chr22	chr22_operon_21	5669000	5682337	33	5718	5674717	ITS1_repeat_region
5752	A	-	-	INDEL	chr22	chr22_operon_21	5669000	5682337	34	5718	5674717	ITS1_repeat_region
5753	GA	-	--	INDEL	chr22	chr22_operon_21	5669000	5682337	35	5718	5674717	ITS1_repeat_region
5756	A	T	T	SNP	chr22	chr22_operon_21	5669000	5682337	37	5719	5674718	ITS1_repeat_region
5758	A	G	G	SNP	chr22	chr22_operon_21	5669000	5682337	37	5721	5674720	ITS1_repeat_region
5760	AGA	-	AGA	INDEL	chr22	chr22_operon_21	5669000	5682337	37	5723	5674722	ITS1_repeat_region
5763	G	A/-	G	SNP	chr22	chr22_operon_21	5669000	5682337	37	5726	5674725	ITS1_repeat_region
5764	A	-	A	INDEL	chr22	chr22_operon_21	5669000	5682337	37	5727	5674726	ITS1_repeat_region
5765	A	G/-	G	SNP	chr22	chr22_operon_21	5669000	5682337	37	5728	5674727	ITS1_repeat_region
5837	A	C	C	SNP	chr22	chr22_operon_21	5669000	5682337	37	5800	5674799	ITS1_repeat_region
5850	G	A	A	SNP	chr22	chr22_operon_21	5669000	5682337	37	5813	5674812	ITS1_repeat_region
5902	T	TGG/TG	TGG	INDEL	chr22	chr22_operon_21	5669000	5682337	37	5865	5674864	ITS1_repeat_region
6000	C	T	C	SNP	chr22	chr22_operon_21	5669000	5682337	37	5963	5674962	ITS1_repeat_region
6115	G	GC	G-	INDEL	chr22	chr22_operon_21	5669000	5682337	37	6078	5675077	ITS1_repeat_region
6228	T	TC	T-	INDEL	chr22	chr22_operon_21	5669000	5682337	38	6190	5675189	ITS1_repeat_region
6247	G	A	G	SNP	chr22	chr22_operon_21	5669000	5682337	39	6208	5675207	ITS1_repeat_region
6306	C	A	A	SNP	chr22	chr22_operon_21	5669000	5682337	39	6267	5675266	ITS1_repeat_region
6307	C	CT	C-	INDEL	chr22	chr22_operon_21	5669000	5682337	39	6268	5675267	ITS1_repeat_region
6317	G	C	G	SNP	chr22	chr22_operon_21	5669000	5682337	40	6277	5675276	ITS1_repeat_region
6334	T	G	T	SNP	chr22	chr22_operon_21	5669000	5682337	40	6294	5675293	ITS1_repeat_region
6340	C	T	C	SNP	chr22	chr22_operon_21	5669000	5682337	40	6300	5675299	ITS1_repeat_region
6551	G	-	G	INDEL	chr22	chr22_operon_21	5669000	5682337	40	6511	5675510	ITS1_repeat_region
6552	G	-/C	C	SNP	chr22	chr22_operon_21	5669000	5682337	40	6512	5675511	ITS1_repeat_region
6557	C	TTG/GGC/T/GGG/G	TTG	INDEL	chr22	chr22_operon_21	5669000	5682337	40	6517	5675516	ITS1_repeat_region
6560	G	T	G	SNP	chr22	chr22_operon_21	5669000	5682337	40	6520	5675519	ITS1_repeat_region
6915	T	C	T	SNP	chr22	chr22_operon_21	5669000	5682337	40	6875	5675874	ITS2
6919	G	A	G	SNP	chr22	chr22_operon_21	5669000	5682337	40	6879	5675878	ITS2
6930	C	T	T	SNP	chr22	chr22_operon_21	5669000	5682337	40	6890	5675889	ITS2
6942	C	T	C	SNP	chr22	chr22_operon_21	5669000	5682337	40	6902	5675901	ITS2
6943	T	TC	TC	INDEL	chr22	chr22_operon_21	5669000	5682337	40	6903	5675902	ITS2
7195	C	CCGT	C---	INDEL	chr22	chr22_operon_21	5669000	5682337	40	7155	5676154	ITS2
7289	A	C	A	SNP	chr22	chr22_operon_21	5669000	5682337	43	7246	5676245	ITS2
7406	C	-	-	INDEL	chr22	chr22_operon_21	5669000	5682337	43	7363	5676362	ITS2
7428	G	GC	G-	INDEL	chr22	chr22_operon_21	5669000	5682337	44	7384	5676383	ITS2
7434	G	C	C	SNP	chr22	chr22_operon_21	5669000	5682337	45	7389	5676388	ITS2
7549	T	C	T	SNP	chr22	chr22_operon_21	5669000	5682337	45	7504	5676503	ITS2
7699	C	T	C	SNP	chr22	chr22_operon_21	5669000	5682337	45	7654	5676653	ITS2
7790	T	G	T	SNP	chr22	chr22_operon_21	5669000	5682337	45	7745	5676744	ITS2
7810	C	T	C	SNP	chr22	chr22_operon_21	5669000	5682337	45	7765	5676764	ITS2
7829	T	C	T	SNP	chr22	chr22_operon_21	5669000	5682337	45	7784	5676783	ITS2
7833	C	G	G	SNP	chr22	chr22_operon_21	5669000	5682337	45	7788	5676787	ITS2
7842	G	GC	GC	INDEL	chr22	chr22_operon_21	5669000	5682337	45	7797	5676796	ITS2
8024	A	G	G	SNP	chr22	chr22_operon_21	5669000	5682337	45	7979	5676978	28S
8622	C	G	C	SNP	chr22	chr22_operon_21	5669000	5682337	45	8577	5677576	28S
8728	CCGT	-	----	INDEL	chr22	chr22_operon_21	5669000	5682337	45	8683	5677682	28S
8746	G	/GT	G-	INDEL	chr22	chr22_operon_21	5669000	5682337	49	8697	5677696	28S
8748	T	C/-	T	SNP	chr22	chr22_operon_21	5669000	5682337	50	8698	5677697	28S
8749	C	-	C	INDEL	chr22	chr22_operon_21	5669000	5682337	50	8699	5677698	28S
8750	C	G/-	C	SNP	chr22	chr22_operon_21	5669000	5682337	50	8700	5677699	28S
8813	GGC	-	GGC	INDEL	chr22	chr22_operon_21	5669000	5682337	50	8763	5677762	28S
8816	GGC	-	GGC	INDEL	chr22	chr22_operon_21	5669000	5682337	50	8766	5677765	28S
8827	T	CGGT/C	T---	INDEL	chr22	chr22_operon_21	5669000	5682337	50	8777	5677776	28S
8831	GGC	-	GGC	INDEL	chr22	chr22_operon_21	5669000	5682337	53	8778	5677777	28S
8836	C	CGGT/T/TGGC/CGGC	C---	INDEL	chr22	chr22_operon_21	5669000	5682337	53	8783	5677782	28S
8842	C	T	C	SNP	chr22	chr22_operon_21	5669000	5682337	56	8786	5677785	28S
8846	GG	-	GG	INDEL	chr22	chr22_operon_21	5669000	5682337	56	8790	5677789	28S
8848	C	/CGGG/CGGC	C---	INDEL	chr22	chr22_operon_21	5669000	5682337	56	8792	5677791	28S
8867	A	AC	AC	INDEL	chr22	chr22_operon_21	5669000	5682337	59	8808	5677807	28S
8886	G	GC	G-	INDEL	chr22	chr22_operon_21	5669000	5682337	59	8827	5677826	28S
9108	G	T	G	SNP	chr22	chr22_operon_21	5669000	5682337	60	9048	5678047	28S
9120	C	T	C	SNP	chr22	chr22_operon_21	5669000	5682337	60	9060	5678059	28S
9186	G	-	-	INDEL	chr22	chr22_operon_21	5669000	5682337	60	9126	5678125	28S
10121	G	GGGC/GGGCGGC	G------	INDEL	chr22	chr22_operon_21	5669000	5682337	61	10060	5679059	28S
10128	GGC	-	GGC	INDEL	chr22	chr22_operon_21	5669000	5682337	67	10061	5679060	28S
10137	GGCG	-	GGCG	INDEL	chr22	chr22_operon_21	5669000	5682337	67	10070	5679069	28S
10141	G	GC/	G-	INDEL	chr22	chr22_operon_21	5669000	5682337	67	10074	5679073	28S
10143	C	-/G	C	SNP	chr22	chr22_operon_21	5669000	5682337	68	10075	5679074	28S
10144	G	-	G	INDEL	chr22	chr22_operon_21	5669000	5682337	68	10076	5679075	28S
10145	G	-/C	G	SNP	chr22	chr22_operon_21	5669000	5682337	68	10077	5679076	28S
10149	T	G	T	SNP	chr22	chr22_operon_21	5669000	5682337	68	10081	5679080	28S
10153	T	-	T	INDEL	chr22	chr22_operon_21	5669000	5682337	68	10085	5679084	28S
10155	G	T	G	SNP	chr22	chr22_operon_21	5669000	5682337	68	10087	5679086	28S
10157	G	T	G	SNP	chr22	chr22_operon_21	5669000	5682337	68	10089	5679088	28S
10158	T	G/C	T	SNP	chr22	chr22_operon_21	5669000	5682337	68	10090	5679089	28S
10159	C	-	C	INDEL	chr22	chr22_operon_21	5669000	5682337	68	10091	5679090	28S
10160	C	T/G	C	SNP	chr22	chr22_operon_21	5669000	5682337	68	10092	5679091	28S
10161	T	-	T	INDEL	chr22	chr22_operon_21	5669000	5682337	68	10093	5679092	28S
10162	C	T/-	C	SNP	chr22	chr22_operon_21	5669000	5682337	68	10094	5679093	28S
10163	C	-	C	INDEL	chr22	chr22_operon_21	5669000	5682337	68	10095	5679094	28S
10164	C	TCCC/CCC/CCCG/CCCC	C---	INDEL	chr22	chr22_operon_21	5669000	5682337	68	10096	5679095	28S
10168	C	-/G	C	SNP	chr22	chr22_operon_21	5669000	5682337	71	10097	5679096	28S
10169	C	-	C	INDEL	chr22	chr22_operon_21	5669000	5682337	71	10098	5679097	28S
10170	G	CCC/GCC/GC/CC/C	GCC	INDEL	chr22	chr22_operon_21	5669000	5682337	71	10099	5679098	28S
10399	G	GTT	G--	INDEL	chr22	chr22_operon_21	5669000	5682337	71	10328	5679327	28S
10447	T	C	C	SNP	chr22	chr22_operon_21	5669000	5682337	73	10374	5679373	28S
10942	G	GC	G-	INDEL	chr22	chr22_operon_21	5669000	5682337	73	10869	5679868	28S
10979	T	C	T	SNP	chr22	chr22_operon_21	5669000	5682337	74	10905	5679904	28S
11019	A	G	G	SNP	chr22	chr22_operon_21	5669000	5682337	74	10945	5679944	28S
11028	C	CCTCT/CCT	C----	INDEL	chr22	chr22_operon_21	5669000	5682337	74	10954	5679953	28S
11108	G	GGA	G--	INDEL	chr22	chr22_operon_21	5669000	5682337	78	11030	5680029	28S
11126	G	T	G	SNP	chr22	chr22_operon_21	5669000	5682337	80	11046	5680045	28S
11143	G	GC	GC	INDEL	chr22	chr22_operon_21	5669000	5682337	80	11063	5680062	28S
11145	CCGCCGCGGGGCCCCGGCGGCGGGGG	-	CCGCCGCGGGGCCCCGGCGGCGGGGG	INDEL	chr22	chr22_operon_21	5669000	5682337	80	11065	5680064	28S
11316	C	-	C	INDEL	chr22	chr22_operon_21	5669000	5682337	80	11236	5680235	28S
11320	C	CCCC/CCCCCA/CC/CCCCA	CCCCCA	INDEL	chr22	chr22_operon_21	5669000	5682337	80	11240	5680239	28S
11336	A	G	A	SNP	chr22	chr22_operon_21	5669000	5682337	80	11256	5680255	28S
11398	C	T	C	SNP	chr22	chr22_operon_21	5669000	5682337	80	11318	5680317	28S
11476	C	CGCG/CGCGGCGGCG/CGCGGCG	CGCG------	INDEL	chr22	chr22_operon_21	5669000	5682337	80	11396	5680395	28S
11492	GCGGCGGC	-	GCGGCGGC	INDEL	chr22	chr22_operon_21	5669000	5682337	86	11406	5680405	28S
11500	G	A/-	A	SNP	chr22	chr22_operon_21	5669000	5682337	86	11414	5680413	28S
11891	G	-	G	INDEL	chr22	chr22_operon_21	5669000	5682337	86	11805	5680804	28S
11979	C	T	C	SNP	chr22	chr22_operon_21	5669000	5682337	86	11893	5680892	28S
12345	T	TTTTGGG	T------	INDEL	chr22	chr22_operon_21	5669000	5682337	86	12259	5681258	28S
12797	G	GC/GCC	GC-	INDEL	chr22	chr22_operon_21	5669000	5682337	92	12705	5681704	28S
12811	A	G	A	SNP	chr22	chr22_operon_21	5669000	5682337	93	12718	5681717	28S
12821	C	T	C	SNP	chr22	chr22_operon_21	5669000	5682337	93	12728	5681727	28S
12907	T	C	C	SNP	chr22	chr22_operon_21	5669000	5682337	93	12814	5681813	28S
13072	CG	-	--	INDEL	chr22	chr22_operon_21	5669000	5682337	93	12979	5681978	28S
13074	CG	-	CG	INDEL	chr22	chr22_operon_21	5669000	5682337	95	12979	5681978	28S
13076	CGCG	-	CGCG	INDEL	chr22	chr22_operon_21	5669000	5682337	95	12981	5681980	ETS_3p
13080	C	CGCGC	C----	INDEL	chr22	chr22_operon_21	5669000	5682337	95	12985	5681984	ETS_3p
13085	GCGC	-	GCGC	INDEL	chr22	chr22_operon_21	5669000	5682337	99	12986	5681985	ETS_3p
13089	GCGCGT	-	GCGCGT	INDEL	chr22	chr22_operon_21	5669000	5682337	99	12990	5681989	ETS_3p
13201	T	TGGG/TGG/TGGGGGTGGGG	T----------	INDEL	chr22	chr22_operon_21	5669000	5682337	99	13102	5682101	ETS_3p
13415	T	TG	T-	INDEL	chr22	chr22_operon_21	5669000	5682337	109	13306	5682305	ETS_3p
